rank,company,ticker,cik,public_float_usd,public_float,tier
1,UNIVERSAL DISPLAY CORP \PA\,OLED,1005284,6792425456000,"$6,792.4B",mega
2,ONTO INNOVATION INC.,ONTO,704532,4817275689000,"$4,817.3B",mega
3,TTM TECHNOLOGIES INC,TTMI,1116942,4165937635000,"$4,165.9B",mega
4,"Champion Homes, Inc.",SKY,90896,4135959950000,"$4,136.0B",mega
5,NVIDIA CORP,NVDA,1045810,4000000000000,"$4,000.0B",mega
6,MICROSOFT CORP,MSFT,789019,3600000000000,"$3,600.0B",mega
7,NOVANTA INC,NOVTU,1076930,3496559430000,"$3,496.6B",mega
8,Apple Inc.,AAPL,320193,3253431000000,"$3,253.4B",mega
9,MCGRATH RENTCORP,MGRC,752714,2853953135000,"$2,854.0B",mega
10,"Enova International, Inc.",ENVA,1529864,2669865303000,"$2,669.9B",mega
11,RenX Enterprises Corp.,RENX,1959023,2290409000000,"$2,290.4B",mega
12,AMAZON COM INC,AMZN,1018724,2118061430046,"$2,118.1B",mega
13,"CLEANSPARK, INC.",CLSKW,827876,1967000000000,"$1,967.0B",mega
14,Alphabet Inc.,GOOGN,1652044,1900000000000,"$1,900.0B",mega
15,"Meta Platforms, Inc.",META,1326801,1600000000000,"$1,600.0B",mega
16,CIK 1744659,,1744659,1569636109000,"$1,569.6B",mega
17,TRUSTMARK CORP,TRMK,36146,961600000000,$961.6B,mega
18,HIVE Digital Technologies Ltd.,HIVE,1720424,950740231000,$950.7B,mega
19,Broadcom Inc.,AVGO,1730168,939200000000,$939.2B,mega
20,BERKSHIRE HATHAWAY INC,BRK-A,1067983,902700000000,$902.7B,mega
21,"Tesla, Inc.",TSLA,1318605,892930000000,$892.9B,mega
22,Gentherm Inc,THRM,903129,853967174000,$854.0B,mega
23,"Select Water Solutions, Inc.",WTTR,1693256,837400000000,$837.4B,mega
24,ELI LILLY & Co,LLY,59478,807887000000,$807.9B,mega
25,JPMORGAN CHASE & CO,JPM-PM,19617,794433813496,$794.4B,mega
26,CIK 1853513,,1853513,603562916000,$603.6B,mega
27,VISA INC.,V,1403161,601100000000,$601.1B,mega
28,NETFLIX INC,NFLX,1065280,565657747980,$565.7B,mega
29,Mastercard Inc,MA,1141391,505000000000,$505.0B,mega
30,COSTCO WHOLESALE CORP /NEW,COST,909832,475200000000,$475.2B,mega
31,CIK 34088,,34088,460000000000,$460.0B,mega
32,Repay Holdings Corp,RPAY,1720592,399708338000,$399.7B,mega
33,Walmart Inc.,WMT,104169,391703475732,$391.7B,mega
34,"HOME DEPOT, INC.",HD,354950,371800000000,$371.8B,mega
35,JOHNSON & JOHNSON,JNJ,200406,367000000000,$367.0B,mega
36,BANK OF AMERICA CORP /DE/,BML-PJ,70858,351903673230,$351.9B,mega
37,"CIVISTA BANCSHARES, INC.",CIVB,944745,351125166000,$351.1B,mega
38,ORACLE CORP,ORCL-PD,1341439,346760150000,$346.8B,mega
39,PROCTER & GAMBLE Co,PG,80424,333000000000,$333.0B,mega
40,AbbVie Inc.,ABBV,1551152,325061294916,$325.1B,mega
41,COCA COLA CO,KO,21344,300552956545,$300.6B,mega
42,Palantir Technologies Inc.,PLTR,1321655,299300000000,$299.3B,mega
43,Philip Morris International Inc.,PM,1413329,283000000000,$283.0B,mega
44,UNITEDHEALTH GROUP INC,UNH,731766,281907836350,$281.9B,mega
45,INTERNATIONAL BUSINESS MACHINES CORP,IBM,51143,274500000000,$274.5B,mega
46,CIK 1823000,,1823000,270424700000,$270.4B,mega
47,GENERAL ELECTRIC CO,GE,40545,270200000000,$270.2B,mega
48,WELLS FARGO & COMPANY/MN,WFC-PZ,72971,257300000000,$257.3B,mega
49,"CISCO SYSTEMS, INC.",CSCO,858877,247500000000,$247.5B,mega
50,CHEVRON CORP,CVX,93410,247400000000,$247.4B,mega
51,CRAWFORD & CO,CRD-B,25475,239809090000,$239.8B,mega
52,"MasterCraft Boat Holdings, Inc.",MCFT,1638290,236100000000,$236.1B,mega
53,ADVANCED MICRO DEVICES INC,AMD,2488,232300000000,$232.3B,mega
54,ABBOTT LABORATORIES,ABT,1800,232169255381,$232.2B,mega
55,AMERICAN EXPRESS CO,AXP,4962,221800000000,$221.8B,mega
56,LINDE PLC,LIN,1707925,220000000000,$220.0B,mega
57,Accenture plc,ACN,1467373,218315987018,$218.3B,mega
58,MORGAN STANLEY,MS-PQ,895421,217968854713,$218.0B,mega
59,GOLDMAN SACHS GROUP INC,GS-PD,886982,213200000000,$213.2B,mega
60,MCDONALDS CORP,MCD,63908,208464334129,$208.5B,mega
61,AT&T INC.,T-PC,732717,207000000000,$207.0B,mega
62,CIK 1693011,,1693011,199349178000,$199.3B,mega
63,"Merck & Co., Inc.",MRK,310158,198051000000,$198.1B,mega
64,RTX Corp,RTX,101829,195405729090,$195.4B,mega
65,INTUITIVE SURGICAL INC,ISRG,1035267,193900000000,$193.9B,mega
66,"Salesforce, Inc.",CRM,1108524,191800000000,$191.8B,mega
67,TEXAS INSTRUMENTS INC,TXN,97476,188509303179,$188.5B,mega
68,"Uber Technologies, Inc",UBER,1543151,187600000000,$187.6B,mega
69,Booking Holdings Inc.,BKNG,1075531,187400000000,$187.4B,mega
70,VERIZON COMMUNICATIONS INC,VZ,732712,182400000000,$182.4B,mega
71,CATERPILLAR INC,CAT,18230,180900000000,$180.9B,mega
72,PEPSICO INC,PEP,77476,179000000000,$179.0B,mega
73,LAM RESEARCH CORP,LRCX,707549,178309002956,$178.3B,mega
74,Walt Disney Co,DIS,1744489,176600000000,$176.6B,mega
75,"ServiceNow, Inc.",NOW,1373715,175700000000,$175.7B,mega
76,QUALCOMM INC/DE,QCOM,804328,167900000000,$167.9B,mega
77,INTUIT INC.,INTU,896878,164200000000,$164.2B,mega
78,S&P Global Inc.,SPGI,64040,161000000000,$161.0B,mega
79,KLA CORP,KLAC,319201,159300000000,$159.3B,mega
80,"BlackRock, Inc.",BLK,2012383,159000000000,$159.0B,mega
81,BOSTON SCIENTIFIC CORP,BSX,885725,158700000000,$158.7B,mega
82,BOEING CO,BA-PA,12927,158300000000,$158.3B,mega
83,SCHWAB CHARLES CORP,SCHW-PD,316709,156300000000,$156.3B,mega
84,CITIGROUP INC,C-PR,831001,156200000000,$156.2B,mega
85,PROGRESSIVE CORP/OH/,PGR,80661,155911082530,$155.9B,mega
86,THERMO FISHER SCIENTIFIC INC.,TMO,97745,154038987000,$154.0B,mega
87,AMGEN INC,AMGN,318154,150100000000,$150.1B,mega
88,HONEYWELL INTERNATIONAL INC,HON,773840,145300000000,$145.3B,mega
89,ADOBE INC.,ADBE,796343,144940000000,$144.9B,mega
90,STRYKER CORP,SYK,310764,144306436547,$144.3B,mega
91,GE Vernova Inc.,GEV,1996810,144000000000,$144.0B,mega
92,NEXTERA ENERGY INC,NEE-PS,753308,142860484569,$142.9B,mega
93,SHOPIFY INC.,SHOP,1594805,140315345495,$140.3B,mega
94,TJX COMPANIES INC /DE/,TJX,109198,140000000000,$140.0B,mega
95,Eaton Corp plc,ETN,1551182,139000000000,$139.0B,mega
96,PFIZER INC,PFE,78003,138000000000,$138.0B,mega
97,UNION PACIFIC CORP,UNP,100885,136100000000,$136.1B,mega
98,CAPITAL ONE FINANCIAL CORP,COF-PN,927628,135200000000,$135.2B,mega
99,COMCAST CORP,CCZ,1166691,130745000000,$130.7B,mega
100,LOWES COMPANIES INC,LOW,60667,126900000000,$126.9B,mega
101,DANAHER CORP /DE/,DHR,313616,125900000000,$125.9B,mega
102,DEERE & CO,DE,315189,124313866554,$124.3B,mega
103,MERCADOLIBRE INC,MELI,1099590,122884971142,$122.9B,mega
104,APPLIED MATERIALS INC /DE,AMAT,6951,121318219350,$121.3B,mega
105,Medtronic plc,MDT,1613103,120100000000,$120.1B,mega
106,Palo Alto Networks Inc,PANW,1327567,119700000000,$119.7B,mega
107,CIK 1604950,,1604950,118269088000,$118.3B,mega
108,Chubb Ltd,CB,896159,115000000000,$115.0B,mega
109,"FORRESTER RESEARCH, INC.",FORR,1023313,114000000000,$114.0B,mega
110,VERTEX PHARMACEUTICALS INC / MA,VRTX,875320,113400000000,$113.4B,mega
111,"T-Mobile US, Inc.",TMUSL,1283699,112400000000,$112.4B,mega
112,CONOCOPHILLIPS,COP,1163165,112000000000,$112.0B,mega
113,STARBUCKS CORP,SBUX,829224,111000000000,$111.0B,mega
114,Parker-Hannifin Corp,PH,76334,110763388251,$110.8B,mega
115,"CrowdStrike Holdings, Inc.",CRWD,1535527,109300000000,$109.3B,mega
116,Blackstone Inc.,BX,1393818,108900000000,$108.9B,mega
117,"MARSH & MCLENNAN COMPANIES, INC.",MRSH,62709,107422546097,$107.4B,mega
118,LOCKHEED MARTIN CORP,LMT,936468,106500000000,$106.5B,mega
119,AMPHENOL CORP /DE/,APH,820313,106029000000,$106.0B,mega
120,"Arista Networks, Inc.",ANET,1596532,105600000000,$105.6B,mega
121,Strategy Inc,STRD,1050446,105450000000,$105.5B,mega
122,"Intercontinental Exchange, Inc.",ICE,1571949,104400000000,$104.4B,mega
123,AUTOMATIC DATA PROCESSING INC,ADP,8670,103569897016,$103.6B,mega
124,AMERICAN TOWER CORP /MA/,AMT,1053507,103400000000,$103.4B,mega
125,"GILEAD SCIENCES, INC.",GILD,882095,103200000000,$103.2B,mega
126,AppLovin Corp,APP,1751008,102700000000,$102.7B,mega
127,WELLTOWER INC.,WELL,766704,102303567000,$102.3B,mega
128,SOUTHERN CO,SOMN,92122,101000000000,$101.0B,mega
129,Constellation Energy Corp,CEG,1868275,100560269473,$100.6B,mega
130,INTEL CORP,INTC,50863,99300000000,$99.3B,mega
131,CME GROUP INC.,CME,1156375,98900000000,$98.9B,mega
132,ENBRIDGE INC,ENBNF,895728,98800000000,$98.8B,mega
133,"ALTRIA GROUP, INC.",MO,764180,98000000000,$98.0B,mega
134,"Prologis, Inc.",PLDGP,1045609,97322102425,$97.3B,mega
135,Trane Technologies plc,TT,1466258,97200000000,$97.2B,mega
136,MCKESSON CORP,MCK,927653,95300000000,$95.3B,mega
137,BRISTOL MYERS SQUIBB CO,CELG-RI,14272,94188864457,$94.2B,mega
138,FISERV INC,FISV,798354,93881636110,$93.9B,mega
139,SPDR GOLD TRUST,GLD,1222333,93451270652,$93.5B,mega
140,WASTE MANAGEMENT INC,WM,823768,92000000000,$92.0B,mega
141,Duke Energy CORP,DUKU,1326160,91703190830,$91.7B,mega
142,KKR & Co. Inc.,KKRS,1404912,91100000000,$91.1B,mega
143,"DoorDash, Inc.",DASH,1792789,90800000000,$90.8B,mega
144,Cigna Group,CI,1739940,88000000000,$88.0B,mega
145,"Elevance Health, Inc.",ELV,1156039,87349478366,$87.3B,mega
146,"Mondelez International, Inc.",MDLZ,1103982,87100000000,$87.1B,mega
147,MOODYS CORP /DE/,MCO,1059556,87000000000,$87.0B,mega
148,CVS HEALTH Corp,CVS,64803,86382523283,$86.4B,mega
149,MICRON TECHNOLOGY INC,MU,723125,85700000000,$85.7B,mega
150,SHERWIN WILLIAMS CO,SHW,89800,85532942889,$85.5B,mega
151,CADENCE DESIGN SYSTEMS INC,CDNS,813672,83968000000,$84.0B,mega
152,ANALOG DEVICES INC,ADI,6281,81121000000,$81.1B,mega
153,3M CO,MMM,66740,81100000000,$81.1B,mega
154,"NIKE, Inc.",NKE,320187,80529120635,$80.5B,mega
155,ROYAL CARIBBEAN CRUISES LTD,RCL,884887,79100000000,$79.1B,mega
156,EQUINIX INC,EQIX,1101239,77800000000,$77.8B,mega
157,"REPUBLIC SERVICES, INC.",RSG,1060391,77000000000,$77.0B,mega
158,Aon plc,AON,315293,76965213677,$77.0B,mega
159,TransDigm Group INC,TDG,1260221,76426902522,$76.4B,mega
160,Howmet Aerospace Inc.,HWM,4281,75000000000,$75.0B,mega
161,CINTAS CORP,CTAS,723254,74381019287,$74.4B,mega
162,UNITED PARCEL SERVICE INC,UPS,1090727,74239665022,$74.2B,mega
163,"Coinbase Global, Inc.",COIN,1679788,74200000000,$74.2B,mega
164,iShares Bitcoin Trust ETF,IBIT,1980994,74190144855,$74.2B,mega
165,Snowflake Inc.,SNOW,1640147,73500000000,$73.5B,mega
166,COLGATE PALMOLIVE CO,CL,21665,73400000000,$73.4B,mega
167,"PNC FINANCIAL SERVICES GROUP, INC.",PNC,713676,73200000000,$73.2B,mega
168,CANADIAN PACIFIC KANSAS CITY LTD/CN,CP,16875,72746204564,$72.7B,mega
169,ILLINOIS TOOL WORKS INC,ITW,49826,71900000000,$71.9B,mega
170,NORTHROP GRUMMAN CORP /DE/,NOC,1133421,71500000000,$71.5B,mega
171,"PayPal Holdings, Inc.",PYPL,1633917,71300000000,$71.3B,mega
172,"Robinhood Markets, Inc.",HOOD,1783879,71300000000,$71.3B,mega
173,Arthur J. Gallagher & Co.,AJG,354190,71117000000,$71.1B,mega
174,US BANCORP \DE\,USB-PS,36104,70500000000,$70.5B,mega
175,GENERAL DYNAMICS CORP,GD,40533,69581612877,$69.6B,mega
176,Zoetis Inc.,ZTS,1555280,69233000000,$69.2B,mega
177,"WILLIAMS COMPANIES, INC.",WMB,107263,67728227765,$67.7B,mega
178,ECOLAB INC.,ECL,31462,67088288734,$67.1B,mega
179,"Air Products & Chemicals, Inc.",APD,2969,65600000000,$65.6B,mega
180,Roblox Corp,RBLX,1315098,65500000000,$65.5B,mega
181,BECTON DICKINSON & CO,BDX,10795,65472902857,$65.5B,mega
182,Vistra Corp.,VST,1692819,65311459773,$65.3B,mega
183,EOG RESOURCES INC,EOG,821189,65231000000,$65.2B,mega
184,Seagate Technology Holdings plc,STX,1137789,65000000000,$65.0B,mega
185,FEDEX CORP,FDX,1048911,64600000000,$64.6B,mega
186,"Autodesk, Inc.",ADSK,769397,64500000000,$64.5B,mega
187,Bank of New York Mellon Corp,BNY-PK,1390777,64230991381,$64.2B,mega
188,"Marvell Technology, Inc.",MRVL,1835632,64119895583,$64.1B,mega
189,NEWMONT Corp /DE/,NEMCL,1164727,64108664771,$64.1B,mega
190,CHIPOTLE MEXICAN GRILL INC,CMG,1058090,64000000000,$64.0B,mega
191,O REILLY AUTOMOTIVE INC,ORLY,898173,63300585790,$63.3B,mega
192,"HCA Healthcare, Inc.",HCA,860730,63269000000,$63.3B,mega
193,"AXON ENTERPRISE, INC.",AXON,1069183,62200000000,$62.2B,mega
194,FREEPORT-MCMORAN INC,FCX,831259,61900000000,$61.9B,mega
195,CRH PUBLIC LTD CO,CRH,849395,61825009498,$61.8B,mega
196,Hilton Worldwide Holdings Inc.,HLT,1585689,61525000000,$61.5B,mega
197,EMERSON ELECTRIC CO,EMR,32604,61500000000,$61.5B,mega
198,MARRIOTT INTERNATIONAL INC /MD/,MAR,1048286,61232412426,$61.2B,mega
199,CSX CORP,CSX,277948,61000000000,$61.0B,mega
200,"Motorola Solutions, Inc.",MSI,68505,61000000000,$61.0B,mega
201,ROPER TECHNOLOGIES INC,ROP,882835,60800000000,$60.8B,mega
202,"TRAVELERS COMPANIES, INC.",TRV,86312,59986121526,$60.0B,mega
203,SYNOPSYS INC,SNPS,883241,59300000000,$59.3B,mega
204,"DIGITAL REALTY TRUST, INC.",DLR-PJ,1297996,59000000000,$59.0B,mega
205,CARRIER GLOBAL Corp,CARR,1783180,58500000000,$58.5B,mega
206,"Apollo Global Management, Inc.",APOS,1858681,58394760022,$58.4B,mega
207,AUTOZONE INC,AZO,866787,57759306497,$57.8B,mega
208,NORFOLK SOUTHERN CORP,NSC,702165,57481458868,$57.5B,mega
209,"KINDER MORGAN, INC.",EP-PC,1506307,57054291328,$57.1B,mega
210,"Fortinet, Inc.",FTNT,1262039,56846175983,$56.8B,mega
211,Monster Beverage Corp,MNST,865752,56505471480,$56.5B,mega
212,"Airbnb, Inc.",ABNB,1559720,56200000000,$56.2B,mega
213,AMERICAN ELECTRIC POWER CO INC,AEP,4904,56119786438,$56.1B,mega
214,AFLAC INC,AFL,4977,56035389963,$56.0B,mega
215,Energy Transfer LP,ET-PI,1276187,55980000000,$56.0B,mega
216,"QUANTA SERVICES, INC.",PWR,1050915,55800000000,$55.8B,mega
217,TRUIST FINANCIAL CORP,TFC-PR,92230,55400000000,$55.4B,mega
218,"REGENERON PHARMACEUTICALS, INC.",REGN,872589,54800000000,$54.8B,mega
219,NXP Semiconductors N.V.,NXPI,1413447,54700000000,$54.7B,mega
220,METLIFE INC,MET-PF,1099219,53600000000,$53.6B,mega
221,"Cheniere Energy, Inc.",LNG,3570,53600000000,$53.6B,mega
222,ALLSTATE CORP,ALL-PB,899051,52830000000,$52.8B,mega
223,REALTY INCOME CORP,O,726728,52600000000,$52.6B,mega
224,Johnson Controls International plc,JCI,833444,52600000000,$52.6B,mega
225,SIMON PROPERTY GROUP INC.,SPG-PJ,1063761,52048000000,$52.0B,mega
226,COPART INC,CPRT,900075,51160400303,$51.2B,mega
227,ONEOK INC /NEW/,OKE,1039684,51100000000,$51.1B,mega
228,Marathon Petroleum Corp,MPC,1510295,50600000000,$50.6B,mega
229,"Corteva, Inc.",CTVA,1755672,50600000000,$50.6B,mega
230,Flutter Entertainment plc,FLUT,1635327,50370000000,$50.4B,mega
231,AMERIPRISE FINANCIAL INC,AMP,820027,50300000000,$50.3B,mega
232,"Workday, Inc.",WDAY,1327811,49500000000,$49.5B,mega
233,SEMPRA,SREA,1032208,49400000000,$49.4B,mega
234,PACCAR INC,PCAR,75362,49010000000,$49.0B,mega
235,CIK 712515,,712515,48323000000,$48.3B,mega
236,Vertiv Holdings Co,VRT,1674101,48225235174,$48.2B,mega
237,Phillips 66,PSX,1534701,48200000000,$48.2B,mega
238,"DOMINION ENERGY, INC",D,715957,48200000000,$48.2B,mega
239,CARDINAL HEALTH INC,CAH,721371,48192692777,$48.2B,mega
240,"Waste Connections, Inc.",WCN,1318220,48127773335,$48.1B,mega
241,FASTENAL CO,FAST,815556,48111881160,$48.1B,mega
242,"AMERICAN INTERNATIONAL GROUP, INC.",AIG,5272,47910000000,$47.9B,mega
243,WESTERN DIGITAL CORP,WDC,106040,47690000000,$47.7B,mega
244,TAKE TWO INTERACTIVE SOFTWARE INC,TTWO,946581,47087317833,$47.1B,mega
245,General Motors Co,GM,1467858,47000000000,$47.0B,mega
246,ISHARES GOLD TRUST,IAU,1278680,46389389528,$46.4B,mega
247,KROGER CO,KR,56873,46100000000,$46.1B,mega
248,"L3HARRIS TECHNOLOGIES, INC. /DE/",LHX,202058,46020545333,$46.0B,mega
249,Edwards Lifesciences Corp,EW,1099800,45899189298,$45.9B,mega
250,SLB LIMITED/NV,SLB,87347,45580000000,$45.6B,mega
251,ENTERPRISE PRODUCTS PARTNERS L.P.,EPDU,1061219,45380000000,$45.4B,mega
252,TARGET CORP,TGT,27419,45284343058,$45.3B,mega
253,LION COPPER & GOLD CORP.,LCGMF,1339688,45271707000,$45.3B,mega
254,CUMMINS INC,CMI,26172,45100000000,$45.1B,mega
255,CORNING INC /NY,GLW,24741,45000000000,$45.0B,mega
256,Keurig Dr Pepper Inc.,KDP,1418135,44800000000,$44.8B,mega
257,CROWN CASTLE INC.,CCI,1051470,44700000000,$44.7B,mega
258,Public Storage,PSA-PS,1393311,44239441000,$44.2B,mega
259,EXELON CORP,EXC,1109357,43835664870,$43.8B,mega
260,CIK 81061,,81061,43829000000,$43.8B,mega
261,CARVANA CO.,CVNA,1690820,43800000000,$43.8B,mega
262,"ROSS STORES, INC.",ROST,745732,43685150538,$43.7B,mega
263,MSCI Inc.,MSCI,1408198,43149826814,$43.1B,mega
264,"Datadog, Inc.",DDOG,1561550,43000000000,$43.0B,mega
265,IDEXX LABORATORIES INC /DE,IDXX,874716,42899749759,$42.9B,mega
266,Ferguson Enterprises Inc. /DE/,FERG,2011641,42870902857,$42.9B,mega
267,KIMBERLY CLARK CORP,KMB,55785,42800000000,$42.8B,mega
268,"UNITED RENTALS, INC.",URI,1067701,42700000000,$42.7B,mega
269,"ALNYLAM PHARMACEUTICALS, INC.",ALNY,1178670,42630000000,$42.6B,mega
270,VEEVA SYSTEMS INC,VEEV,1393052,42600000000,$42.6B,mega
271,"Verisk Analytics, Inc.",VRSK,1442145,42587525686,$42.6B,mega
272,"Fidelity National Information Services, Inc.",FIS,1136893,42560250917,$42.6B,mega
273,FORD MOTOR CO,F-PD,37996,42411872532,$42.4B,mega
274,TE Connectivity plc,TEL,1385157,42200000000,$42.2B,mega
275,PUBLIC SERVICE ENTERPRISE GROUP INC,PEG,788784,41911658020,$41.9B,mega
276,VALERO ENERGY CORP/TX,VLO,1035002,41800000000,$41.8B,mega
277,AMETEK INC/,AME,1037868,41800000000,$41.8B,mega
278,"CBRE GROUP, INC.",CBRE,1138118,41500000000,$41.5B,mega
279,OCCIDENTAL PETROLEUM CORP /DE/,OXY-WT,797468,41400000000,$41.4B,mega
280,"W.W. GRAINGER, INC.",GWW,277135,41053116330,$41.1B,mega
281,CIK 4447,,4447,41004000000,$41.0B,mega
282,YUM BRANDS INC,YUM,1041061,41000000000,$41.0B,mega
283,"NASDAQ, INC.",NDAQ,1120193,40600000000,$40.6B,mega
284,Sandisk Corp,SNDK,2023554,40500000000,$40.5B,mega
285,XCEL ENERGY INC,XELLL,72903,40260845645,$40.3B,mega
286,"CoreWeave, Inc.",CRWV,1769628,39600000000,$39.6B,mega
287,Kenvue Inc.,KVUE,1944048,39600000000,$39.6B,mega
288,"Block, Inc.",BSQKZ,1512673,39400000000,$39.4B,mega
289,Dell Technologies Inc.,DELL,1571996,39200000000,$39.2B,mega
290,HORTON D R INC /DE/,DHI,882184,39000000000,$39.0B,mega
291,Otis Worldwide Corp,OTIS,1781335,38824474742,$38.8B,mega
292,COGNIZANT TECHNOLOGY SOLUTIONS CORP,CTSH,1058290,38100000000,$38.1B,mega
293,"Cencora, Inc.",COR,1140859,37887695618,$37.9B,mega
294,PRUDENTIAL FINANCIAL INC,PRS,1137774,37810000000,$37.8B,mega
295,Baker Hughes Co,BKR,1701605,37733037083,$37.7B,mega
296,"Circle Internet Group, Inc.",CRCL,1876042,37600000000,$37.6B,mega
297,PG&E Corp,PCG-PX,1004980,37246000000,$37.2B,mega
298,"CHARTER COMMUNICATIONS, INC. /MO/",CHTRP,1091667,37100000000,$37.1B,mega
299,ENTERGY CORP /DE/,ETR,65984,37100000000,$37.1B,mega
300,Targa Resources Corp.,TRGP,1389170,37012700000,$37.0B,mega
301,CONSOLIDATED EDISON INC,ED,1047862,36200000000,$36.2B,mega
302,FAIR ISAAC CORP,FICO,814547,36060682209,$36.1B,mega
303,"HARTFORD INSURANCE GROUP, INC.",HIG-PG,874766,36000000000,$36.0B,mega
304,PAYCHEX INC,PAYX,723531,35959981648,$36.0B,mega
305,"Cloudflare, Inc.",NET,1477333,35700000000,$35.7B,mega
306,SYSCO CORP,SYY,96021,35217557254,$35.2B,mega
307,RESMED INC,RSMDF,943819,34917180979,$34.9B,mega
308,EQT Corp,EQT,33213,34700000000,$34.7B,mega
309,COHERENT CORP.,COHR,820318,34498305389,$34.5B,mega
310,Vulcan Materials CO,VMC,1396009,34416549004,$34.4B,mega
311,VICI PROPERTIES INC.,VICI,1705696,34400000000,$34.4B,mega
312,GARMIN LTD,GRMN,1121788,34219000000,$34.2B,mega
313,DEXCOM INC,DXCM,1093557,34200000000,$34.2B,mega
314,EBAY INC,EBAY,1065088,34086444146,$34.1B,mega
315,GE HealthCare Technologies Inc.,GEHC,1932393,34000000000,$34.0B,mega
316,MICROCHIP TECHNOLOGY INC,MCHPP,827054,34000000000,$34.0B,mega
317,"COSTAR GROUP, INC.",CSGP,1057352,33900000000,$33.9B,mega
318,"Coupang, Inc.",CPNG,1834584,33600000000,$33.6B,mega
319,"WEC ENERGY GROUP, INC.",WEC,783325,33500000000,$33.5B,mega
320,Ingersoll Rand Inc.,IR,1699150,33000000000,$33.0B,mega
321,ARCH CAPITAL GROUP LTD.,ACGLO,947484,33000000000,$33.0B,mega
322,CIK 1393612,,1393612,32800000000,$32.8B,mega
323,EQUIFAX INC,EFX,33185,32108903494,$32.1B,mega
324,Liberty Media Corp,FWONB,1560385,32100000000,$32.1B,mega
325,"DELTA AIR LINES, INC.",DAL,27904,32100000000,$32.1B,mega
326,"Trade Desk, Inc.",TTD,1671933,32045240502,$32.0B,mega
327,"BROWN & BROWN, INC.",BRO,79282,31616025136,$31.6B,mega
328,NUCOR CORP,NUE,73309,31440000000,$31.4B,mega
329,WESTINGHOUSE AIR BRAKE TECHNOLOGIES CORP,WAB,943452,31100000000,$31.1B,mega
330,Xylem Inc.,XYL,1524472,31000000000,$31.0B,mega
331,Extra Space Storage Inc.,EXR,1289490,30991880775,$31.0B,mega
332,"OLD DOMINION FREIGHT LINE, INC.",ODFL,878927,30418290020,$30.4B,mega
333,STATE STREET CORP,STT-PG,93751,30310000000,$30.3B,mega
334,GARTNER INC,IT,749251,30300000000,$30.3B,mega
335,Credo Technology Group Holding Ltd,CRDO,1807794,30000000000,$30.0B,mega
336,WILLIS TOWERS WATSON PLC,WTW,1140536,29918279975,$29.9B,mega
337,LPL Financial Holdings Inc.,LPLA,1397911,29900000000,$29.9B,mega
338,IRON MOUNTAIN INC,IRM,1020569,29800000000,$29.8B,mega
339,M&T BANK CORP,MTB-PJ,36270,29618092321,$29.6B,mega
340,HUMANA INC,HUM,49071,29182689695,$29.2B,mega
341,"ROCKWELL AUTOMATION, INC",ROK,1024478,29100000000,$29.1B,mega
342,AVALONBAY COMMUNITIES INC,AVB,915912,28875214928,$28.9B,mega
343,MARTIN MARIETTA MATERIALS INC,MLM,916076,28822918628,$28.8B,mega
344,"Ventas, Inc.",VTR,740260,28600000000,$28.6B,mega
345,HEICO CORP,HEI-A,46619,28298175000,$28.3B,mega
346,HUBSPOT INC,HUBS,1404655,28297314702,$28.3B,mega
347,RAYMOND JAMES FINANCIAL INC,RJF,720005,28106525241,$28.1B,mega
348,"Warner Bros. Discovery, Inc.",WBD,1437107,28000000000,$28.0B,mega
349,Atlassian Corp,TEAM,1650372,27600000000,$27.6B,mega
350,Amrize Ltd,AMRZ,2035989,27362509572,$27.4B,mega
351,DTE ENERGY CO,DTB,936340,27300000000,$27.3B,mega
352,CENTENE CORP,CNC,1071739,26700000000,$26.7B,mega
353,"NRG ENERGY, INC.",NRG,1013871,26643647974,$26.6B,mega
354,"AGILENT TECHNOLOGIES, INC.",A,1090872,26600000000,$26.6B,mega
355,"Great Elm Group, Inc.",GEGGL,1831096,26595541000,$26.6B,mega
356,"TAPESTRY, INC.",TPR,1116132,26530000000,$26.5B,mega
357,IQVIA HOLDINGS INC.,IQV,1478242,26500000000,$26.5B,mega
358,ESTEE LAUDER COMPANIES INC,EL,1001250,26000000000,$26.0B,mega
359,AMEREN CORP,AEE,1002910,25948493142,$25.9B,mega
360,"BROADRIDGE FINANCIAL SOLUTIONS, INC.",BR,1383312,25945139278,$25.9B,mega
361,"Diamondback Energy, Inc.",FANG,1539838,25800000000,$25.8B,mega
362,GENERAL MILLS INC,GIS,40704,25787000000,$25.8B,mega
363,Veralto Corp,VLTO,1967680,25700000000,$25.7B,mega
364,PPG INDUSTRIES INC,PPG,79879,25642000000,$25.6B,mega
365,"United Airlines Holdings, Inc.",UAL,100517,25600000000,$25.6B,mega
366,VIVMARK RESIDENTIAL,VMRK,906107,25600000000,$25.6B,mega
367,TYLER TECHNOLOGIES INC,TYL,860731,25541975159,$25.5B,mega
368,Archer-Daniels-Midland Co,ADM,7084,25200000000,$25.2B,mega
369,SBA COMMUNICATIONS CORP,SBAC,1034054,25100000000,$25.1B,mega
370,Carnival Corp Ltd.,CCL,815097,25100000000,$25.1B,mega
371,DOVER Corp,DOV,29905,25034983332,$25.0B,mega
372,GoDaddy Inc.,GDDY,1609711,24900000000,$24.9B,mega
373,"CONSTELLATION BRANDS, INC.",STZ,16918,24900000000,$24.9B,mega
374,MARKEL GROUP INC.,MKL,1096343,24853000000,$24.9B,mega
375,Synchrony Financial,SYF-PB,1601712,24823465409,$24.8B,mega
376,"MONOLITHIC POWER SYSTEMS, INC.",MPWR,1280452,24700000000,$24.7B,mega
377,HERSHEY CO,HSY,47111,24680833539,$24.7B,mega
378,INTERNATIONAL PAPER CO /NEW/,INPAP,51434,24671507117,$24.7B,mega
379,LENNAR CORP /NEW/,LEN-B,920760,24643058075,$24.6B,mega
380,ATMOS ENERGY CORP,ATO,731802,24413133216,$24.4B,mega
381,"Cboe Global Markets, Inc.",CBOE,1374310,24400000000,$24.4B,mega
382,STERIS plc,STE,1757898,24222300000,$24.2B,mega
383,METTLER TOLEDO INTERNATIONAL INC/,MTD,1037646,24200000000,$24.2B,mega
384,HP INC,HPQ,47217,24121817659,$24.1B,mega
385,"Live Nation Entertainment, Inc.",LYV,1335258,24100000000,$24.1B,mega
386,HUNTINGTON BANCSHARES INC /MD/,HBANP,49196,24100000000,$24.1B,mega
387,NORTHERN TRUST CORP,NTRSO,73124,24100000000,$24.1B,mega
388,FIFTH THIRD BANCORP,FITB-PK,35527,23900000000,$23.9B,mega
389,CENTERPOINT ENERGY INC,CNP,1130310,23867105630,$23.9B,mega
390,TELEDYNE TECHNOLOGIES INC,TDY,1094285,23800000000,$23.8B,mega
391,"American Water Works Company, Inc.",AWK,1410636,23779400000,$23.8B,mega
392,"Interactive Brokers Group, Inc.",IBKR,1381197,23755862670,$23.8B,mega
393,EVERSOURCE ENERGY,ES,72741,23590442517,$23.6B,mega
394,CDW Corp,CDW,1402057,23377000000,$23.4B,mega
395,FIRSTENERGY CORP,FE,1031296,23208851454,$23.2B,mega
396,Brookfield Asset Management Ltd.,BAM,1937926,23200000000,$23.2B,mega
397,ON SEMICONDUCTOR CORP,ON,1097864,23198209519,$23.2B,mega
398,CIK 1013462,,1013462,23147000000,$23.1B,mega
399,"Toast, Inc.",TOST,1650164,23000000000,$23.0B,mega
400,CHURCH & DWIGHT CO INC /DE/,CHD,313927,22900000000,$22.9B,mega
401,CINCINNATI FINANCIAL CORP,CINF,20286,22846561651,$22.8B,mega
402,"CORPAY, INC.",CPAY,1175454,22608739528,$22.6B,mega
403,WILLIAMS SONOMA INC,WSM,719955,22608389080,$22.6B,mega
404,Smurfit Westrock plc,SW,2005951,22371000000,$22.4B,mega
405,INSULET CORP,PODD,1145197,22100000000,$22.1B,mega
406,Kraft Heinz Co,KHC,1637459,22000000000,$22.0B,mega
407,TRACTOR SUPPLY CO /DE/,TSCO,916365,22000000000,$22.0B,mega
408,BERKLEY W R CORP,WRB-PH,11544,21940921884,$21.9B,mega
409,"DOLLAR TREE, INC.",DLTR,935703,21898064491,$21.9B,mega
410,"Natera, Inc.",NTRA,1604821,21830000000,$21.8B,mega
411,LABCORP HOLDINGS INC.,LH,920148,21700000000,$21.7B,mega
412,HUBBELL INC,HUBB,48898,21586750695,$21.6B,mega
413,Fidelity Wise Origin Bitcoin Fund,FBTC,1852317,21502562250,$21.5B,mega
414,Restaurant Brands International Inc.,QSR,1618756,21428256686,$21.4B,mega
415,"Reddit, Inc.",RDDT,1713445,21200000000,$21.2B,mega
416,Hewlett Packard Enterprise Co,HPE-PC,1645590,21184000000,$21.2B,mega
417,INSMED Inc,INSM,1104506,21100000000,$21.1B,mega
418,DOLLAR GENERAL CORP,DG,29534,21100000000,$21.1B,mega
419,FLEX LTD.,FLEX,866374,21100000000,$21.1B,mega
420,"Leidos Holdings, Inc.",LDOS,1336920,21002965945,$21.0B,mega
421,WATERS CORP /DE/,WAT,1000697,20973515517,$21.0B,mega
422,PRICE T ROWE GROUP INC,TROW,1113169,20900000000,$20.9B,mega
423,PULTEGROUP INC/MI/,PHM,822416,20700000000,$20.7B,mega
424,CMS ENERGY CORP,CMS-PC,811156,20644000000,$20.6B,mega
425,REGIONS FINANCIAL CORP,RF-PF,1281761,20566150882,$20.6B,mega
426,NVR INC,NVR,906163,20284815000,$20.3B,mega
427,DEVON ENERGY CORP/DE,DVN,1090012,20200000000,$20.2B,mega
428,Invitation Homes Inc.,INVH,1687229,20100000000,$20.1B,mega
429,DARDEN RESTAURANTS INC,DRI,940944,20084300000,$20.1B,mega
430,QUEST DIAGNOSTICS INC,DGX,1022079,20000000000,$20.0B,mega
431,Texas Pacific Land Corp,TPL,1811074,20000000000,$20.0B,mega
432,"SoFi Technologies, Inc.",SOFI,1818874,20000000000,$20.0B,mega
433,"Qnity Electronics, Inc.",Q,2058873,20000000000,$20.0B,mega
434,"Expedia Group, Inc.",EXPE,1324424,19967985000,$20.0B,mega
435,Grayscale Bitcoin Trust ETF,GBTC,1588489,19941743766,$19.9B,mega
436,CLOROX CO /DE/,CLX,21076,19900000000,$19.9B,mega
437,"Zoom Communications, Inc.",ZM,1585521,19800000000,$19.8B,mega
438,EDISON INTERNATIONAL,EIX,827052,19800000000,$19.8B,mega
439,US Foods Holding Corp.,USFD,1665918,19700000000,$19.7B,mega
440,EXPAND ENERGY Corp,EXE,895126,19600000000,$19.6B,mega
441,RB GLOBAL INC.,RBA,1046102,19400000000,$19.4B,mega
442,KEYCORP /NEW/,KEY-PJ,91576,19378924449,$19.4B,mega
443,MCCORMICK & CO INC,MKC-V,63754,19353507870,$19.4B,mega
444,GLOBAL PAYMENTS INC,GPN,1123360,19310238934,$19.3B,mega
445,Amcor plc,AMCCF,1748790,19300000000,$19.3B,mega
446,CITIZENS FINANCIAL GROUP INC/RI,CFG-PI,759944,19237809260,$19.2B,mega
447,CIK 858470,,858470,19200000000,$19.2B,mega
448,"MongoDB, Inc.",MDB,1441816,19100000000,$19.1B,mega
449,MPLX LP,MPLXP,1552000,19100000000,$19.1B,mega
450,DraftKings Inc.,DKNG,1883685,19100000000,$19.1B,mega
451,CASEYS GENERAL STORES INC,CASY,726958,19100000000,$19.1B,mega
452,NISOURCE INC.,NI,1111711,18966136571,$19.0B,mega
453,INTERNATIONAL FLAVORS & FRAGRANCES INC,IFF,51253,18848336277,$18.8B,mega
454,TWILIO INC,TWLO,1447669,18700000000,$18.7B,mega
455,"PINTEREST, INC.",PINS,1506293,18700000000,$18.7B,mega
456,DOW INC.,DOW,1751788,18700000000,$18.7B,mega
457,TRIMBLE INC.,TRMB,864749,18700000000,$18.7B,mega
458,COMFORT SYSTEMS USA INC,FIX,1035983,18640000000,$18.6B,mega
459,PTC INC.,PTC,857005,18551172440,$18.6B,mega
460,WEYERHAEUSER CO,WY,106535,18500000000,$18.5B,mega
461,BIOGEN INC.,BIIB,875045,18378285308,$18.4B,mega
462,AeroVironment Inc,AVAV,1368622,18333500000,$18.3B,mega
463,"Nutanix, Inc.",NTNX,1618732,18300000000,$18.3B,mega
464,LENNOX INTERNATIONAL INC,LII,1069202,18200000000,$18.2B,mega
465,Fortive Corp,FTV,1659166,18200000000,$18.2B,mega
466,TEVA PHARMACEUTICAL INDUSTRIES LTD,TEVJF,818686,18160000000,$18.2B,mega
467,"ESSEX PROPERTY TRUST, INC.",ESS,920522,18100000000,$18.1B,mega
468,"ZIMMER BIOMET HOLDINGS, INC.",ZBH,1136869,18023763265,$18.0B,mega
469,CELESTICA INC,CLS,1030894,17900000000,$17.9B,mega
470,"Zscaler, Inc.",ZS,1713683,17900000000,$17.9B,mega
471,PRINCIPAL FINANCIAL GROUP INC,PFG,1126328,17700000000,$17.7B,mega
472,"FIRST SOLAR, INC.",FSLR,1274494,17700000000,$17.7B,mega
473,lululemon athletica inc.,LULU,1397187,17576000000,$17.6B,mega
474,FACTSET RESEARCH SYSTEMS INC,FDS,1013237,17509083420,$17.5B,mega
475,SS&C Technologies Holdings Inc,SSNC,1402436,17502751030,$17.5B,mega
476,"TYSON FOODS, INC.",TSN,100493,17422448530,$17.4B,mega
477,FIRST CITIZENS BANCSHARES INC /DE/,FCNCN,798941,17263599044,$17.3B,mega
478,"EMCOR Group, Inc.",EME,105634,17258000000,$17.3B,mega
479,iShares Silver Trust,SLV,1330568,17190036500,$17.2B,mega
480,"Burlington Stores, Inc.",BURL,1579298,17151432284,$17.2B,mega
481,"NetApp, Inc.",NTAP,1002047,17100000000,$17.1B,mega
482,Fabrinet,FN,1408710,17100000000,$17.1B,mega
483,TransUnion,TRU,1552033,17100000000,$17.1B,mega
484,"Everpure, Inc.",P,1474432,17000000000,$17.0B,mega
485,"Keysight Technologies, Inc.",KEYS,1601046,17000000000,$17.0B,mega
486,"Equitable Holdings, Inc.",EQH-PC,1333986,16900000000,$16.9B,mega
487,Tradeweb Markets Inc.,TW,1758730,16900000000,$16.9B,mega
488,GENUINE PARTS CO,GPC,40987,16900000000,$16.9B,mega
489,SOUTHWEST AIRLINES CO,LUV,92380,16890396912,$16.9B,mega
490,"Ulta Beauty, Inc.",ULTA,1403568,16866064000,$16.9B,mega
491,Royalty Pharma plc,RPRX,1802768,16700000000,$16.7B,mega
492,PACKAGING CORP OF AMERICA,PKG,75677,16692388603,$16.7B,mega
493,PENTAIR plc,PNR,77360,16631780229,$16.6B,mega
494,"Affirm Holdings, Inc.",AFRM,1820953,16600000000,$16.6B,mega
495,CIK 55067,,55067,16600000000,$16.6B,mega
496,"Yum China Holdings, Inc.",YUMC,1673358,16500000000,$16.5B,mega
497,Lumentum Holdings Inc.,LITE,1633978,16469000000,$16.5B,mega
498,"RELIANCE, INC.",RS,861884,16450000000,$16.4B,mega
499,VERISIGN INC/CA,VRSN,1014473,16400000000,$16.4B,mega
500,"Okta, Inc.",OKTA,1660134,16400000000,$16.4B,mega
501,CURTISS WRIGHT CORP,CW,26324,16400000000,$16.4B,mega
502,"COOPER COMPANIES, INC.",COO,711404,16200000000,$16.2B,mega
503,BAXTER INTERNATIONAL INC,BAX,10456,16000000000,$16.0B,mega
504,"MOLINA HEALTHCARE, INC.",MOH,1179929,16000000000,$16.0B,mega
505,Snap-on Inc,SNA,91440,15900000000,$15.9B,mega
506,LOGITECH INTERNATIONAL S.A.,LOGI,1032975,15881278174,$15.9B,mega
507,ROLLINS INC,ROL,84839,15803310776,$15.8B,mega
508,CARLISLE COMPANIES INC,CSL,790051,15800000000,$15.8B,mega
509,"Sprouts Farmers Market, Inc.",SFM,1575515,15781871524,$15.8B,mega
510,SUN COMMUNITIES INC,SUI,912593,15745164541,$15.7B,mega
511,WEST PHARMACEUTICAL SERVICES INC,WST,105770,15700000000,$15.7B,mega
512,CARPENTER TECHNOLOGY CORP,CRS,17843,15681972606,$15.7B,mega
513,"Evergy, Inc.",EVRG,1711269,15667375144,$15.7B,mega
514,WATSCO INC,WSO-B,105016,15615000000,$15.6B,mega
515,Gen Digital Inc.,GENVR,849399,15555822937,$15.6B,mega
516,"Super Micro Computer, Inc.",SMCIP,1375365,15529499954,$15.5B,mega
517,ALLIANT ENERGY CORP,LNT,352541,15500000000,$15.5B,mega
518,ZEBRA TECHNOLOGIES CORP,ZBRA,877212,15500000000,$15.5B,mega
519,ARES CAPITAL CORP,ARCC,1287750,15415428367,$15.4B,mega
520,EXPEDITORS INTERNATIONAL OF WASHINGTON INC,EXPD,746515,15362848688,$15.4B,mega
521,LOEWS CORP,L,60086,15362000000,$15.4B,mega
522,"F5, INC.",FFIV,1048695,15351963269,$15.4B,mega
523,DOMINOS PIZZA INC,DPZ,1286681,15285523540,$15.3B,mega
524,BALL Corp,BALL,9389,15260000000,$15.3B,mega
525,CIK 1618921,,1618921,15200000000,$15.2B,mega
526,HALLIBURTON CO,HAL,45012,15200000000,$15.2B,mega
527,"DOCUSIGN, INC.",DOCU,1261333,15100000000,$15.1B,mega
528,"ZILLOW GROUP, INC.",Z,1617640,14900000000,$14.9B,mega
529,Rocket Lab Corp,RKLB,1819994,14900000000,$14.9B,mega
530,LyondellBasell Industries N.V.,LYB,1489393,14800000000,$14.8B,mega
531,"CF Industries Holdings, Inc.",CF,1324404,14796888341,$14.8B,mega
532,Aptiv PLC,APTV,1521332,14783719749,$14.8B,mega
533,DECKERS OUTDOOR CORP,DECK,910521,14764483936,$14.8B,mega
534,BeOne Medicines Ltd.,BEIGF,1651308,14700000000,$14.7B,mega
535,"Dynatrace, Inc.",DT,1773383,14600000000,$14.6B,mega
536,"BJ's Wholesale Club Holdings, Inc.",BJ,1531152,14500000000,$14.5B,mega
537,"XPO, Inc.",XPO,1166003,14400000000,$14.4B,mega
538,JACOBS SOLUTIONS INC.,J,52988,14400000000,$14.4B,mega
539,JABIL INC,JBL,898293,14400000000,$14.4B,mega
540,"EVEREST GROUP, LTD.",EG,1095073,14300000000,$14.3B,mega
541,"Rivian Automotive, Inc. / DE",RIVN,1874178,14300000000,$14.3B,mega
542,TEXTRON INC,TXT,217346,14300000000,$14.3B,mega
543,KIMCO REALTY CORP,KIM-PN,879101,14200000000,$14.2B,mega
544,"SharkNinja, Inc.",SN,1957132,13962651458,$14.0B,mega
545,Unum Group,UNMA,5513,13900000000,$13.9B,mega
546,"Fidelity National Financial, Inc.",FNF,1331875,13873627890,$13.9B,mega
547,OMNICOM GROUP INC.,OMC,29989,13815889740,$13.8B,mega
548,EAST WEST BANCORP INC,EWBC,1069157,13774364511,$13.8B,mega
549,SOMNIGROUP INTERNATIONAL INC.,SGI,1206264,13757330408,$13.8B,mega
550,"QXO, Inc.",QXO-PB,1236275,13730000000,$13.7B,mega
551,"TKO Group Holdings, Inc.",TKO,1973266,13650540272,$13.7B,mega
552,W. P. Carey Inc.,WPC,1025378,13600000000,$13.6B,mega
553,Avery Dennison Corp,AVY,8818,13600000000,$13.6B,mega
554,Carlyle Group Inc.,CGABL,1527166,13579714543,$13.6B,mega
555,CIK 859737,,859737,13566017923,$13.6B,mega
556,RPM INTERNATIONAL INC/DE/,RPM,110621,13565090468,$13.6B,mega
557,MASCO CORP /DE/,MAS,62996,13438348177,$13.4B,mega
558,"Guidewire Software, Inc.",GWRE,1528396,13400000000,$13.4B,mega
559,"Duolingo, Inc.",DUOL,1562088,13342902822,$13.3B,mega
560,Talen Energy Corp,TLN,1622536,13300000000,$13.3B,mega
561,"Rubrik, Inc.",RBRK,1943896,13260000000,$13.3B,mega
562,IDEX CORP /DE/,IEX,832101,13228549364,$13.2B,mega
563,World Gold Trust,GLDM,1618181,13227538500,$13.2B,mega
564,"BWX Technologies, Inc.",BWXT,1486957,13200000000,$13.2B,mega
565,"Astera Labs, Inc.",ALAB,1736297,13200000000,$13.2B,mega
566,Solventum Corp,SOLV,1964738,13100000000,$13.1B,mega
567,REINSURANCE GROUP OF AMERICA INC,RZC,898174,13100000000,$13.1B,mega
568,LAS VEGAS SANDS CORP,LVS,1300514,13023793216,$13.0B,mega
569,STEEL DYNAMICS INC,STLD,1022671,13000000000,$13.0B,mega
570,Medline Inc.,MDLN,2046386,13000000000,$13.0B,mega
571,REGENCY CENTERS CORP,REGCO,910606,12800000000,$12.8B,mega
572,JACK HENRY & ASSOCIATES INC,JKHY,779152,12705842343,$12.7B,mega
573,"Gaming & Leisure Properties, Inc.",GLPI,1575965,12700000000,$12.7B,mega
574,APi Group Corp,APG,1796209,12700000000,$12.7B,mega
575,"TERADYNE, INC",TER,97210,12700000000,$12.7B,mega
576,Samsara Inc.,IOT,1642896,12686300000,$12.7B,mega
577,"Builders FirstSource, Inc.",BLDR,1316835,12600000000,$12.6B,mega
578,"Texas Roadhouse, Inc.",TXRH,1289460,12500000000,$12.5B,mega
579,BLUE OWL CAPITAL INC.,OWL,1823945,12500000000,$12.5B,mega
580,"ALEXANDRIA REAL ESTATE EQUITIES, INC.",ARE,1035443,12400000000,$12.4B,mega
581,Allegion plc,ALLE,1579241,12300000000,$12.3B,mega
582,Liberty Broadband Corp,LBRDP,1611983,12200000000,$12.2B,mega
583,ITT INC.,ITT,216228,12200000000,$12.2B,mega
584,TENET HEALTHCARE CORP,THC,70318,12200000000,$12.2B,mega
585,Encompass Health Corp,EHC,785161,12200000000,$12.2B,mega
586,AECOM,ACM,868857,12200000000,$12.2B,mega
587,RBC Bearings INC,RBC,1324948,12165027584,$12.2B,mega
588,ANNALY CAPITAL MANAGEMENT INC,NLY-PJ,1043219,12100000000,$12.1B,mega
589,JONES LANG LASALLE INC,JLL,1037976,12017132438,$12.0B,mega
590,ATI INC,ATI,1018963,12000000000,$12.0B,mega
591,"DuPont de Nemours, Inc.",DD,1666700,12000000000,$12.0B,mega
592,Ally Financial Inc.,ALLY,40729,12000000000,$12.0B,mega
593,CAMDEN PROPERTY TRUST,CPT,906345,11980283165,$12.0B,mega
594,RALPH LAUREN CORP,RL,1037038,11943000000,$11.9B,mega
595,"Core & Main, Inc.",CNM,1856525,11940000000,$11.9B,mega
596,"CROWN HOLDINGS, INC.",CCK,1219601,11923400233,$11.9B,mega
597,"Paycom Software, Inc.",PAYC,1590955,11900000000,$11.9B,mega
598,BEST BUY CO INC,BBY,764478,11900000000,$11.9B,mega
599,MID AMERICA APARTMENT COMMUNITIES INC.,MAA-PI,912595,11900000000,$11.9B,mega
600,MANHATTAN ASSOCIATES INC,MANH,1056696,11791338195,$11.8B,mega
601,Performance Food Group Co,PFGC,1618673,11771720185,$11.8B,mega
602,CIK 1043604,,1043604,11713000000,$11.7B,mega
603,EQUITY LIFESTYLE PROPERTIES INC,ELS,895417,11707300000,$11.7B,mega
604,ANTERO RESOURCES Corp,AR,1433270,11700000000,$11.7B,mega
605,American Homes 4 Rent,AMH-PH,1562401,11700000000,$11.7B,mega
606,FTAI Aviation Ltd.,FTAIM,1590364,11700000000,$11.7B,mega
607,CLEAN HARBORS INC,CLH,822818,11700000000,$11.7B,mega
608,ROYAL GOLD INC,RGLD,85535,11700000000,$11.7B,mega
609,"AST SpaceMobile, Inc.",ASTS,1780312,11664700000,$11.7B,mega
610,CACI INTERNATIONAL INC /DE/,CACI,16058,11655273629,$11.7B,mega
611,nVent Electric plc,NVT,1720635,11651892767,$11.7B,mega
612,Snap Inc,SNAP,1564408,11600000000,$11.6B,mega
613,Owens Corning,OC,1370946,11500066698,$11.5B,mega
614,MOSAIC CO,MOS,1285785,11500000000,$11.5B,mega
615,CNH Industrial N.V.,CNH,1567094,11500000000,$11.5B,mega
616,"IonQ, Inc.",IONQ-WT,1824920,11500000000,$11.5B,mega
617,Booz Allen Hamilton Holding Corp,BAH,1443646,11488325864,$11.5B,mega
618,BIO-TECHNE Corp,TECH,842023,11400000000,$11.4B,mega
619,"C. H. ROBINSON WORLDWIDE, INC.",CHRW,1043277,11317245827,$11.3B,mega
620,RENAISSANCERE HOLDINGS LTD,RNR-PG,913144,11300000000,$11.3B,mega
621,"REVVITY, INC.",RVTY,31791,11298522046,$11.3B,mega
622,"DICK'S SPORTING GOODS, INC.",DKS,1089063,11281312684,$11.3B,mega
623,LINCOLN ELECTRIC HOLDINGS INC,LECO,59527,11267215663,$11.3B,mega
624,UNITED THERAPEUTICS Corp,UTHR,1082554,11233042523,$11.2B,mega
625,INCYTE CORP,INCY,879169,11200000000,$11.2B,mega
626,"HOULIHAN LOKEY, INC.",HLI,1302215,11190000000,$11.2B,mega
627,AKAMAI TECHNOLOGIES INC,AKAM,1086222,11183900000,$11.2B,mega
628,SERVICE CORP INTERNATIONAL,SCI,89089,11126104381,$11.1B,mega
629,ALIGN TECHNOLOGY INC,ALGN,1097149,11100000000,$11.1B,mega
630,James Hardie Industries plc,JHIUF,1159152,11100000000,$11.1B,mega
631,"Tempus AI, Inc.",TEM,1717115,11000000000,$11.0B,mega
632,"DT Midstream, Inc.",DTM,1842022,11000000000,$11.0B,mega
633,FEDERAL NATIONAL MORTGAGE ASSOCIATION FANNIE MAE,FNMAH,310522,11000000000,$11.0B,mega
634,CIK 51644,,51644,10900000000,$10.9B,mega
635,STIFEL FINANCIAL CORP,SF-PD,720672,10900000000,$10.9B,mega
636,HUNT J B TRANSPORT SERVICES INC,JBHT,728535,10900000000,$10.9B,mega
637,Nextpower Inc.,NXT,1852131,10800000000,$10.8B,mega
638,OMEGA HEALTHCARE INVESTORS INC,OHI,888491,10743896520,$10.7B,mega
639,NORDSON CORP,NDSN,72331,10705289437,$10.7B,mega
640,Bunge Global SA,BG,1996862,10701000000,$10.7B,mega
641,FIRST HORIZON CORP,FHN-PF,36966,10700000000,$10.7B,mega
642,"ADVANCED DRAINAGE SYSTEMS, INC.",WMS,1604028,10679000000,$10.7B,mega
643,PINNACLE WEST CAPITAL CORP,PNW,764622,10673413436,$10.7B,mega
644,"BXP, Inc.",BXP,1037540,10663223539,$10.7B,mega
645,DAVITA INC.,DVA,927066,10600000000,$10.6B,mega
646,J M SMUCKER Co,SJM,91419,10590293766,$10.6B,mega
647,POOL CORP,POOL,945841,10541563662,$10.5B,mega
648,Permian Resources Corp,PR,1658566,10503468331,$10.5B,mega
649,"STANLEY BLACK & DECKER, INC.",SWK,93556,10500000000,$10.5B,mega
650,"HOST HOTELS & RESORTS, INC.",HST,1070750,10405713884,$10.4B,mega
651,Evercore Inc.,EVR,1360901,10400000000,$10.4B,mega
652,"Essential Utilities, Inc.",WTRG,78128,10396206999,$10.4B,mega
653,Viatris Inc,VTRS,1792044,10384706269,$10.4B,mega
654,"APTARGROUP, INC.",ATR,896622,10345798465,$10.3B,mega
655,MASTEC INC,MTZ,15615,10300000000,$10.3B,mega
656,"HASBRO, INC.",HAS,46080,10300000000,$10.3B,mega
657,CIENA CORP,CIEN,936395,10300000000,$10.3B,mega
658,LAMAR ADVERTISING CO/NEW,LAMR,1090425,10177995114,$10.2B,mega
659,"Hims & Hers Health, Inc.",HIMS,1773751,10100000000,$10.1B,mega
660,GLOBE LIFE INC.,GL-PD,320335,10000000000,$10.0B,mega
661,"Kinsale Capital Group, Inc.",KNSL,1669162,9978331145,$10.0B,large
662,CIK 1124140,,1124140,9970230370,$10.0B,large
663,"ASSURANT, INC.",AIZN,1267238,9930000000,$9.9B,large
664,"Moderna, Inc.",MRNA,1682852,9900000000,$9.9B,large
665,"Doximity, Inc.",DOCS,1516513,9860000000,$9.9B,large
666,"Toll Brothers, Inc.",TOL,794170,9852684000,$9.9B,large
667,Roivant Sciences Ltd.,ROIV,1635088,9800000000,$9.8B,large
668,TechnipFMC plc,FTI,1681459,9800000000,$9.8B,large
669,"SKYWORKS SOLUTIONS, INC.",SWKS,4127,9800000000,$9.8B,large
670,Ovintiv Inc.,OVV,1792580,9780270102,$9.8B,large
671,Penumbra Inc,PEN,1321732,9700000000,$9.7B,large
672,"Celsius Holdings, Inc.",CELH,1341766,9700000000,$9.7B,large
673,"ROKU, INC",ROKU,1428439,9700000000,$9.7B,large
674,Wingstop Inc.,WING,1636222,9700000000,$9.7B,large
675,UNIVERSAL HEALTH SERVICES INC,UHS,352915,9700000000,$9.7B,large
676,WYNN RESORTS LTD,WYNN,1174922,9660000000,$9.7B,large
677,CubeSmart,CUBE,1298675,9659711015,$9.7B,large
678,RANGE RESOURCES CORP,RRC,315852,9592497000,$9.6B,large
679,"EPAM Systems, Inc.",EPAM,1352010,9570000000,$9.6B,large
680,NEUROCRINE BIOSCIENCES INC,NBIX,914475,9520000000,$9.5B,large
681,APPLIED INDUSTRIAL TECHNOLOGIES INC,AIT,109563,9513847000,$9.5B,large
682,LKQ CORP,LKQ,1065696,9500000000,$9.5B,large
683,SEI INVESTMENTS CO,SEIC,350894,9500000000,$9.5B,large
684,REGAL REXNORD CORP,RRX,82811,9500000000,$9.5B,large
685,"HUNTINGTON INGALLS INDUSTRIES, INC.",HII,1501585,9475000000,$9.5B,large
686,Elastic N.V.,ESTC,1707753,9400000000,$9.4B,large
687,"HEALTHPEAK PROPERTIES, INC.",DOC,765880,9400000000,$9.4B,large
688,"EXELIXIS, INC.",EXEL,939767,9400000000,$9.4B,large
689,"BELLRING BRANDS, INC.",BRBR,1772016,9367938437,$9.4B,large
690,Aramark,ARMK,1584509,9291400000,$9.3B,large
691,Crane Co,CR,1944013,9272583912,$9.3B,large
692,SouthState Bank Corp,SSB,764038,9225644000,$9.2B,large
693,"ILLUMINA, INC.",ILMN,1110803,9200000000,$9.2B,large
694,"CAVA GROUP, INC.",CAVA,1639438,9200000000,$9.2B,large
695,"Avantor, Inc.",AVTR,1722482,9173395483,$9.2B,large
696,CIK 1633931,,1633931,9100000000,$9.1B,large
697,"Planet Fitness, Inc.",PLNT,1637207,9100000000,$9.1B,large
698,WEBSTER FINANCIAL CORP,WBS-PG,801337,9100000000,$9.1B,large
699,CARMAX INC,KMX,1170010,9059759286,$9.1B,large
700,SOUTHERN COPPER CORP/,SCCO,1001838,9019800000,$9.0B,large
701,GameStop Corp.,GME-WT,1326380,9000000000,$9.0B,large
702,BROWN FORMAN CORP,BF-A,14693,9000000000,$9.0B,large
703,Norwegian Cruise Line Holdings Ltd.,NCLH,1513761,9000000000,$9.0B,large
704,Unity Software Inc.,U,1810806,9000000000,$9.0B,large
705,NEW YORK TIMES CO,NYT,71691,9000000000,$9.0B,large
706,AMERICAN FINANCIAL GROUP INC,AFGE,1042046,8990000000,$9.0B,large
707,OGE ENERGY CORP.,OGE,1021635,8937916402,$8.9B,large
708,ACUITY INC. (DE),AYI,1144215,8900000000,$8.9B,large
709,WESCO INTERNATIONAL INC,WCC,929008,8900000000,$8.9B,large
710,HENRY SCHEIN INC,HSIC,1000228,8885457000,$8.9B,large
711,"Primerica, Inc.",PRI,1475922,8880345744,$8.9B,large
712,OLD REPUBLIC INTERNATIONAL CORP,ORI,74260,8832423187,$8.8B,large
713,TD SYNNEX CORP,SNX,1177394,8743705927,$8.7B,large
714,EASTGROUP PROPERTIES INC,EGP,49600,8720772824,$8.7B,large
715,"Corebridge Financial, Inc.",CRBD,1889539,8710000000,$8.7B,large
716,ERIE INDEMNITY CO,ERIE,922621,8700000000,$8.7B,large
717,Ingredion Inc,INGR,1046257,8692000000,$8.7B,large
718,LITHIA MOTORS INC,LAD,1023128,8685471000,$8.7B,large
719,MUELLER INDUSTRIES INC,MLI,89439,8641564012,$8.6B,large
720,HORMEL FOODS CORP /DE/,HRL,48465,8637339615,$8.6B,large
721,AGNC Investment Corp.,AGNCZ,1423689,8600000000,$8.6B,large
722,AUTOLIV INC,ALV,1034670,8595000000,$8.6B,large
723,"RYAN SPECIALTY HOLDINGS, INC.",RYAN,1849253,8557552987,$8.6B,large
724,CONAGRA BRANDS INC.,CAG,23217,8500625571,$8.5B,large
725,PLAINS ALL AMERICAN PIPELINE LP,PAAPU,1070423,8500000000,$8.5B,large
726,ENTEGRIS INC,ENTG,1101302,8500000000,$8.5B,large
727,CIK 1163302,,1163302,8500000000,$8.5B,large
728,Dutch Bros Inc.,BROS,1866581,8500000000,$8.5B,large
729,DONALDSON Co INC,DCI,29644,8462489351,$8.5B,large
730,EASTMAN CHEMICAL CO,EMN,915389,8452123241,$8.5B,large
731,"Pinnacle Financial Partners, Inc.",PNFP-PB,2082866,8441256440,$8.4B,large
732,"Rexford Industrial Realty, Inc.",REXR-PC,1571283,8400000000,$8.4B,large
733,"Ollie's Bargain Outlet Holdings, Inc.",OLLI,1639300,8400000000,$8.4B,large
734,WESTERN ALLIANCE BANCORPORATION,WAL-PA,1212545,8360000000,$8.4B,large
735,"Morningstar, Inc.",MORN,1289419,8300000000,$8.3B,large
736,"Western Midstream Partners, LP",WES,1423902,8300000000,$8.3B,large
737,"Chime Financial, Inc.",CHYM,1795586,8300000000,$8.3B,large
738,OLD NATIONAL BANCORP /IN/,ONBPP,707179,8296882698,$8.3B,large
739,APPFOLIO INC,APPF,1433195,8256000000,$8.3B,large
740,WINTRUST FINANCIAL CORP,WTFCN,1015328,8232734235,$8.2B,large
741,"PROCORE TECHNOLOGIES, INC.",PCOR,1611052,8209500000,$8.2B,large
742,FLUOR CORP,FLR,1124198,8200000000,$8.2B,large
743,COMMVAULT SYSTEMS INC,CVLT,1169561,8200000000,$8.2B,large
744,"Floor & Decor Holdings, Inc.",FND,1507079,8200000000,$8.2B,large
745,FEDERAL REALTY INVESTMENT TRUST,FRT-PC,34903,8200000000,$8.2B,large
746,"CULLEN/FROST BANKERS, INC.",CFR-PB,39263,8200000000,$8.2B,large
747,Jefferies Financial Group Inc.,JEF,96223,8180207998,$8.2B,large
748,OPEN TEXT CORP,OTEX,1002638,8100000000,$8.1B,large
749,AXIS CAPITAL HOLDINGS LTD,AXS-PE,1214816,8100000000,$8.1B,large
750,Loar Holdings Inc.,LOAR,2000178,8100000000,$8.1B,large
751,"NNN REIT, INC.",NNN,751364,8061407000,$8.1B,large
752,GENERAC HOLDINGS INC.,GNRC,1474735,8000000000,$8.0B,large
753,"Lamb Weston Holdings, Inc.",LW,1679273,8000000000,$8.0B,large
754,"Chewy, Inc.",CHWY,1766502,8000000000,$8.0B,large
755,MOLSON COORS BEVERAGE CO,TAP-A,24545,8000000000,$8.0B,large
756,Brixmor Property Group Inc.,BRX,1581068,7910967832,$7.9B,large
757,Allison Transmission Holdings Inc,ALSN,1411207,7896000000,$7.9B,large
758,"Qorvo, Inc.",QRVO,1604778,7873633809,$7.9B,large
759,Murphy USA Inc.,MUSA,1573516,7848130000,$7.8B,large
760,"Albertsons Companies, Inc.",ACI,1646972,7800000000,$7.8B,large
761,COMMERCE BANCSHARES INC /MO/,CBSH,22356,7759000000,$7.8B,large
762,HF Sinclair Corp,DINO,1915657,7700000000,$7.7B,large
763,PARSONS CORP,PSN,275880,7700000000,$7.7B,large
764,EAGLE MATERIALS INC,EXP,918646,7700000000,$7.7B,large
765,"SPX Technologies, Inc.",SPXC,88205,7649879906,$7.6B,large
766,Genpact LTD,G,1398659,7632233960,$7.6B,large
767,ESAB Corp,ESAB,1877322,7614000000,$7.6B,large
768,BENTLEY SYSTEMS INC,BSY,1031308,7600000000,$7.6B,large
769,Alcoa Corp,AA,1675149,7600000000,$7.6B,large
770,TETRA TECH INC,TTEK,831641,7600000000,$7.6B,large
771,DYCOM INDUSTRIES INC,DY,67215,7581619164,$7.6B,large
772,CAMPBELL'S Co,CPB,16732,7566297331,$7.6B,large
773,UMB FINANCIAL CORP,UMBFO,101382,7565682253,$7.6B,large
774,Axalta Coating Systems Ltd.,AXTA,1616862,7550000000,$7.5B,large
775,"ZIONS BANCORPORATION, NATIONAL ASSOCIATION /UT/",ZIONP,109380,7521166801,$7.5B,large
776,Primo Brands Corp,PRMB,2042694,7515300000,$7.5B,large
777,"POPULAR, INC.",BPOPM,763901,7500000000,$7.5B,large
778,AES CORP,AES,874761,7490000000,$7.5B,large
779,CIK 892553,,892553,7485849790,$7.5B,large
780,"Match Group, Inc.",MTCH,891103,7426689174,$7.4B,large
781,SIRIUS XM HOLDINGS INC.,SIRI,908937,7407294638,$7.4B,large
782,American Airlines Group Inc.,AAL,6201,7400000000,$7.4B,large
783,ALBEMARLE CORP,ALB-PA,915913,7400000000,$7.4B,large
784,MODINE MANUFACTURING CO,MOD,67347,7390000000,$7.4B,large
785,Blue Owl Capital Corp,OBDC,1655888,7328431719,$7.3B,large
786,"CHARLES RIVER LABORATORIES INTERNATIONAL, INC.",CRL,1100682,7322905711,$7.3B,large
787,MARKETAXESS HOLDINGS INC,MKTX,1278021,7300000000,$7.3B,large
788,"BridgeBio Pharma, Inc.",BBIO,1743881,7300000000,$7.3B,large
789,SAIA INC,SAIA,1177702,7298010244,$7.3B,large
790,OSHKOSH CORP,OSK,775158,7276796085,$7.3B,large
791,CIK 764897,,764897,7275871000,$7.3B,large
792,"FIVE BELOW, INC",FIVE,1177609,7261931467,$7.3B,large
793,BORGWARNER INC,BWA,908255,7200000000,$7.2B,large
794,CASELLA WASTE SYSTEMS INC,CWST,911177,7200000000,$7.2B,large
795,CIK 1699838,,1699838,7196800000,$7.2B,large
796,BADGER METER INC,BMI,9092,7180000000,$7.2B,large
797,TPG Inc.,TPGXL,1880661,7161600000,$7.2B,large
798,CIK 1782754,,1782754,7159276470,$7.2B,large
799,BRIGHT HORIZONS FAMILY SOLUTIONS INC.,BFAM,1437578,7100000000,$7.1B,large
800,CIK 1567514,,1567514,7100000000,$7.1B,large
801,"Venture Global, Inc.",VG,2007855,7100000000,$7.1B,large
802,"Woodward, Inc.",WWD,108312,7090000000,$7.1B,large
803,Knight-Swift Transportation Holdings Inc.,KNX,1492691,7075782710,$7.1B,large
804,UGI CORP /PA/,UGI,884614,7075625221,$7.1B,large
805,CHEMED CORP,CHE,19584,7010301507,$7.0B,large
806,NATIONAL FUEL GAS CO,NFG,70145,7009145000,$7.0B,large
807,"HEALTHEQUITY, INC.",HQY,1428336,7000000000,$7.0B,large
808,"Medpace Holdings, Inc.",MEDP,1668397,7000000000,$7.0B,large
809,Elanco Animal Health Inc,ELAN,1739104,7000000000,$7.0B,large
810,Oklo Inc.,OKLO,1849056,7000000000,$7.0B,large
811,TORO CO,TTC,737758,7000000000,$7.0B,large
812,ARMSTRONG WORLD INDUSTRIES INC,AWI,7431,7000000000,$7.0B,large
813,Blackstone Secured Lending Fund,BXSL,1736035,6968000000,$7.0B,large
814,Blue Owl Technology Finance Corp.,OTF,1747777,6964994518,$7.0B,large
815,Applied Digital Corp.,APLD,1144879,6900000000,$6.9B,large
816,CIK 1378992,,1378992,6900000000,$6.9B,large
817,Maplebear Inc.,CART,1579091,6900000000,$6.9B,large
818,"ExlService Holdings, Inc.",EXLS,1297989,6886850585,$6.9B,large
819,MIDDLEBY Corp,MIDD,769520,6873088716,$6.9B,large
820,VORNADO REALTY TRUST,VNO-PO,899689,6833930000,$6.8B,large
821,"STERLING INFRASTRUCTURE, INC.",STRL,874238,6830000000,$6.8B,large
822,SLM Corp,SLMBP,1032033,6800000000,$6.8B,large
823,CIK 1065837,,1065837,6800000000,$6.8B,large
824,CIK 1509589,,1509589,6800000000,$6.8B,large
825,"Voya Financial, Inc.",VOYA-PB,1535929,6800000000,$6.8B,large
826,"Kyndryl Holdings, Inc.",KD,1867072,6800000000,$6.8B,large
827,"STAG Industrial, Inc.",STAG,1479094,6764000000,$6.8B,large
828,"OneMain Holdings, Inc.",OMF,1584207,6754235520,$6.8B,large
829,CIK 1597264,,1597264,6747459120,$6.7B,large
830,BIOMARIN PHARMACEUTICAL INC,BMRN,1048477,6700000000,$6.7B,large
831,"Revolution Medicines, Inc.",RVMDW,1628171,6700000000,$6.7B,large
832,CIK 28412,,28412,6700000000,$6.7B,large
833,WATTS WATER TECHNOLOGIES INC,WTS,795403,6695455530,$6.7B,large
834,Churchill Downs Inc,CHDN,20212,6693961648,$6.7B,large
835,MKS INC,MKSI,1049502,6672873031,$6.7B,large
836,GLOBUS MEDICAL INC,GMED,1237831,6600000000,$6.6B,large
837,Paylocity Holding Corp,PCTY,1591698,6600000000,$6.6B,large
838,LINCOLN NATIONAL CORP,LNC-PD,59558,6600000000,$6.6B,large
839,APA Corp,APA,1841666,6561964169,$6.6B,large
840,"ARROW ELECTRONICS, INC.",ARW,7536,6525264346,$6.5B,large
841,"BRINKER INTERNATIONAL, INC",EAT,703351,6521752786,$6.5B,large
842,"KRATOS DEFENSE & SECURITY SOLUTIONS, INC.",KTOS,1069258,6500000000,$6.5B,large
843,Archer Aviation Inc.,ACHR-WT,1824502,6500000000,$6.5B,large
844,MSA Safety Inc,MNESP,66570,6500000000,$6.5B,large
845,"Coca-Cola Consolidated, Inc.",COKE,317540,6464713553,$6.5B,large
846,"Simpson Manufacturing Co., Inc.",SSD,920371,6463559567,$6.5B,large
847,VALMONT INDUSTRIES INC,VMI,102729,6424049320,$6.4B,large
848,PROSPERITY BANCSHARES INC,PB,1068851,6410000000,$6.4B,large
849,"STARWOOD PROPERTY TRUST, INC.",STWD,1465128,6400000000,$6.4B,large
850,Antero Midstream Corp,AM,1623925,6400000000,$6.4B,large
851,"Shift4 Payments, Inc.",FOUR-PA,1794669,6400000000,$6.4B,large
852,CIK 20520,,20520,6400000000,$6.4B,large
853,AGCO CORP /DE,AGCO,880266,6400000000,$6.4B,large
854,Gitlab Inc.,GTLB,1653482,6367400000,$6.4B,large
855,FIRST INDUSTRIAL REALTY TRUST INC,FR,921825,6345600000,$6.3B,large
856,"Light & Wonder, Inc.",LAWIL,750004,6338303809,$6.3B,large
857,CIK 813828,,813828,6329109788,$6.3B,large
858,MATTEL INC /DE/,MAT,63276,6314108780,$6.3B,large
859,FEDERAL SIGNAL CORP /DE/,FSS,277509,6305527709,$6.3B,large
860,"ESSENTIAL PROPERTIES REALTY TRUST, INC.",EPRT,1728951,6300000000,$6.3B,large
861,"Lyft, Inc.",LYFT,1759509,6300000000,$6.3B,large
862,KIRBY CORP,KEX,56047,6300000000,$6.3B,large
863,RYDER SYSTEM INC,R,85961,6300000000,$6.3B,large
864,MGIC INVESTMENT CORP,MTG,876437,6300000000,$6.3B,large
865,CIK 1723089,,1723089,6284460974,$6.3B,large
866,VAIL RESORTS INC,MTN,812011,6277849993,$6.3B,large
867,CIK 1866368,,1866368,6253649261,$6.3B,large
868,Jazz Pharmaceuticals plc,JAZZ,1232524,6250820994,$6.3B,large
869,IDACORP INC,IDA,1057877,6209260280,$6.2B,large
870,GRAPHIC PACKAGING HOLDING CO,GPK,1408075,6200000000,$6.2B,large
871,"Guardant Health, Inc.",GH,1576280,6200000000,$6.2B,large
872,JBT MAREL Corp,JBTM,1433660,6184278020,$6.2B,large
873,"Fortune Brands Innovations, Inc.",FBIN,1519751,6137574374,$6.1B,large
874,"WYNDHAM HOTELS & RESORTS, INC.",WH,1722684,6120000000,$6.1B,large
875,CORCEPT THERAPEUTICS INC,CORT,1088856,6107076423,$6.1B,large
876,"KBR, INC.",KBR,1357615,6100000000,$6.1B,large
877,CIK 1487712,,1487712,6100000000,$6.1B,large
878,"CareTrust REIT, Inc.",CTRE,1590717,6100000000,$6.1B,large
879,CIK 1115055,,1115055,6074777551,$6.1B,large
880,CIK 1274173,,1274173,6067332650,$6.1B,large
881,First American Financial Corp,FAF,1472787,6056068344,$6.1B,large
882,Celanese Corp,CE,1306830,6048316998,$6.0B,large
883,"HANOVER INSURANCE GROUP, INC.",THG,944695,6046846082,$6.0B,large
884,"ServiceTitan, Inc.",TTAN,1638826,6046600000,$6.0B,large
885,"Ryman Hospitality Properties, Inc.",RHP,1040829,6029634108,$6.0B,large
886,Zurn Elkay Water Solutions Corp,ZWS,1439288,6000000000,$6.0B,large
887,Rithm Capital Corp.,RITM-PD,1556593,6000000000,$6.0B,large
888,REPLIGEN CORP,RGEN,730272,6000000000,$6.0B,large
889,"American Healthcare REIT, Inc.",AHR,1632970,5992308000,$6.0B,large
890,CIK 1562476,,1562476,5972996298,$6.0B,large
891,DARLING INGREDIENTS INC.,DAR,916540,5963190000,$6.0B,large
892,"ENSIGN GROUP, INC",ENSG,1125376,5958688000,$6.0B,large
893,"ITRON, INC.",ITRI,780571,5942208893,$5.9B,large
894,TXNM ENERGY INC,TXNM,1108426,5934944097,$5.9B,large
895,GLAUKOS Corp,GKOS,1192448,5913000000,$5.9B,large
896,FRANKLIN RESOURCES INC,BEN,38777,5900000000,$5.9B,large
897,LOUISIANA-PACIFIC CORP,LPX,60519,5897870878,$5.9B,large
898,"Q2 Holdings, Inc.",QTWO,1410384,5827609522,$5.8B,large
899,TREX CO INC,TREX,1069878,5800000000,$5.8B,large
900,FS KKR Capital Corp,FSK,1422183,5800000000,$5.8B,large
901,Sunoco LP,SUN,1552275,5800000000,$5.8B,large
902,CIK 1701732,,1701732,5800000000,$5.8B,large
903,"Bath & Body Works, Inc.",BBWI,701985,5800000000,$5.8B,large
904,MGM Resorts International,MGM,789570,5800000000,$5.8B,large
905,Gates Industrial Corp Ltd.,GTES,1718512,5792400000,$5.8B,large
906,"Post Holdings, Inc.",POST,1530950,5759346648,$5.8B,large
907,CIK 1766363,,1766363,5738547955,$5.7B,large
908,"InterDigital, Inc.",IDCC,1405495,5717601306,$5.7B,large
909,"Aurora Innovation, Inc.",AUROW,1828108,5712000000,$5.7B,large
910,"MACOM Technology Solutions Holdings, Inc.",MTSI,1493594,5700000000,$5.7B,large
911,"MARA Holdings, Inc.",MARA,1507605,5700000000,$5.7B,large
912,"ALASKA AIR GROUP, INC.",ALK,766421,5700000000,$5.7B,large
913,SILGAN HOLDINGS INC,SLGN,849869,5700000000,$5.7B,large
914,Invesco Ltd.,IVZ,914208,5700000000,$5.7B,large
915,Terreno Realty Corp,TRNO,1476150,5685616027,$5.7B,large
916,"Joby Aviation, Inc.",JOBY,1819848,5630000000,$5.6B,large
917,Hyatt Hotels Corp,H,1468174,5626000000,$5.6B,large
918,"Coeur Mining, Inc.",CDE,215466,5605534558,$5.6B,large
919,"MADRIGAL PHARMACEUTICALS, INC.",MDGL,1157601,5600000000,$5.6B,large
920,"Caesars Entertainment, Inc.",CZR,1590895,5600000000,$5.6B,large
921,"AUTONATION, INC.",AN,350698,5600000000,$5.6B,large
922,LITTELFUSE INC /DE,LFUS,889331,5591411587,$5.6B,large
923,CIK 1124941,,1124941,5570000000,$5.6B,large
924,VARONIS SYSTEMS INC,VRNS,1361113,5560000000,$5.6B,large
925,Chord Energy Corp,CHRD,1486159,5544699884,$5.5B,large
926,Healthcare Realty Trust Inc,HR,1360604,5534691368,$5.5B,large
927,CIK 18349,,18349,5514952903,$5.5B,large
928,Matador Resources Co,MTDR,1520006,5506467014,$5.5B,large
929,UFP INDUSTRIES INC,UFPI,912767,5506165241,$5.5B,large
930,GROUP 1 AUTOMOTIVE INC,GPI,1031203,5500000000,$5.5B,large
931,"GXO Logistics, Inc.",GXO,1852244,5500000000,$5.5B,large
932,COMMERCIAL METALS Co,CMC,22444,5500000000,$5.5B,large
933,RLI CORP,RLI,84246,5490497507,$5.5B,large
934,H&R BLOCK INC,HRB,12659,5481026737,$5.5B,large
935,FLOWSERVE CORP,FLS,30625,5471227019,$5.5B,large
936,Hamilton Lane INC,HLNE,1433642,5470900000,$5.5B,large
937,"AFFILIATED MANAGERS GROUP, INC.",MGRB,1004434,5442489568,$5.4B,large
938,"Upstart Holdings, Inc.",UPST,1647639,5437795847,$5.4B,large
939,WHIRLPOOL CORP /DE/,WHR-PA,106640,5409388540,$5.4B,large
940,FEDERAL HOME LOAN MORTGAGE CORP,FMCKI,1026214,5400000000,$5.4B,large
941,Vontier Corp,VNT,1786842,5400000000,$5.4B,large
942,GATX CORP,GATX,40211,5400000000,$5.4B,large
943,MERIT MEDICAL SYSTEMS INC,MMSI,856982,5400000000,$5.4B,large
944,Essent Group Ltd.,ESNT,1448893,5389787812,$5.4B,large
945,MOHAWK INDUSTRIES INC,MHK,851968,5376388614,$5.4B,large
946,MOOG INC.,MOG-B,67887,5360000000,$5.4B,large
947,"Southwest Gas Holdings, Inc.",SWX,1692115,5354455918,$5.4B,large
948,CIK 1725057,,1725057,5300000000,$5.3B,large
949,NUSCALE POWER Corp,SMR,1822966,5300000000,$5.3B,large
950,"SiteOne Landscape Supply, Inc.",SITE,1650729,5285762414,$5.3B,large
951,IONIS PHARMACEUTICALS INC,IONS,874015,5275488712,$5.3B,large
952,"Option Care Health, Inc.",OPCH,1014739,5271294634,$5.3B,large
953,COGNEX CORP,CGNX,851205,5267183673,$5.3B,large
954,CCC Intelligent Solutions Holdings Inc.,CCC,1818201,5261000000,$5.3B,large
955,HOME BANCSHARES INC,HOMB,1331520,5260000000,$5.3B,large
956,SELECTIVE INSURANCE GROUP INC,SIGIP,230557,5226605951,$5.2B,large
957,THOR INDUSTRIES INC,THO,730263,5226000000,$5.2B,large
958,"FirstCash Holdings, Inc.",FCFS,840489,5217000000,$5.2B,large
959,SPS COMMERCE INC,SPSC,1092699,5200000000,$5.2B,large
960,"Grand Canyon Education, Inc.",LOPE,1434588,5200000000,$5.2B,large
961,"e.l.f. Beauty, Inc.",ELF,1600033,5200000000,$5.2B,large
962,Wayfair Inc.,W,1616707,5200000000,$5.2B,large
963,"UDR, Inc.",UDR,74208,5200000000,$5.2B,large
964,RAMBUS INC,RMBS,917273,5200000000,$5.2B,large
965,abrdn Gold ETF Trust,SGOL,1450923,5197792000,$5.2B,large
966,V F CORP,VFC,103379,5184000000,$5.2B,large
967,FMC CORP,FMC,37785,5177967529,$5.2B,large
968,Shake Shack Inc.,SHAK,1620533,5163677020,$5.2B,large
969,CIK 933136,,933136,5157929056,$5.2B,large
970,BALCHEM CORP,BCPC,9326,5138000000,$5.1B,large
971,StepStone Group Inc.,STEP,1796022,5111500000,$5.1B,large
972,"SentinelOne, Inc.",S,1583708,5100000000,$5.1B,large
973,AGREE REALTY CORP,ADC-PA,917251,5088774755,$5.1B,large
974,"ORMAT TECHNOLOGIES, INC.",ORA,1296445,5086197847,$5.1B,large
975,"GLACIER BANCORP, INC.",GBCI,868671,5081362682,$5.1B,large
976,Main Street Capital CORP,MAIN,1396440,5078600000,$5.1B,large
977,CABOT CORP,CBT,16040,5052810968,$5.1B,large
978,FNB CORP/PA/,FNB,37808,5043012309,$5.0B,large
979,Ark 21Shares Bitcoin ETF,ARKB,1869699,5034361000,$5.0B,large
980,U-Haul Holding Co /NV/,UHAL-B,4457,5028850534,$5.0B,large
981,COUSINS PROPERTIES INC,CUZ,25232,5011905168,$5.0B,large
982,LEAR CORP,LEA,842162,5002133126,$5.0B,large
983,"CIRRUS LOGIC, INC.",CRUS,772406,5001900563,$5.0B,large
984,PEGASYSTEMS INC,PEGA,1013857,5000000000,$5.0B,large
985,SILICON LABORATORIES INC.,SLAB,1038074,5000000000,$5.0B,large
986,WEX Inc.,WEX,1309108,5000000000,$5.0B,large
987,Science Applications International Corp,SAIC,1571123,5000000000,$5.0B,large
988,Hess Midstream LP,HESM,1789832,5000000000,$5.0B,large
989,MP Materials Corp. / DE,MP,1801368,5000000000,$5.0B,large
990,"Viper Energy, Inc.",VNOM,2074176,5000000000,$5.0B,large
991,VALLEY NATIONAL BANCORP,VLYPN,714310,5000000000,$5.0B,large
992,UNITED BANKSHARES INC/WV,UBSI,729986,4995534716,$5.0B,large
993,"AAON, INC.",AAON,824142,4993400000,$5.0B,large
994,FIRST FINANCIAL BANKSHARES INC,FFIN,36029,4960000000,$5.0B,large
995,ADVANCED ENERGY INDUSTRIES INC,AEIS,927003,4950205433,$5.0B,large
996,D-Wave Quantum Inc.,QBTS,1907982,4929610182,$4.9B,large
997,"NEXSTAR MEDIA GROUP, INC.",NXST,1142417,4901766022,$4.9B,large
998,KITE REALTY GROUP TRUST,KRG,1286043,4900000000,$4.9B,large
999,ETSY INC,ETSY,1370637,4900000000,$4.9B,large
1000,"iRhythm Holdings, Inc.",IRTC,1388658,4900000000,$4.9B,large
1001,Madison Square Garden Sports Corp.,MSGS,1636519,4900000000,$4.9B,large
1002,WillScot Holdings Corp,WSC,1647088,4900000000,$4.9B,large
1003,HANCOCK WHITNEY CORP,HWCPZ,750577,4900000000,$4.9B,large
1004,NEW JERSEY RESOURCES CORP,NJR,356309,4899102123,$4.9B,large
1005,"Life360, Inc.",LIFX,1581760,4840000000,$4.8B,large
1006,URBAN OUTFITTERS INC,URBN,912615,4829187910,$4.8B,large
1007,RADIAN GROUP INC,RDN,890926,4826211704,$4.8B,large
1008,GENTEX CORP,GNTX,355811,4813633848,$4.8B,large
1009,"Crocs, Inc.",CROX,1334036,4800000000,$4.8B,large
1010,"UiPath, Inc.",PATH,1734722,4800000000,$4.8B,large
1011,"BILL Holdings, Inc.",BILL,1786352,4800000000,$4.8B,large
1012,"Mirion Technologies, Inc.",MIR,1809987,4800000000,$4.8B,large
1013,"Klaviyo, Inc.",KVYO,1835830,4800000000,$4.8B,large
1014,LANDSTAR SYSTEM INC,LSTR,853816,4792022000,$4.8B,large
1015,PIPER SANDLER COMPANIES,PIPR,1230245,4780000000,$4.8B,large
1016,Grayscale Bitcoin Mini Trust ETF,BTC,2015034,4746331139,$4.7B,large
1017,SITIME Corp,SITM,1451809,4729021877,$4.7B,large
1018,Jackson Financial Inc.,JXN-PA,1822993,4700000000,$4.7B,large
1019,Meritage Homes CORP,MTH,833079,4700000000,$4.7B,large
1020,Alkermes plc.,ALKS,1520262,4657775005,$4.7B,large
1021,ASBURY AUTOMOTIVE GROUP INC,ABG,1144980,4650000000,$4.7B,large
1022,Knife River Corp,KNF,1955520,4626062431,$4.6B,large
1023,NOV Inc.,NOV,1021860,4600000000,$4.6B,large
1024,"FTI CONSULTING, INC",FCN,887936,4600000000,$4.6B,large
1025,Moelis & Co,MC,1596967,4580000000,$4.6B,large
1026,CIK 1012100,,1012100,4555147401,$4.6B,large
1027,NEWMARKET CORP,NEU,1282637,4530332981,$4.5B,large
1028,UL Solutions Inc.,ULS,1901440,4518000000,$4.5B,large
1029,MERCURY SYSTEMS INC,MRCY,1049521,4500000000,$4.5B,large
1030,"HALOZYME THERAPEUTICS, INC.",HALO,1159036,4500000000,$4.5B,large
1031,Warner Music Group Corp.,WMG,1319161,4500000000,$4.5B,large
1032,BOX INC,BXCAP,1372612,4500000000,$4.5B,large
1033,"Oscar Health, Inc.",OSCR,1568651,4500000000,$4.5B,large
1034,CIK 1897982,,1897982,4500000000,$4.5B,large
1035,ALLIANCEBERNSTEIN HOLDING L.P.,AB,825313,4500000000,$4.5B,large
1036,"Lazard, Inc.",LAZ,1311370,4497454911,$4.5B,large
1037,HEXCEL CORP /DE/,HXL,717605,4492763527,$4.5B,large
1038,TIMKEN CO,TKR,98362,4480810537,$4.5B,large
1039,WHITE MOUNTAINS INSURANCE GROUP LTD,WTM,776867,4475428063,$4.5B,large
1040,"StandardAero, Inc.",SARO,2025410,4465333414,$4.5B,large
1041,EPR PROPERTIES,EPR-PG,1045450,4458055841,$4.5B,large
1042,PORTLAND GENERAL ELECTRIC CO /OR/,POR,784977,4436840693,$4.4B,large
1043,"TransMedics Group, Inc.",TMDX,1756262,4427000000,$4.4B,large
1044,SPIRE INC,SRJN,1126956,4420436221,$4.4B,large
1045,"Twin Vee PowerCats, Co.",VEEE,1855509,4415000000,$4.4B,large
1046,"Phillips Edison & Company, Inc.",PECO,1476204,4400000000,$4.4B,large
1047,"Sabra Health Care REIT, Inc.",SBRA,1492298,4400000000,$4.4B,large
1048,"Axsome Therapeutics, Inc.",AXSM,1579428,4400000000,$4.4B,large
1049,VALVOLINE INC,VVV,1674910,4400000000,$4.4B,large
1050,JFrog Ltd,FROG,1800667,4400000000,$4.4B,large
1051,"Lumen Technologies, Inc.",LUMN,18926,4400000000,$4.4B,large
1052,"Amentum Holdings, Inc.",AMTM,2011286,4396836997,$4.4B,large
1053,iShares Ethereum Trust ETF,ETHA,2000638,4395311558,$4.4B,large
1054,Atlantic Union Bankshares Corp,AUB-PA,883948,4392659315,$4.4B,large
1055,Sensata Technologies Holding plc,ST,1477294,4300000000,$4.3B,large
1056,"Frontdoor, Inc.",FTDR,1727263,4300000000,$4.3B,large
1057,"Arcosa, Inc.",ACA,1739445,4300000000,$4.3B,large
1058,BOYD GAMING CORP,BYD,906553,4300000000,$4.3B,large
1059,HERC HOLDINGS INC,HRI,1364479,4290000000,$4.3B,large
1060,SONOCO PRODUCTS CO,SON,91767,4289986457,$4.3B,large
1061,ADT Inc.,ADT,1703056,4282000000,$4.3B,large
1062,"Lantheus Holdings, Inc.",LNTH,1521036,4274700000,$4.3B,large
1063,"Archrock, Inc.",AROC,1389050,4265752484,$4.3B,large
1064,Integer Holdings Corp,ITGR,1114483,4261000000,$4.3B,large
1065,Bitwise Bitcoin ETF,BITB,1763415,4255977600,$4.3B,large
1066,BRUKER CORP,BRKRP,1109354,4251097535,$4.3B,large
1067,"Core Scientific, Inc./tx",CORZR,1839341,4250000000,$4.2B,large
1068,"ADMA BIOLOGICS, INC.",ADMA,1368514,4229956395,$4.2B,large
1069,"INDEPENDENCE REALTY TRUST, INC.",IRT,1466085,4214951514,$4.2B,large
1070,Ameris Bancorp,ABCB,351569,4210000000,$4.2B,large
1071,Primoris Services Corp,PRIM,1361538,4200000000,$4.2B,large
1072,"ONE Gas, Inc.",OGS,1587732,4200000000,$4.2B,large
1073,VIAVI SOLUTIONS INC.,VIAV,912093,4200000000,$4.2B,large
1074,ABERCROMBIE & FITCH CO /DE/,ANF,1018840,4185511161,$4.2B,large
1075,SKYWEST INC,SKYW,793733,4156927217,$4.2B,large
1076,EnerSys,ENS,1289308,4153025193,$4.2B,large
1077,INTERNATIONAL BANCSHARES CORP,IBOC,315709,4136750000,$4.1B,large
1078,"Installed Building Products, Inc.",IBP,1580905,4123968168,$4.1B,large
1079,SENSIENT TECHNOLOGIES CORP,SXT,310142,4117864471,$4.1B,large
1080,AMERICOLD REALTY TRUST,COLD,1455863,4100000000,$4.1B,large
1081,CIK 1484565,,1484565,4100000000,$4.1B,large
1082,"Tenable Holdings, Inc.",TENB,1660280,4100000000,$4.1B,large
1083,CRISPR Therapeutics AG,CRSP,1674416,4100000000,$4.1B,large
1084,Magnolia Oil & Gas Corp,MGY,1698990,4100000000,$4.1B,large
1085,"RadNet, Inc.",RDNT,790526,4100000000,$4.1B,large
1086,KEMPER Corp,KMPB,860748,4100000000,$4.1B,large
1087,GRANITE CONSTRUCTION INC,GVA,861459,4100000000,$4.1B,large
1088,MACERICH CO,MAC,912242,4100000000,$4.1B,large
1089,ESCO TECHNOLOGIES INC,ESE,866706,4095000000,$4.1B,large
1090,BLACK HILLS CORP /SD/,BKH,1130464,4057141834,$4.1B,large
1091,KILROY REALTY CORP,KRC,1025996,4045451305,$4.0B,large
1092,ROBERT HALF INC.,RHI,315213,4039828938,$4.0B,large
1093,"Palomar Holdings, Inc.",PLMR,1761312,4034049965,$4.0B,large
1094,OSI SYSTEMS INC,OSIS,1039065,4020393452,$4.0B,large
1095,VERRA MOBILITY Corp,VRRM,1682745,4018079851,$4.0B,large
1096,"CSW INDUSTRIALS, INC.",CSW,1624794,4012300000,$4.0B,large
1097,Enpro Inc.,NPO,1164863,4008276843,$4.0B,large
1098,GAP INC,GAP,39911,4000000000,$4.0B,large
1099,SEMTECH CORP,SMTC,88941,4000000000,$4.0B,large
1100,ASSOCIATED BANC-CORP,ASB-PF,7789,3998795954,$4.0B,large
1101,CIK 1651311,,1651311,3996500000,$4.0B,large
1102,ASSURED GUARANTY LTD,AGO,1273813,3975235987,$4.0B,large
1103,AVNET INC,AVT,8858,3961019216,$4.0B,large
1104,"Mueller Water Products, Inc.",MWA,1350593,3951500000,$4.0B,large
1105,"ServisFirst Bancshares, Inc.",SFBS,1430723,3949440122,$3.9B,large
1106,FRANKLIN ELECTRIC CO INC,FELE,38725,3941700813,$3.9B,large
1107,HECLA MINING CO/DE/,HL-PB,719413,3940331126,$3.9B,large
1108,Element Solutions Inc,ESI,1590714,3940000000,$3.9B,large
1109,"Boot Barn Holdings, Inc.",BOOT,1610250,3935000000,$3.9B,large
1110,"GOLUB CAPITAL BDC, Inc.",GBDC,1476765,3923000000,$3.9B,large
1111,"EURONET WORLDWIDE, INC.",EEFT,1029199,3900000000,$3.9B,large
1112,SL GREEN REALTY CORP,SLG-PI,1040971,3900000000,$3.9B,large
1113,CIK 1492869,,1492869,3900000000,$3.9B,large
1114,PJT Partners Inc.,PJT,1626115,3900000000,$3.9B,large
1115,Bloom Energy Corp,BE,1664703,3900000000,$3.9B,large
1116,CIK 937556,,937556,3900000000,$3.9B,large
1117,VIASAT INC,VSAT,797721,3893760718,$3.9B,large
1118,INSIGHT ENTERPRISES INC,NSIT,932696,3881353490,$3.9B,large
1119,"Caris Life Sciences, Inc.",CAI,2019410,3870000000,$3.9B,large
1120,"CBIZ, Inc.",CBZ,944148,3830600000,$3.8B,large
1121,CAL-MAINE FOODS INC,CALM,16160,3825418582,$3.8B,large
1122,"Rigetti Computing, Inc.",RGTIW,1838359,3820000000,$3.8B,large
1123,California Resources Corp,CRC,1609253,3803313982,$3.8B,large
1124,"MAXIMUS, INC.",MMS,1032220,3801184315,$3.8B,large
1125,"Inspire Medical Systems, Inc.",INSP,1609550,3801161459,$3.8B,large
1126,CIK 1364885,,1364885,3800000000,$3.8B,large
1127,"RHYTHM PHARMACEUTICALS, INC.",RYTM,1649904,3800000000,$3.8B,large
1128,Zai Lab Ltd,ZLAB,1704292,3800000000,$3.8B,large
1129,"Life Time Group Holdings, Inc.",LTH,1869198,3795100000,$3.8B,large
1130,"Millrose Properties, Inc.",MRP,2017206,3786226188,$3.8B,large
1131,"BGC Group, Inc.",BGC,1094831,3770519808,$3.8B,large
1132,EchoStar CORP,ECHO,1415404,3741000000,$3.7B,large
1133,"QUALYS, INC.",QLYS,1107843,3714000000,$3.7B,large
1134,BRINKS CO,BCO,78890,3704193507,$3.7B,large
1135,"ALLEGRO MICROSYSTEMS, INC.",ALGM,866291,3703521114,$3.7B,large
1136,PLAINS GP HOLDINGS LP,PAGP,1581990,3700000000,$3.7B,large
1137,"Vaxcyte, Inc.",PCVX,1649094,3700000000,$3.7B,large
1138,CLEVELAND-CLIFFS INC.,CLF,764065,3695647401,$3.7B,large
1139,MSC INDUSTRIAL DIRECT CO INC,MSM,1003078,3664801326,$3.7B,large
1140,KADANT INC,KAI,886346,3652564000,$3.7B,large
1141,PERRIGO Co plc,PRGO,1585364,3650573391,$3.7B,large
1142,"Baldwin Insurance Group, Inc.",BWIN,1781755,3632545757,$3.6B,large
1143,"COLUMBIA BANKING SYSTEM, INC.",COLB,887343,3631178288,$3.6B,large
1144,"Kontoor Brands, Inc.",KTB,1760965,3610000000,$3.6B,large
1145,CIK 1977303,,1977303,3608469742,$3.6B,large
1146,Hilton Grand Vacations Inc.,HGV,1674168,3607000000,$3.6B,large
1147,UNITED COMMUNITY BANKS INC,UCB,857855,3601588221,$3.6B,large
1148,"CNO Financial Group, Inc.",CNO-PA,1224608,3600000000,$3.6B,large
1149,Galaxy Digital Inc.,GLXY,1859392,3600000000,$3.6B,large
1150,CIK 1861560,,1861560,3600000000,$3.6B,large
1151,BRUNSWICK CORP,BC-PC,14930,3592036127,$3.6B,large
1152,CIK 66756,,66756,3591830978,$3.6B,large
1153,CNX Resources Corp,CNX,1070412,3582679149,$3.6B,large
1154,"SOUNDHOUND AI, INC.",SOUNW,1840856,3580200000,$3.6B,large
1155,TEXAS CAPITAL BANCSHARES INC/TX,TCBIO,1077428,3569474000,$3.6B,large
1156,RUSH ENTERPRISES INC \TX\,RUSHB,1012019,3565130872,$3.6B,large
1157,HAWKINS INC,HWKN,46250,3549600000,$3.5B,large
1158,"Virtu Financial, Inc.",VIRT,1592386,3542700000,$3.5B,large
1159,"Core Natural Resources, Inc.",CNR,1710366,3514239816,$3.5B,large
1160,KB HOME,KBH,795266,3510028491,$3.5B,large
1161,"Leonardo DRS, Inc.",DRS,1833756,3508000000,$3.5B,large
1162,WORKIVA INC,WK,1445305,3500000000,$3.5B,large
1163,"Victory Capital Holdings, Inc.",VCTR,1570827,3500000000,$3.5B,large
1164,Simply Good Foods Co,SMPL,1702744,3500000000,$3.5B,large
1165,"Krystal Biotech, Inc.",KRYS,1711279,3500000000,$3.5B,large
1166,Covista Inc.,CVSA,730464,3488231961,$3.5B,large
1167,CIK 1600438,,1600438,3471300000,$3.5B,large
1168,"Matson, Inc.",MATX,3453,3466200557,$3.5B,large
1169,"DILLARD'S, INC.",DDT,28917,3465020033,$3.5B,large
1170,CHOICE HOTELS INTERNATIONAL INC /DE,CHH,1046311,3445513422,$3.4B,large
1171,LATTICE SEMICONDUCTOR CORP,LSCC,855658,3426088902,$3.4B,large
1172,"Axos Financial, Inc.",AX,1299709,3416606130,$3.4B,large
1173,PVH CORP. /DE/,PVH,78239,3410569350,$3.4B,large
1174,RAYONIER INC,RYN,52827,3410088408,$3.4B,large
1175,CIK 1363829,,1363829,3400000000,$3.4B,large
1176,"Cinemark Holdings, Inc.",CNK,1385280,3400000000,$3.4B,large
1177,Ultragenyx Pharmaceutical Inc.,RARE,1515673,3400000000,$3.4B,large
1178,CIK 1599901,,1599901,3400000000,$3.4B,large
1179,CIK 1602065,,1602065,3400000000,$3.4B,large
1180,Noble Corp plc,NE-WT,1895262,3400000000,$3.4B,large
1181,PLEXUS CORP,PLXS,785786,3400000000,$3.4B,large
1182,MDU RESOURCES GROUP INC,MDU,67716,3394621007,$3.4B,large
1183,"Construction Partners, Inc.",ROAD,1718227,3385566578,$3.4B,large
1184,TANGER INC.,SKT,899715,3378785572,$3.4B,large
1185,MARZETTI CO,MZTI,57515,3377800000,$3.4B,large
1186,RENASANT CORP,RNST,715072,3347830064,$3.3B,large
1187,AZZ INC,AZZ,8947,3332353625,$3.3B,large
1188,"ACI WORLDWIDE, INC.",ACIW,935036,3310154477,$3.3B,large
1189,"Macy's, Inc.",M,794367,3307905601,$3.3B,large
1190,Travel & Leisure Co.,TNL,1361658,3302014433,$3.3B,large
1191,"FEDERATED HERMES, INC.",FHI,1056288,3300000000,$3.3B,large
1192,"HA Sustainable Infrastructure Capital, Inc.",HASI,1561894,3300000000,$3.3B,large
1193,"Freshpet, Inc.",FRPT,1611647,3300000000,$3.3B,large
1194,"RESIDEO TECHNOLOGIES, INC.",REZI,1740332,3300000000,$3.3B,large
1195,"HIGHWOODS PROPERTIES, INC.",HIW,921082,3300000000,$3.3B,large
1196,GEO GROUP INC,GEO,923796,3300000000,$3.3B,large
1197,"Hercules Capital, Inc.",HCXY,1280784,3260000000,$3.3B,large
1198,"AvePoint, Inc.",AVPT,1777921,3259757209,$3.3B,large
1199,"BLACKLINE, INC.",BL,1666134,3239000000,$3.2B,large
1200,FIRST BANCORP /PR/,FBP,1057706,3238291527,$3.2B,large
1201,FLOWERS FOODS INC,FLO,1128928,3234078278,$3.2B,large
1202,Freedom Holding Corp.,FRHC,924805,3228266994,$3.2B,large
1203,ICU MEDICAL INC/DE,ICUI,883984,3225011330,$3.2B,large
1204,AAR CORP,AIR,1750,3224000000,$3.2B,large
1205,MGE ENERGY INC,MGEE,1161728,3223355207,$3.2B,large
1206,"BLACKSTONE MORTGAGE TRUST, INC.",BXMT,1061630,3200000000,$3.2B,large
1207,CENTRUS ENERGY CORP,LEU,1065059,3200000000,$3.2B,large
1208,BOISE CASCADE Co,BCC,1328581,3200000000,$3.2B,large
1209,PROCEPT BioRobotics Corp,PRCT,1588978,3200000000,$3.2B,large
1210,"Remitly Global, Inc.",RELY,1782170,3200000000,$3.2B,large
1211,CIK 1786205,,1786205,3200000000,$3.2B,large
1212,"Academy Sports & Outdoors, Inc.",ASO,1817358,3200000000,$3.2B,large
1213,Zeta Global Holdings Corp.,ZETA,1851003,3200000000,$3.2B,large
1214,FULTON FINANCIAL CORP,FULTP,700564,3200000000,$3.2B,large
1215,"FLAGSTAR BANK, NATIONAL ASSOCIATION",FLG-PU,910073,3200000000,$3.2B,large
1216,WD 40 CO,WDFC,105132,3191726331,$3.2B,large
1217,BRADY CORP,BRC,746598,3172801733,$3.2B,large
1218,UNIFIRST CORP,UNF,717954,3167000083,$3.2B,large
1219,Sezzle Inc.,SEZL,1662991,3165900000,$3.2B,large
1220,"Compass, Inc.",COMP,1563190,3159363419,$3.2B,large
1221,DENTSPLY SIRONA Inc.,XRAY,818479,3158220816,$3.2B,large
1222,"NorthWestern Energy Group, Inc.",NWE,1993004,3149159359,$3.1B,large
1223,Otter Tail Corp,OTTR,1466593,3126792910,$3.1B,large
1224,GENWORTH FINANCIAL INC,GNW,1276520,3100000000,$3.1B,large
1225,Artisan Partners Asset Management Inc.,APAM,1517302,3100000000,$3.1B,large
1226,"Lineage, Inc.",LINE,1868159,3100000000,$3.1B,large
1227,"FIRST HAWAIIAN, INC.",FHB,36377,3100000000,$3.1B,large
1228,GULFPORT ENERGY CORP,GPOR,874499,3100000000,$3.1B,large
1229,"DROPBOX, INC.",DBX,1467623,3097800000,$3.1B,large
1230,"PENSKE AUTOMOTIVE GROUP, INC.",PAG,1019849,3088386118,$3.1B,large
1231,Freshworks Inc.,FRSH,1544522,3080000000,$3.1B,large
1232,AVISTA CORP,AVA,104918,3078099757,$3.1B,large
1233,CIK 1338749,,1338749,3076200000,$3.1B,large
1234,Six Flags Entertainment Corporation/NEW,FUN,1999001,3069333387,$3.1B,large
1235,WSFS FINANCIAL CORP,WSFS,828944,3065102095,$3.1B,large
1236,RH,RH,1528849,3061262360,$3.1B,large
1237,Graham Holdings Co,GHC,104889,3061000000,$3.1B,large
1238,GRIFFON CORP,GFF,50725,3060000000,$3.1B,large
1239,SIGNET JEWELERS LTD,SIG,832988,3054140516,$3.1B,large
1240,Dave Inc./DE,DAVEW,1841408,3052000000,$3.1B,large
1241,Ralliant Corp,RAL,2041385,3050000000,$3.0B,large
1242,iShares Gold Trust Micro,IAUM,1759124,3040345000,$3.0B,large
1243,FULLER H B CO,FUL,39368,3003336830,$3.0B,large
1244,CATHAY GENERAL BANCORP,CATY,861842,3002701770,$3.0B,large
1245,AVIENT CORP,AVNT,1122976,3000000000,$3.0B,large
1246,"Dolby Laboratories, Inc.",DLB,1308547,3000000000,$3.0B,large
1247,"Broadstone Net Lease, Inc.",BNL,1424182,3000000000,$3.0B,large
1248,"Enphase Energy, Inc.",ENPH,1463101,3000000000,$3.0B,large
1249,Liberty Global Ltd.,LBTYK,1570585,3000000000,$3.0B,large
1250,"Brighthouse Financial, Inc.",BHFAP,1685040,3000000000,$3.0B,large
1251,"Cactus, Inc.",WHD,1699136,3000000000,$3.0B,large
1252,QuantumScape Corp,QS,1811414,3000000000,$3.0B,large
1253,GOODYEAR TIRE & RUBBER CO /OH/,GT,42582,3000000000,$3.0B,large
1254,EXPONENT INC,EXPO,851520,3000000000,$3.0B,large
1255,CIK 896262,,896262,3000000000,$3.0B,large
1256,Atmus Filtration Technologies Inc.,ATMU,1921963,2992200000,$3.0B,large
1257,ABM INDUSTRIES INC /DE/,ABM,771497,2989420395,$3.0B,large
1258,TEREX CORP,TEX,97216,2988000000,$3.0B,large
1259,"LAUREATE EDUCATION, INC.",LAUR,912766,2986000000,$3.0B,large
1260,"COMMUNITY FINANCIAL SYSTEM, INC.",CBU,723188,2983297493,$3.0B,large
1261,"Viking Therapeutics, Inc.",VKTX,1607678,2976737289,$3.0B,large
1262,URANIUM ENERGY CORP,UEC,1334933,2972477921,$3.0B,large
1263,Prestige Consumer Healthcare Inc.,PBH,1295947,2970200000,$3.0B,large
1264,"CAVCO INDUSTRIES, INC.",CVCO,278166,2963526058,$3.0B,large
1265,Concentrix Corp,CNXC,1803599,2948926137,$2.9B,large
1266,WESBANCO INC,WSBCO,203596,2942930253,$2.9B,large
1267,CIK 1330399,,1330399,2937500000,$2.9B,large
1268,KORN FERRY,KFY,56679,2929744000,$2.9B,large
1269,"Hayward Holdings, Inc.",HAYW,1834622,2929389201,$2.9B,large
1270,AMERICAN STATES WATER CO,AWR,1056903,2924564166,$2.9B,large
1271,CHEESECAKE FACTORY INC,CAKE,887596,2906437670,$2.9B,large
1272,IMPINJ INC,PI,1114995,2900000000,$2.9B,large
1273,CIK 1331754,,1331754,2900000000,$2.9B,large
1274,"Protagonist Therapeutics, Inc",PTGX,1377121,2900000000,$2.9B,large
1275,ZoomInfo Technologies Inc.,GTM,1794515,2900000000,$2.9B,large
1276,Trump Media & Technology Group Corp.,DJTWW,1849635,2900000000,$2.9B,large
1277,PATRICK INDUSTRIES INC,PATK,76605,2900000000,$2.9B,large
1278,"M/I HOMES, INC.",MHO,799292,2900000000,$2.9B,large
1279,NATIONAL HEALTH INVESTORS INC,NHI,877860,2900000000,$2.9B,large
1280,"Eastern Bankshares, Inc.",EBC,1810546,2884333931,$2.9B,large
1281,"PennyMac Financial Services, Inc.",PFSI,1745916,2883314266,$2.9B,large
1282,"Lemonade, Inc.",LMND,1691421,2880712049,$2.9B,large
1283,CIK 1799208,,1799208,2877967751,$2.9B,large
1284,CREDIT ACCEPTANCE CORP,CACC,885550,2842500000,$2.8B,large
1285,Burford Capital Ltd,BUR,1714174,2839948646,$2.8B,large
1286,Grayscale Ethereum Staking ETF,ETHE,1725210,2839935512,$2.8B,large
1287,StoneX Group Inc.,SNEX,913760,2838700000,$2.8B,large
1288,"AVIS BUDGET GROUP, INC.",CAR,723612,2832437145,$2.8B,large
1289,ARGAN INC,AGX,100591,2828180674,$2.8B,large
1290,"HARLEY-DAVIDSON, INC.",HOG,793952,2822510184,$2.8B,large
1291,CHESAPEAKE UTILITIES CORP,CPK,19745,2800000000,$2.8B,large
1292,BELDEN INC.,BDC,913142,2797374091,$2.8B,large
1293,ALLIANCE RESOURCE PARTNERS LP,ARLP,1086600,2791674155,$2.8B,large
1294,"Clearway Energy, Inc.",CWEN,1567683,2789000000,$2.8B,large
1295,PAR TECHNOLOGY CORP,PAR,708821,2784987956,$2.8B,large
1296,CIK 1773427,,1773427,2747091342,$2.7B,large
1297,CIK 1561680,,1561680,2719988775,$2.7B,large
1298,"Four Corners Property Trust, Inc.",FCPT,1650132,2719182574,$2.7B,large
1299,People Inc,PPLI,1800227,2712201206,$2.7B,large
1300,"NMI Holdings, Inc.",NMIH,1547903,2710628478,$2.7B,large
1301,"Alight, Inc. / Delaware",ALIT,1809104,2703242376,$2.7B,large
1302,"BREAD FINANCIAL HOLDINGS, INC.",BFH-PB,1101215,2700000000,$2.7B,large
1303,"NORTHERN OIL & GAS, INC.",NOG,1104485,2700000000,$2.7B,large
1304,Western Union CO,WU,1365135,2700000000,$2.7B,large
1305,OUTFRONT Media Inc.,OUT,1579877,2700000000,$2.7B,large
1306,Weatherford International plc,WFRD,1603923,2700000000,$2.7B,large
1307,ACV Auctions Inc.,ACVA,1637873,2700000000,$2.7B,large
1308,"Crinetics Pharmaceuticals, Inc.",CRNX,1658247,2700000000,$2.7B,large
1309,ASHLAND INC.,ASH,1674862,2700000000,$2.7B,large
1310,"Braze, Inc.",BRZE,1676238,2700000000,$2.7B,large
1311,"Lucid Group, Inc.",LCID,1811210,2700000000,$2.7B,large
1312,CIK 72333,,72333,2700000000,$2.7B,large
1313,CIK 39899,,39899,2683112834,$2.7B,large
1314,STANDEX INTERNATIONAL CORP/DE/,SXI,310354,2681246305,$2.7B,large
1315,"Goosehead Insurance, Inc.",GSHD,1726978,2662284768,$2.7B,large
1316,INDEPENDENT BANK CORP,INDB,776901,2657263240,$2.7B,large
1317,"BankUnited, Inc.",BKU,1504008,2643515369,$2.6B,large
1318,Iridium Communications Inc.,IRDM,1418819,2643200000,$2.6B,large
1319,BANK OF HAWAII CORP,BOH-PB,46195,2641853015,$2.6B,large
1320,"Crane NXT, Co.",CXT,25445,2639200410,$2.6B,large
1321,BANCFIRST CORP /OK/,BANFP,760498,2638485942,$2.6B,large
1322,PARK NATIONAL CORP /OH/,PRK,805676,2626149253,$2.6B,large
1323,PROGRESS SOFTWARE CORP /MA,PRGS,876167,2605000000,$2.6B,large
1324,"OPENLANE, Inc.",OPLN,1395942,2602669761,$2.6B,large
1325,VSE CORP,VSECU,102752,2600000000,$2.6B,large
1326,MEDICAL PROPERTIES TRUST INC,MPT,1287865,2600000000,$2.6B,large
1327,"Surgery Partners, Inc.",SGRY,1638833,2600000000,$2.6B,large
1328,"Red Rock Resorts, Inc.",RRR,1653653,2600000000,$2.6B,large
1329,Scholar Rock Holding Corp,SRRK,1727196,2600000000,$2.6B,large
1330,"RXO, Inc.",RXO,1929561,2600000000,$2.6B,large
1331,Karman Holdings Inc.,KRMN,2040127,2600000000,$2.6B,large
1332,"Helmerich & Payne, Inc.",HP,46765,2600000000,$2.6B,large
1333,FIRST INTERSTATE BANCSYSTEM INC,FIBK,860413,2600000000,$2.6B,large
1334,COPT DEFENSE PROPERTIES,CDP,860546,2600000000,$2.6B,large
1335,"Hub Group, Inc.",HUBG,940942,2589081372,$2.6B,large
1336,AMERICAN SUPERCONDUCTOR CORP /DE/,AMSC,880807,2581300000,$2.6B,large
1337,"Clear Secure, Inc.",YOU,1856314,2576287610,$2.6B,large
1338,"Apple Hospitality REIT, Inc.",APLE,1418121,2568813396,$2.6B,large
1339,SSR MINING INC.,SSRGF,921638,2566832789,$2.6B,large
1340,CVB FINANCIAL CORP,CVBF,354647,2560000000,$2.6B,large
1341,"Vertex, Inc.",VERX,1806837,2551796149,$2.6B,large
1342,Quantum Computing Inc.,QUBT,1758009,2545765591,$2.5B,large
1343,"Bancorp, Inc.",TBBK,1295401,2520000000,$2.5B,large
1344,"Everus Construction Group, Inc.",ECG,2015845,2520000000,$2.5B,large
1345,CIK 1369568,,1369568,2514112459,$2.5B,large
1346,"TG THERAPEUTICS, INC.",TGTX,1001316,2500000000,$2.5B,large
1347,CYTOKINETICS INC,CYTK,1061983,2500000000,$2.5B,large
1348,VISTEON CORP,VC,1111335,2500000000,$2.5B,large
1349,WESTLAKE CORP,WLK,1262823,2500000000,$2.5B,large
1350,PBF Energy Inc.,PBF,1534504,2500000000,$2.5B,large
1351,"Intapp, Inc.",INTA,1565687,2500000000,$2.5B,large
1352,Urban Edge Properties,UE,1611547,2500000000,$2.5B,large
1353,LivaNova PLC,LIVN,1639691,2500000000,$2.5B,large
1354,"PELOTON INTERACTIVE, INC.",PTON,1639825,2500000000,$2.5B,large
1355,"WARRIOR MET COAL, INC.",HCC,1691303,2500000000,$2.5B,large
1356,Envista Holdings Corp,NVST,1757073,2500000000,$2.5B,large
1357,Organon & Co.,OGN,1821825,2500000000,$2.5B,large
1358,"BigBear.ai Holdings, Inc.",BBAI-WT,1836981,2500000000,$2.5B,large
1359,CIK 1889956,,1889956,2500000000,$2.5B,large
1360,"Atlanta Braves Holdings, Inc.",BATRB,1958140,2500000000,$2.5B,large
1361,Valaris Ltd,VAL-WT,314808,2500000000,$2.5B,large
1362,BOK FINANCIAL CORP,BOKF,875357,2500000000,$2.5B,large
1363,"PENN Entertainment, Inc.",PENN,921738,2500000000,$2.5B,large
1364,CIK 1314152,,1314152,2491976000,$2.5B,large
1365,ENERPAC TOOL GROUP CORP,EPAC,6955,2490000000,$2.5B,large
1366,Summit Therapeutics Inc.,SMMT,1599298,2483800000,$2.5B,large
1367,ACADIA REALTY TRUST,AKR,899629,2432870000,$2.4B,large
1368,CIK 1356570,,1356570,2427240000,$2.4B,large
1369,Douglas Emmett Inc,DEI,1364250,2420000000,$2.4B,large
1370,SCOTTS MIRACLE-GRO CO,SMG,825542,2415372479,$2.4B,large
1371,Xenon Pharmaceuticals Inc.,XENE,1582313,2404900000,$2.4B,large
1372,"ALKAMI TECHNOLOGY, INC.",ALKT,1529274,2400000000,$2.4B,large
1373,CIK 1618563,,1618563,2400000000,$2.4B,large
1374,DIODES INC /DEL/,DIOD,29002,2400000000,$2.4B,large
1375,SEACOAST BANKING CORP OF FLORIDA,SBCF,730708,2400000000,$2.4B,large
1376,"AMKOR TECHNOLOGY, INC.",AMKR,1047127,2391000000,$2.4B,large
1377,INTERPARFUMS INC,IPAR,822663,2384600367,$2.4B,large
1378,MYR GROUP INC.,MYRG,700923,2380000000,$2.4B,large
1379,LXP Industrial Trust,LXP-PC,910108,2378500000,$2.4B,large
1380,MURPHY OIL CORP,MUR,717423,2375149725,$2.4B,large
1381,"Concentra Group Holdings Parent, Inc.",CON,2014596,2365492630,$2.4B,large
1382,DXC Technology Co,DXC,1688568,2363606269,$2.4B,large
1383,SIMMONS FIRST NATIONAL CORP,SFNC,90498,2349194653,$2.3B,large
1384,"BrightSpring Health Services, Inc.",BTSGU,1865782,2349000000,$2.3B,large
1385,Ubiquiti Inc.,UI,1511737,2340584731,$2.3B,large
1386,Transocean Ltd.,RIG,1451505,2340000000,$2.3B,large
1387,PRICESMART INC,PSMT,1041803,2338529913,$2.3B,large
1388,"Dorman Products, Inc.",DORM,868780,2330749619,$2.3B,large
1389,AGILYSYS INC,AGYS,78749,2328842858,$2.3B,large
1390,Huron Consulting Group Inc.,HURN,1289848,2326000000,$2.3B,large
1391,Twist Bioscience Corp,TWST,1581280,2320000000,$2.3B,large
1392,Capri Holdings Ltd,CPRI,1530721,2308538495,$2.3B,large
1393,BLACKBERRY Ltd,BB,1070235,2300000000,$2.3B,large
1394,ACADIA PHARMACEUTICALS INC,ACAD,1070494,2300000000,$2.3B,large
1395,"RingCentral, Inc.",RNG,1384905,2300000000,$2.3B,large
1396,"CIM GROUP, INC.",CMRF,1498547,2300000000,$2.3B,large
1397,"Marqeta, Inc.",MQ,1522540,2300000000,$2.3B,large
1398,"Mirum Pharmaceuticals, Inc.",MIRM,1759425,2300000000,$2.3B,large
1399,POWER INTEGRATIONS INC,POWI,833640,2300000000,$2.3B,large
1400,PATTERSON UTI ENERGY INC,PTEN,889900,2300000000,$2.3B,large
1401,SANMINA CORP,SANM,897723,2300000000,$2.3B,large
1402,TELEFLEX INC,TFX,96943,2297660795,$2.3B,large
1403,FIRST FINANCIAL BANCORP /OH/,FFBC,708955,2296993000,$2.3B,large
1404,OLIN Corp,OLN,74303,2296919833,$2.3B,large
1405,"Kymera Therapeutics, Inc.",KYMR,1815442,2294800000,$2.3B,large
1406,"EVERTEC, Inc.",EVTC,1559865,2293153226,$2.3B,large
1407,Polaris Inc.,PII,931015,2285523000,$2.3B,large
1408,"Black Stone Minerals, L.P.",BSM,1621434,2277701287,$2.3B,large
1409,WAFD INC,WAFDP,936528,2276388597,$2.3B,large
1410,"Chefs' Warehouse, Inc.",CHEF,1517175,2256669269,$2.3B,large
1411,ALAMO GROUP INC,ALG,897077,2245513970,$2.2B,large
1412,DANA Inc,DAN,26780,2237467839,$2.2B,large
1413,"Stock Yards Bancorp, Inc.",SYBT,835324,2232422008,$2.2B,large
1414,HAEMONETICS CORP,HAE,313143,2226588933,$2.2B,large
1415,CORVEL CORP,CRVL,874866,2224229000,$2.2B,large
1416,CIK 1166388,,1166388,2223286000,$2.2B,large
1417,"CoreCivic, Inc.",CXW,1070985,2216804746,$2.2B,large
1418,"COGENT COMMUNICATIONS HOLDINGS, INC.",CCOI,1158324,2200000000,$2.2B,large
1419,AMBARELLA INC,AMBA,1280263,2200000000,$2.2B,large
1420,"Cheniere Energy Partners, L.P.",CQP,1383650,2200000000,$2.2B,large
1421,"ENERGIZER HOLDINGS, INC.",ENR,1632790,2200000000,$2.2B,large
1422,Howard Hughes Holdings Inc.,HHH,1981792,2200000000,$2.2B,large
1423,Curbline Properties Corp.,CURB,2027317,2200000000,$2.2B,large
1424,COMSTOCK RESOURCES INC,CRK,23194,2200000000,$2.2B,large
1425,FIRST MERCHANTS CORP,FRMEP,712534,2200000000,$2.2B,large
1426,CIK 803649,,803649,2200000000,$2.2B,large
1427,NEWELL BRANDS INC.,NWL,814453,2200000000,$2.2B,large
1428,"TRINET GROUP, INC.",TNET,937098,2200000000,$2.2B,large
1429,BANNER CORP,BANR,946673,2183779995,$2.2B,large
1430,MARRIOTT VACATIONS WORLDWIDE Corp,VAC,1524358,2180020753,$2.2B,large
1431,AXCELIS TECHNOLOGIES INC,ACLS,1113232,2179725003,$2.2B,large
1432,Warby Parker Inc.,WRBY,1504776,2174041230,$2.2B,large
1433,TRINITY INDUSTRIES INC,TRN,99780,2167600000,$2.2B,large
1434,"Skyward Specialty Insurance Group, Inc.",SKWD,1519449,2165161643,$2.2B,large
1435,"Sixth Street Specialty Lending, Inc.",TSLX,1508655,2158484033,$2.2B,large
1436,CIK 1028918,,1028918,2140000000,$2.1B,large
1437,PROVIDENT FINANCIAL SERVICES INC,PFS,1178970,2130000000,$2.1B,large
1438,NBT BANCORP INC,NBTB,790359,2120430098,$2.1B,large
1439,Waystar Holding Corp.,WAY,1990354,2106581546,$2.1B,large
1440,"Rocket Companies, Inc.",RKT,1805284,2105643644,$2.1B,large
1441,"CALIX, INC",CALX,1406666,2101000000,$2.1B,large
1442,"INSPERITY, INC.",NSP,1000753,2100000000,$2.1B,large
1443,"Riot Platforms, Inc.",RIOT,1167419,2100000000,$2.1B,large
1444,"COHEN & STEERS, INC.",CNS,1284812,2100000000,$2.1B,large
1445,InvenTrust Properties Corp.,IVT,1307748,2100000000,$2.1B,large
1446,"Acadia Healthcare Company, Inc.",ACHC,1520697,2100000000,$2.1B,large
1447,SiriusPoint Ltd,SPNT,1576018,2100000000,$2.1B,large
1448,Cushman & Wakefield Ltd.,CWK,1628369,2100000000,$2.1B,large
1449,CIK 1868778,,1868778,2100000000,$2.1B,large
1450,"nCino, Inc.",NCNO,1902733,2100000000,$2.1B,large
1451,Madison Square Garden Entertainment Corp.,MSGE,1952073,2100000000,$2.1B,large
1452,TERADATA CORP /DE/,TDC,816761,2100000000,$2.1B,large
1453,ALBANY INTERNATIONAL CORP /DE/,AIN,819793,2100000000,$2.1B,large
1454,Vericel Corp,VCEL,887359,2100000000,$2.1B,large
1455,Everforth Inc,EFOR,890564,2100000000,$2.1B,large
1456,TIDEWATER INC,TDGMW,98222,2100000000,$2.1B,large
1457,NCR Atleos Corp,NATL,1974138,2080000000,$2.1B,large
1458,TUTOR PERINI CORP,TPC,77543,2072338656,$2.1B,large
1459,Addus HomeCare Corp,ADUS,1468328,2065724000,$2.1B,large
1460,"Alignment Healthcare, Inc.",ALHC,1832466,2060116814,$2.1B,large
1461,ONESPAWORLD HOLDINGS Ltd,OSW,1758488,2058444047,$2.1B,large
1462,"MAGNITE, INC.",MGNI,1595974,2045628555,$2.0B,large
1463,"DoubleVerify Holdings, Inc.",DV,1819928,2040086166,$2.0B,large
1464,"RECURSION PHARMACEUTICALS, INC.",RXRX,1601830,2030000000,$2.0B,large
1465,"Voyager Technologies, Inc./TX",VOYG,1788060,2030000000,$2.0B,large
1466,SYNAPTICS Inc,SYNA,817720,2029344033,$2.0B,large
1467,Payoneer Global Inc.,PAYO,1845815,2019068359,$2.0B,large
1468,"YETI Holdings, Inc.",YETI,1670592,2016715281,$2.0B,large
1469,Sylvamo Corp,SLVM,1856485,2008755141,$2.0B,large
1470,Park Hotels & Resorts Inc.,PK,1617406,2005000000,$2.0B,large
1471,Bausch Health Companies Inc.,BHC,885590,2004729038,$2.0B,large
1472,SM Energy Co,SM,893538,2003565230,$2.0B,large
1473,ENTERPRISE FINANCIAL SERVICES CORP,EFSCP,1025835,2003558653,$2.0B,large
1474,"SmartStop Self Storage REIT, Inc.",SMA,1585389,2000553000,$2.0B,large
1475,"Strategic Education, Inc.",STRA,1013934,2000000000,$2.0B,large
1476,Acushnet Holdings Corp.,GOLF,1672013,2000000000,$2.0B,large
1477,IREN Ltd,IREN,1878848,2000000000,$2.0B,large
1478,"Central Bancompany, Inc.",CBC,2065601,2000000000,$2.0B,large
1479,OCEANEERING INTERNATIONAL INC,OII,73756,2000000000,$2.0B,large
1480,PITNEY BOWES INC /DE/,PBI-PB,78814,2000000000,$2.0B,large
1481,abrdn Silver ETF Trust,SIVR,1450922,1988898000,$2.0B,large
1482,VISHAY INTERTECHNOLOGY INC,VSH,103730,1984000000,$2.0B,large
1483,ARBOR REALTY TRUST INC,ABR-PF,1253986,1980000000,$2.0B,large
1484,"Stride, Inc.",LRN,1157408,1974309000,$2.0B,large
1485,Tecnoglass Holdings Inc.,TGLS,1534675,1972055163,$2.0B,large
1486,NELNET INC,NNI,1258602,1970647108,$2.0B,large
1487,Kinetik Holdings Inc.,KNTK,1692787,1970000000,$2.0B,large
1488,J&J SNACK FOODS CORP,JJSF,785956,1968027965,$2.0B,large
1489,FIRST BUSEY CORP /NV/,BUSEP,314489,1950000000,$1.9B,large
1490,QuidelOrtho Corp,QDEL,1906324,1940523408,$1.9B,large
1491,CIK 1577916,,1577916,1929300000,$1.9B,large
1492,"Green Brick Partners, Inc.",GRBK-PA,1373670,1919559894,$1.9B,large
1493,OFG BANCORP,OFG,1030469,1915000000,$1.9B,large
1494,"AGIOS PHARMACEUTICALS, INC.",AGIO,1439222,1914339201,$1.9B,large
1495,FORMFACTOR INC,FORM,1039399,1912300000,$1.9B,large
1496,Enovis CORP,ENOV,1420800,1910000000,$1.9B,large
1497,"TripAdvisor, Inc.",TRIP,1526520,1903322909,$1.9B,large
1498,FEDERAL AGRICULTURAL MORTGAGE CORP,AGM-PI,845877,1901912280,$1.9B,large
1499,ADVANCE AUTO PARTS INC,AAP,1158449,1900000000,$1.9B,large
1500,"BANC OF CALIFORNIA, INC.",BANC-PF,1169770,1900000000,$1.9B,large
1501,"USA Compression Partners, LP",USAC,1522727,1900000000,$1.9B,large
1502,"Progyny, Inc.",PGNY,1551306,1900000000,$1.9B,large
1503,Atkore Inc.,ATKR,1666138,1900000000,$1.9B,large
1504,"DigitalBridge Group, Inc.",DBRG-PJ,1679688,1900000000,$1.9B,large
1505,"GRAIL, Inc.",GRAL,1699031,1900000000,$1.9B,large
1506,"Kodiak Gas Services, Inc.",KGS,1767042,1900000000,$1.9B,large
1507,"PureCycle Technologies, Inc.",PCTTW,1830033,1900000000,$1.9B,large
1508,CIK 1949543,,1949543,1900000000,$1.9B,large
1509,CIK 1320695,,1320695,1884600000,$1.9B,large
1510,ManpowerGroup Inc.,MAN,871763,1870022393,$1.9B,large
1511,BIOCRYST PHARMACEUTICALS INC,BCRX,882796,1863392680,$1.9B,large
1512,PILGRIMS PRIDE CORP,PPC,802481,1860373070,$1.9B,large
1513,"Alarm.com Holdings, Inc.",ALRM,1459200,1858300000,$1.9B,large
1514,GENESIS ENERGY LP,GEL,1022321,1855000000,$1.9B,large
1515,"Perimeter Solutions, Inc.",PRM,1880319,1854719564,$1.9B,large
1516,EPLUS INC,PLUS,1022408,1849899831,$1.8B,large
1517,Wendy's Co,WEN,30697,1841400000,$1.8B,large
1518,Mobileye Global Inc.,MBLY,1910139,1840000000,$1.8B,large
1519,HAWAIIAN ELECTRIC INDUSTRIES INC,HE,354707,1834863997,$1.8B,large
1520,"Indivior Pharmaceuticals, Inc.",INDV,1625297,1830000000,$1.8B,large
1521,LEVI STRAUSS & CO,LEVI,94845,1823793396,$1.8B,large
1522,UFP TECHNOLOGIES INC,UFPT,914156,1814993392,$1.8B,large
1523,IPG PHOTONICS CORP,IPGP,1111928,1800000000,$1.8B,large
1524,Sunrun Inc.,RUN,1469367,1800000000,$1.8B,large
1525,CIK 1492422,,1492422,1800000000,$1.8B,large
1526,CONSTELLIUM SE,CSTM,1563411,1800000000,$1.8B,large
1527,"IDEAYA Biosciences, Inc.",IDYA,1676725,1800000000,$1.8B,large
1528,"International Seaways, Inc.",INSW,1679049,1800000000,$1.8B,large
1529,"NEWMARK GROUP, INC.",NMRK,1690680,1800000000,$1.8B,large
1530,Liberty Energy Inc.,LBRT,1694028,1800000000,$1.8B,large
1531,ST JOE Co,JOE,745308,1800000000,$1.8B,large
1532,H2O AMERICA,HTO,766829,1800000000,$1.8B,large
1533,STEWART INFORMATION SERVICES CORP,STC,94344,1800000000,$1.8B,large
1534,NETSCOUT SYSTEMS INC,NTCT,1078075,1798552586,$1.8B,large
1535,Cipher Digital Inc.,CIFR,1819989,1796700000,$1.8B,large
1536,FIRST BANCORP /NC/,FBNC,811589,1795079000,$1.8B,large
1537,MERCURY GENERAL CORP,MCY,64996,1789234305,$1.8B,large
1538,"Vistance Networks, Inc.",VISN,1517228,1781600000,$1.8B,large
1539,UNITED NATURAL FOODS INC,UNFI,1020859,1779000000,$1.8B,large
1540,PERDOCEO EDUCATION Corp,PRDO,1046568,1775000000,$1.8B,large
1541,"Apogee Therapeutics, Inc.",APGE,1974640,1757900000,$1.8B,large
1542,KULICKE & SOFFA INDUSTRIES INC,KLIC,56978,1753200000,$1.8B,large
1543,VanEck Merk Gold ETF,OUNZ,1546652,1752291265,$1.8B,large
1544,"WORTHINGTON ENTERPRISES, INC.",WOR,108516,1751131672,$1.8B,large
1545,"Privia Health Group, Inc.",PRVA,1759655,1750000000,$1.8B,large
1546,Hut 8 Corp.,HUT,1964789,1747264000,$1.7B,large
1547,CIK 1178879,,1178879,1744699397,$1.7B,large
1548,"CarGurus, Inc.",CARG,1494259,1739144042,$1.7B,large
1549,GREENBRIER COMPANIES INC,GBX,923120,1735793000,$1.7B,large
1550,ARCBEST CORP /TX/,ARCB,894405,1730288228,$1.7B,large
1551,CIK 1359841,,1359841,1725686462,$1.7B,large
1552,RUM Group Inc.,RUMBW,1830081,1725500000,$1.7B,large
1553,Sotera Health Co,SHC,1822479,1714111104,$1.7B,large
1554,"Customers Bancorp, Inc.",CUBB,1488813,1714105685,$1.7B,large
1555,"STEVEN MADDEN, LTD.",SHOO,913241,1713156667,$1.7B,large
1556,BLACKBAUD INC,BLKB,1280058,1709331328,$1.7B,large
1557,NEXTNAV INC.,NXNVW,1865631,1708615797,$1.7B,large
1558,Huntsman CORP,HUN,1307954,1706900085,$1.7B,large
1559,TMC the metals Co Inc.,TMCWW,1798562,1705461265,$1.7B,large
1560,LEMAITRE VASCULAR INC,LMAT,1158895,1700000000,$1.7B,large
1561,"VERACYTE, INC.",VCYT,1384101,1700000000,$1.7B,large
1562,"Vita Coco Company, Inc.",COCO,1482981,1700000000,$1.7B,large
1563,"Walker & Dunlop, Inc.",WD,1497770,1700000000,$1.7B,large
1564,"Global Net Lease, Inc.",GNL-PD,1526113,1700000000,$1.7B,large
1565,CIK 1528129,,1528129,1700000000,$1.7B,large
1566,Chemours Co,CC,1627223,1700000000,$1.7B,large
1567,"Amneal Pharmaceuticals, Inc.",AMRX,1723128,1700000000,$1.7B,large
1568,Beam Therapeutics Inc.,BEAM,1745999,1700000000,$1.7B,large
1569,"Tarsus Pharmaceuticals, Inc.",TARS,1819790,1700000000,$1.7B,large
1570,PHINIA INC.,PHIN,1968915,1700000000,$1.7B,large
1571,"CG Oncology, Inc.",CGON,1991792,1700000000,$1.7B,large
1572,CITY HOLDING CO,CHCO,726854,1700000000,$1.7B,large
1573,"PATHWARD FINANCIAL, INC.",CASH,907471,1700000000,$1.7B,large
1574,"GIBRALTAR INDUSTRIES, INC.",ROCK,912562,1700000000,$1.7B,large
1575,"SUPERNUS PHARMACEUTICALS, INC.",SUPN,1356576,1694871061,$1.7B,large
1576,HORACE MANN EDUCATORS CORP /DE/,HMN,850141,1692400000,$1.7B,large
1577,"HCI Group, Inc.",HCIIP,1400810,1691271339,$1.7B,large
1578,"Spectrum Brands Holdings, Inc.",SPB,109177,1690000000,$1.7B,large
1579,CIK 1417398,,1417398,1682990619,$1.7B,large
1580,"DigitalOcean Holdings, Inc.",DOCN,1582961,1680000000,$1.7B,large
1581,FIRST COMMONWEALTH FINANCIAL CORP /PA/,FCF,712537,1674644899,$1.7B,large
1582,MATERION Corp,MTRN,1104657,1673905817,$1.7B,large
1583,"Sarepta Therapeutics, Inc.",SRPT,873303,1670773865,$1.7B,large
1584,Lionsgate Studios Corp.,LION,2052959,1664728093,$1.7B,large
1585,GeneDx Holdings Corp.,WGS,1818331,1660000000,$1.7B,large
1586,AMERICAN EAGLE OUTFITTERS INC,AEO,919012,1659429666,$1.7B,large
1587,"UPWORK, INC",UPWK,1627475,1657936950,$1.7B,large
1588,HNI CORP,HNI,48287,1653610031,$1.7B,large
1589,CIK 1858257,,1858257,1649451048,$1.6B,large
1590,Enovix Corp,ENVX,1828318,1640000000,$1.6B,large
1591,LCI INDUSTRIES,LCII,763744,1635882005,$1.6B,large
1592,"Northwest Bancshares, Inc.",NWBI,1471265,1634000000,$1.6B,large
1593,Morgan Stanley Direct Lending Fund,MSDL,1782524,1628000000,$1.6B,large
1594,abrdn Platinum ETF Trust,PPLT,1460235,1615740500,$1.6B,large
1595,WERNER ENTERPRISES INC,WERN,793074,1615000000,$1.6B,large
1596,CIK 1339605,,1339605,1613235044,$1.6B,large
1597,Northwest Natural Holding Co,NWN,1733998,1610512005,$1.6B,large
1598,"OCULAR THERAPEUTIX, INC",OCUL,1393434,1604700000,$1.6B,large
1599,SONIC AUTOMOTIVE INC,SAH,1043509,1600000000,$1.6B,large
1600,NICOLET BANKSHARES INC,NIC,1174850,1600000000,$1.6B,large
1601,"Sunstone Hotel Investors, Inc.",SHO-PI,1295810,1600000000,$1.6B,large
1602,DiamondRock Hospitality Co,DRH,1298946,1600000000,$1.6B,large
1603,Brookdale Senior Living Inc.,BKD,1332349,1600000000,$1.6B,large
1604,DNOW Inc.,DNOW,1599617,1600000000,$1.6B,large
1605,"Donnelley Financial Solutions, Inc.",DFIN,1669811,1600000000,$1.6B,large
1606,CIK 1687221,,1687221,1600000000,$1.6B,large
1607,"Root, Inc.",ROOT,1788882,1600000000,$1.6B,large
1608,NCR Voyix Corp,NCRRP,70866,1600000000,$1.6B,large
1609,LIGAND PHARMACEUTICALS INC,LGNYZ,886163,1600000000,$1.6B,large
1610,PAPA JOHNS INTERNATIONAL INC,PZZA,901491,1586641166,$1.6B,large
1611,CALIFORNIA WATER SERVICE GROUP,CWT,1035201,1582000000,$1.6B,large
1612,"AtriCure, Inc.",ATRC,1323885,1571500000,$1.6B,large
1613,"Slide Insurance Holdings, Inc.",SLDE,1886428,1568646159,$1.6B,large
1614,VanEck Bitcoin ETF,HODL,1838028,1568121495,$1.6B,large
1615,Ingevity Corp,NGVT,1653477,1567103311,$1.6B,large
1616,Planet Labs PBC,PL,1836833,1562830913,$1.6B,large
1617,LTC PROPERTIES INC,LTC,887905,1561278000,$1.6B,large
1618,INNODATA INC,INOD,903651,1559767165,$1.6B,large
1619,COLUMBIA SPORTSWEAR CO,COLM,1050797,1559351388,$1.6B,large
1620,CIK 1320414,,1320414,1558171836,$1.6B,large
1621,BOSTON BEER CO INC,SAM,949870,1558130000,$1.6B,large
1622,Goldman Sachs Physical Gold ETF,AAAU,1708646,1544176538,$1.5B,large
1623,"Phreesia, Inc.",PHR,1412408,1541348304,$1.5B,large
1624,"ICF International, Inc.",ICFI,1362004,1538000000,$1.5B,large
1625,FB Financial Corp,FBK,1649749,1537509208,$1.5B,large
1626,"WisdomTree, Inc.",WT,880631,1534924970,$1.5B,large
1627,"Teladoc Health, Inc.",TDOC,1477449,1531762802,$1.5B,large
1628,"Arcutis Biotherapeutics, Inc.",ARQT,1787306,1527940146,$1.5B,large
1629,WORLD KINECT CORP,WKC,789460,1525000000,$1.5B,large
1630,"Limbach Holdings, Inc.",LMB,1606163,1523500000,$1.5B,large
1631,BUCKLE INC,BKE,885245,1523351809,$1.5B,large
1632,QUAKER CHEMICAL CORP,KWR,81362,1514771520,$1.5B,large
1633,LAKELAND FINANCIAL CORP,LKFN,721994,1512755000,$1.5B,large
1634,EXTREME NETWORKS INC,EXTR,1078271,1500000000,$1.5B,large
1635,JETBLUE AIRWAYS CORP,JBLU,1158463,1500000000,$1.5B,large
1636,GLOBAL PARTNERS LP,GLP,1323468,1500000000,$1.5B,large
1637,"Century Communities, Inc.",CCS,1576940,1500000000,$1.5B,large
1638,Knowles Corp,KN,1587523,1500000000,$1.5B,large
1639,"Xometry, Inc.",XMTR,1657573,1500000000,$1.5B,large
1640,Immunocore Holdings plc,IMCR,1671927,1500000000,$1.5B,large
1641,"Hinge Health, Inc.",HNGE,1673743,1500000000,$1.5B,large
1642,INNOVATIVE INDUSTRIAL PROPERTIES INC,IIPR-PA,1677576,1500000000,$1.5B,large
1643,"SailPoint, Inc.",SAIL,2030781,1500000000,$1.5B,large
1644,DYNEX CAPITAL INC,DX-PC,826675,1500000000,$1.5B,large
1645,"JOHN WILEY & SONS, INC.",WLYB,107140,1498000000,$1.5B,large
1646,Victoria's Secret & Co.,VSXY,1856437,1492198063,$1.5B,large
1647,"APPLIED OPTOELECTRONICS, INC.",AAOI,1158114,1491234829,$1.5B,large
1648,CIK 2008861,,2008861,1490249283,$1.5B,large
1649,"Armour Residential REIT, Inc.",ARR-PC,1428205,1477111863,$1.5B,large
1650,"Rapid7, Inc.",RPD,1560327,1472401190,$1.5B,large
1651,WOLVERINE WORLD WIDE INC /DE/,WWW,110471,1471743972,$1.5B,large
1652,PLUG POWER INC,PLUG,1093691,1463243116,$1.5B,large
1653,"Arlo Technologies, Inc.",ARLO,1736946,1454000000,$1.5B,large
1654,"CRACKER BARREL OLD COUNTRY STORE, INC",CBRL,1067294,1441040212,$1.4B,large
1655,abrdn Precious Metals Basket ETF Trust,GLTR,1483386,1440213750,$1.4B,large
1656,EDGEWELL PERSONAL CARE Co,EPC,1096752,1436230216,$1.4B,large
1657,LINDSAY CORP,LNN,836157,1435554352,$1.4B,large
1658,S&T BANCORP INC,STBA,719220,1434409389,$1.4B,large
1659,GETTY REALTY CORP /MD/,GTY,1052752,1430225000,$1.4B,large
1660,YELP INC,YELP,1345016,1423349104,$1.4B,large
1661,TENNANT CO,TNC,97134,1417121984,$1.4B,large
1662,"UPBOUND GROUP, INC.",UPBD,933036,1412799433,$1.4B,large
1663,National Bank Holdings Corp,NBHC,1475841,1411000000,$1.4B,large
1664,"GERMAN AMERICAN BANCORP, INC.",GABC,714395,1409904373,$1.4B,large
1665,UNIVERSAL CORP /VA/,UVV,102037,1400000000,$1.4B,large
1666,"Sweetgreen, Inc.",SG,1477815,1400000000,$1.4B,large
1667,"PagerDuty, Inc.",PD,1568100,1400000000,$1.4B,large
1668,"Vital Farms, Inc.",VITL,1579733,1400000000,$1.4B,large
1669,"Navan, Inc.",NAVN,1639723,1400000000,$1.4B,large
1670,NETSTREIT Corp.,NTST,1798100,1400000000,$1.4B,large
1671,"Disc Medicine, Inc.",IRON,1816736,1400000000,$1.4B,large
1672,"Certara, Inc.",CERT,1827090,1400000000,$1.4B,large
1673,CIK 1959348,,1959348,1400000000,$1.4B,large
1674,"Calumet, Inc. /DE",CLMT,2013745,1400000000,$1.4B,large
1675,TRICO BANCSHARES /,TCBK,356171,1400000000,$1.4B,large
1676,"UMH PROPERTIES, INC.",UMH-PD,752642,1400000000,$1.4B,large
1677,POWELL INDUSTRIES INC,POWL,80420,1400000000,$1.4B,large
1678,BENCHMARK ELECTRONICS INC,BHE,863436,1400000000,$1.4B,large
1679,"ARROWHEAD PHARMACEUTICALS, INC.",ARWR,879407,1400000000,$1.4B,large
1680,Hillman Solutions Corp.,HLMN,1822492,1398000000,$1.4B,large
1681,"ARTIVION, INC.",AORT,784199,1393778346,$1.4B,large
1682,Adaptive Biotechnologies Corp,ADPT,1478320,1385000000,$1.4B,large
1683,Elme Communities,ELME,104894,1382385686,$1.4B,large
1684,SUBURBAN PROPANE PARTNERS LP,SPH,1005210,1380607000,$1.4B,large
1685,Grindr Inc.,GRND,1820144,1380000000,$1.4B,large
1686,"IES Holdings, Inc.",IESC,1048268,1378300000,$1.4B,large
1687,"A10 Networks, Inc.",ATEN,1580808,1377600000,$1.4B,large
1688,"Rush Street Interactive, Inc.",RSI,1793659,1376213662,$1.4B,large
1689,"ACM Research, Inc.",ACMR,1680062,1371200000,$1.4B,large
1690,"Empire State Realty Trust, Inc.",ESRT,1541401,1361556000,$1.4B,large
1691,CIK 794619,,794619,1357038109,$1.4B,large
1692,"Paymentus Holdings, Inc.",PAY,1841156,1353800000,$1.4B,large
1693,Flywire Corp,FLYW,1580560,1351794027,$1.4B,large
1694,NewAmsterdam Pharma Co N.V.,NAMSW,1936258,1345893076,$1.3B,large
1695,"AMC ENTERTAINMENT HOLDINGS, INC.",AMC,1411579,1342745039,$1.3B,large
1696,CIK 1012477,,1012477,1342171790,$1.3B,large
1697,MoonLake Immunotherapeutics,MLTX,1821586,1340000000,$1.3B,large
1698,LA-Z-BOY INC,LZB,57131,1339000000,$1.3B,large
1699,"MasterBrand, Inc.",MBC,1941365,1336014734,$1.3B,large
1700,Ellington Financial Inc.,EFC-PC,1411342,1333824255,$1.3B,large
1701,FIRST ADVANTAGE CORP,FA,1210677,1331899011,$1.3B,large
1702,Grayscale Ethereum Staking Mini ETF,ETH,2020455,1331604817,$1.3B,large
1703,GraniteShares Gold Trust,BAR,1690437,1330184500,$1.3B,large
1704,Bitwise 10 Crypto Index ETF,BITW,1723788,1326351938,$1.3B,large
1705,"TRUPANION, INC.",TRUP,1371285,1324459301,$1.3B,large
1706,"Harmony Biosciences Holdings, Inc.",HRMY,1802665,1322400000,$1.3B,large
1707,CIK 850209,,850209,1319697917,$1.3B,large
1708,HOPE BANCORP INC,HOPE,1128361,1313217875,$1.3B,large
1709,"Turning Point Brands, Inc.",TPB,1290677,1310000000,$1.3B,large
1710,"Ouster, Inc.",OUST,1816581,1309700000,$1.3B,large
1711,"Travere Therapeutics, Inc.",TVTX,1438533,1309524306,$1.3B,large
1712,CIK 1005757,,1005757,1301993383,$1.3B,large
1713,ANI PHARMACEUTICALS INC,ANIP,1023024,1300000000,$1.3B,large
1714,"LEGALZOOM.COM, INC.",LZ,1286139,1300000000,$1.3B,large
1715,"Alphatec Holdings, Inc.",ATEC,1350653,1300000000,$1.3B,large
1716,TANDEM DIABETES CARE INC,TNDM,1438133,1300000000,$1.3B,large
1717,"Apollo Commercial Real Estate Finance, Inc.",ARI,1467760,1300000000,$1.3B,large
1718,CIK 1473844,,1473844,1300000000,$1.3B,large
1719,"Asana, Inc.",ASAN,1477720,1300000000,$1.3B,large
1720,CIK 1532961,,1532961,1300000000,$1.3B,large
1721,"Evolent Health, Inc.",EVH,1628908,1300000000,$1.3B,large
1722,"National Vision Holdings, Inc.",EYE,1710155,1300000000,$1.3B,large
1723,CIK 1721947,,1721947,1300000000,$1.3B,large
1724,CLARIVATE PLC,CLVT,1764046,1300000000,$1.3B,large
1725,"10x Genomics, Inc.",TXG,1770787,1300000000,$1.3B,large
1726,CIK 1819394,,1819394,1300000000,$1.3B,large
1727,"Vera Therapeutics, Inc.",VERA,1831828,1300000000,$1.3B,large
1728,"Intuitive Machines, Inc.",LUNR,1844452,1300000000,$1.3B,large
1729,Crescent Energy Co,CRGY,1866175,1300000000,$1.3B,large
1730,"Celldex Therapeutics, Inc.",CLDX,744218,1300000000,$1.3B,large
1731,KAISER ALUMINUM CORP,KALU,811596,1300000000,$1.3B,large
1732,"OMNICELL, INC.",OMCL,926326,1300000000,$1.3B,large
1733,CIK 1545654,,1545654,1297190804,$1.3B,large
1734,CIK 1392972,,1392972,1296516929,$1.3B,large
1735,CIK 1567925,,1567925,1294636000,$1.3B,large
1736,INNOSPEC INC.,IOSP,1054905,1289000000,$1.3B,large
1737,"Eos Energy Enterprises, Inc.",EOSEW,1805077,1283000000,$1.3B,large
1738,"Schneider National, Inc.",SNDR,1692063,1273300000,$1.3B,large
1739,TERAWULF INC.,WULF,1083301,1272261399,$1.3B,large
1740,United Parks & Resorts Inc.,PRKS,1564902,1272248356,$1.3B,large
1741,"PAR PACIFIC HOLDINGS, INC.",PARR,821483,1267736899,$1.3B,large
1742,"Innoviva, Inc.",INVA,1080014,1260000000,$1.3B,large
1743,COASTAL FINANCIAL CORP,CCB,1437958,1255281080,$1.3B,large
1744,Criteo S.A.,CRTO,1576427,1254000000,$1.3B,large
1745,Fidelity Ethereum Fund,FETH,2000046,1253466000,$1.3B,large
1746,"Immunovant, Inc.",IMVT,1764013,1252100000,$1.3B,large
1747,Hilltop Holdings Inc.,HTH,1265131,1250000000,$1.2B,large
1748,"Delek US Holdings, Inc.",DK,1694426,1243507000,$1.2B,large
1749,"Triumph Financial, Inc.",TFIN-P,1539638,1241998000,$1.2B,large
1750,CTS CORP,CTS,26058,1241753026,$1.2B,large
1751,"DORCHESTER MINERALS, L.P.",DMLP,1172358,1238406846,$1.2B,large
1752,"NAPCO SECURITY TECHNOLOGIES, INC",NSSC,69633,1238078616,$1.2B,large
1753,UNIVERSAL TECHNICAL INSTITUTE INC,UTI,1261654,1237000000,$1.2B,large
1754,ROGERS CORP,ROG,84748,1236592460,$1.2B,large
1755,"Goldman Sachs BDC, Inc.",GSBD,1572694,1232950000,$1.2B,large
1756,Invesco DB Commodity Index Tracking Fund,DBC,1328237,1231174500,$1.2B,large
1757,Oaktree Specialty Lending Corp,OCSL,1414932,1231000000,$1.2B,large
1758,CIK 1847903,,1847903,1227567000,$1.2B,large
1759,"United States Oil Fund, LP",USO,1327068,1226307166,$1.2B,large
1760,CIK 1050825,,1050825,1223100000,$1.2B,large
1761,CIMPRESS plc,CMPR,1262976,1220000000,$1.2B,large
1762,"Amplitude, Inc.",AMPL,1866692,1214900000,$1.2B,large
1763,CIK 924901,,924901,1208976178,$1.2B,large
1764,CAPITAL SOUTHWEST CORP,CSWC,17313,1208032692,$1.2B,large
1765,Ladder Capital Corp,LADR,1577670,1206473100,$1.2B,large
1766,"Happen, Inc.",HAPN,1409970,1205883976,$1.2B,large
1767,"Andersons, Inc.",ANDE,821026,1205300000,$1.2B,large
1768,VEECO INSTRUMENTS INC,VECO,103145,1205043869,$1.2B,large
1769,INTERFACE INC,TILE,715787,1203605034,$1.2B,large
1770,"CRA INTERNATIONAL, INC.",CRAI,1053706,1200000000,$1.2B,large
1771,PEABODY ENERGY CORP,BTU,1064728,1200000000,$1.2B,large
1772,Pebblebrook Hotel Trust,PEB-PG,1474098,1200000000,$1.2B,large
1773,"C3.ai, Inc.",AI,1577526,1200000000,$1.2B,large
1774,"LGI Homes, Inc.",LGIH,1580670,1200000000,$1.2B,large
1775,NextDecade Corp,NEXT,1612720,1200000000,$1.2B,large
1776,"Coursera, Inc.",COUR,1651562,1200000000,$1.2B,large
1777,"Kimbell Royalty Partners, LP",KRP,1657788,1200000000,$1.2B,large
1778,"Edgewise Therapeutics, Inc.",EWTX,1710072,1200000000,$1.2B,large
1779,Grocery Outlet Holding Corp.,GO,1771515,1200000000,$1.2B,large
1780,Perella Weinberg Partners,PWP,1777835,1200000000,$1.2B,large
1781,Sable Offshore Corp.,SOC,1831481,1200000000,$1.2B,large
1782,DUCOMMUN INC /DE/,DCO,30305,1200000000,$1.2B,large
1783,BEL FUSE INC /NJ,BELFB,729580,1200000000,$1.2B,large
1784,CONMED Corp,CNMD,816956,1200000000,$1.2B,large
1785,MINERALS TECHNOLOGIES INC,MTX,891014,1200000000,$1.2B,large
1786,IMAX CORP,IMAX,921582,1200000000,$1.2B,large
1787,APARTMENT INVESTMENT & MANAGEMENT CO,AIV,922864,1200000000,$1.2B,large
1788,"Aeva Technologies, Inc.",AEVA,1789029,1197000000,$1.2B,large
1789,"Xenia Hotels & Resorts, Inc.",XHR,1616000,1190000000,$1.2B,large
1790,1ST SOURCE CORP,SRCE,34782,1183258224,$1.2B,large
1791,LEGGETT & PLATT INC,LEG,58492,1182418000,$1.2B,large
1792,WESTAMERICA BANCORPORATION,WABC,311094,1179753833,$1.2B,large
1793,Navitas Semiconductor Corp,NVTS,1821769,1177000000,$1.2B,large
1794,KENNAMETAL INC,KMT,55242,1173200000,$1.2B,large
1795,"LiveRamp Holdings, Inc.",RAMP,733269,1170058106,$1.2B,large
1796,G III APPAREL GROUP LTD /DE/,GIII,821002,1166321849,$1.2B,large
1797,Garrett Motion Inc.,GTX,1735707,1165000000,$1.2B,large
1798,Reynolds Consumer Products Inc.,REYN,1786431,1163000000,$1.2B,large
1799,STEPAN CO,SCL,94049,1161792172,$1.2B,large
1800,Green Thumb Industries Inc.,GTBIF,1795139,1161708000,$1.2B,large
1801,CIK 1127703,,1127703,1158734618,$1.2B,large
1802,"Five9, Inc.",FIVN,1288847,1158500000,$1.2B,large
1803,SAFETY INSURANCE GROUP INC,SAFT,1172052,1158391399,$1.2B,large
1804,Vestis Corp,VSTS,1967649,1146700000,$1.1B,large
1805,Gogo Inc.,GOGO,1537054,1142289746,$1.1B,large
1806,Beacon Financial Corp,BBT,1108134,1140000000,$1.1B,large
1807,"VIRTUS INVESTMENT PARTNERS, INC.",VRTS,883237,1140000000,$1.1B,large
1808,"O-I Glass, Inc. /DE/",OI,812074,1134960000,$1.1B,large
1809,"CLOVER HEALTH INVESTMENTS, CORP. /DE",CLOV,1801170,1131971907,$1.1B,large
1810,MANNKIND CORP,MNKD,899460,1131550191,$1.1B,large
1811,ENERGY FUELS INC,UUUU,1385849,1130000000,$1.1B,large
1812,"Schrodinger, Inc.",SDGR,1490978,1124429157,$1.1B,large
1813,QCR HOLDINGS INC,QCRH,906465,1122163334,$1.1B,large
1814,Bank First Corp,BFC,1746109,1120000000,$1.1B,large
1815,"Worthington Steel, Inc.",WS,1968487,1116545985,$1.1B,large
1816,Callaway Golf Co,CALY,837465,1116200000,$1.1B,large
1817,CIK 1501570,,1501570,1115575000,$1.1B,large
1818,"Kiniksa Pharmaceuticals International, plc",KNSA,1730430,1114000000,$1.1B,large
1819,Pagaya Technologies Ltd.,PGYWW,1883085,1113790997,$1.1B,large
1820,"HELIOS TECHNOLOGIES, INC.",HLIO,1024795,1111893953,$1.1B,large
1821,CHIMERA INVESTMENT CORP,CIMO,1409493,1107087713,$1.1B,large
1822,TALOS ENERGY INC.,TALO,1724965,1106796185,$1.1B,large
1823,DXP ENTERPRISES INC,DXPE,1020710,1100000000,$1.1B,large
1824,COTY INC.,COTY,1024305,1100000000,$1.1B,large
1825,"Astrana Health, Inc.",ASTH,1083446,1100000000,$1.1B,large
1826,"MAXLINEAR, INC",MXL,1288469,1100000000,$1.1B,large
1827,"Globalstar, Inc.",GSAT,1366868,1100000000,$1.1B,large
1828,CIK 1439095,,1439095,1100000000,$1.1B,large
1829,TWO HARBORS INVESTMENT CORP.,TWOD,1465740,1100000000,$1.1B,large
1830,CIK 1496454,,1496454,1100000000,$1.1B,large
1831,"Sprout Social, Inc.",SPT,1517375,1100000000,$1.1B,large
1832,"Sprinklr, Inc.",CXM,1569345,1100000000,$1.1B,large
1833,"Hamilton Insurance Group, Ltd.",HG,1593275,1100000000,$1.1B,large
1834,"Spyre Therapeutics, Inc.",SYRE,1636282,1100000000,$1.1B,large
1835,CIK 1657312,,1657312,1100000000,$1.1B,large
1836,Adient plc,ADNT,1670541,1100000000,$1.1B,large
1837,JBG SMITH Properties,JBGS,1689796,1100000000,$1.1B,large
1838,Denali Therapeutics Inc.,DNLI,1714899,1100000000,$1.1B,large
1839,Sphere Entertainment Co.,SPHR,1795250,1100000000,$1.1B,large
1840,"Janux Therapeutics, Inc.",JANX,1817713,1100000000,$1.1B,large
1841,Atlas Energy Solutions Inc.,AESI,1984060,1100000000,$1.1B,large
1842,"MILLERKNOLL, INC.",MLKN,66382,1100000000,$1.1B,large
1843,"ConnectOne Bancorp, Inc.",CNOBP,712771,1100000000,$1.1B,large
1844,CIK 824410,,824410,1100000000,$1.1B,large
1845,"ARS Pharmaceuticals, Inc.",SPRY,1671858,1094900000,$1.1B,large
1846,DORIAN LPG LTD.,LPG,1596993,1093630707,$1.1B,large
1847,WINNEBAGO INDUSTRIES INC,WGO,107687,1093005000,$1.1B,large
1848,RLJ Lodging Trust,RLJ-PA,1511337,1085810857,$1.1B,large
1849,ASTRONICS CORP,ATROB,8063,1082000000,$1.1B,large
1850,"Dime Commercial Bancshares, Inc. /NY/",DCOM-P,846617,1080000000,$1.1B,large
1851,DEL MONTE CORP,DMC,1047340,1079979727,$1.1B,large
1852,Sabre Corp,SABR,1597033,1074779962,$1.1B,large
1853,PennantPark Floating Rate Capital Ltd.,PFLA,1504619,1069500000,$1.1B,large
1854,NOVAGOLD RESOURCES INC,NG,1173420,1068600000,$1.1B,large
1855,UNITED STATES LIME & MINERALS INC,USLM,82020,1066695434,$1.1B,large
1856,"DIEBOLD NIXDORF, Inc",DBD,28823,1062492335,$1.1B,large
1857,"Cannae Holdings, Inc.",CNNE,1704720,1061691612,$1.1B,large
1858,"Origin Bancorp, Inc.",OBK,1516912,1060000000,$1.1B,large
1859,"Live Oak Bancshares, Inc.",LOB-PA,1462120,1054284376,$1.1B,large
1860,"Omada Health, Inc.",OMDA,1611115,1050000000,$1.1B,large
1861,"Penguin Solutions, Inc.",PENG,1616533,1050000000,$1.1B,large
1862,Biohaven Ltd.,BHVN,1935979,1044000000,$1.0B,large
1863,"American Assets Trust, Inc.",AAT,1500217,1042000000,$1.0B,large
1864,AdaptHealth Corp.,AHCO,1725255,1040000000,$1.0B,large
1865,Dole plc,DOLE,1857475,1037784426,$1.0B,large
1866,Uniti Group Inc.,UNIT,2020795,1034749382,$1.0B,large
1867,"Jingbo Technology, Inc.",SVMB,1647822,1033970872,$1.0B,large
1868,Blue Bird Corp,BLBD,1589526,1033900000,$1.0B,large
1869,PEOPLES BANCORP INC,PEBO,318300,1029478000,$1.0B,large
1870,"Camping World Holdings, Inc.",CWH,1669779,1027431568,$1.0B,large
1871,BARRETT BUSINESS SERVICES INC,BBSI,902791,1025988565,$1.0B,large
1872,VICOR CORP,VICR,751978,1020010501,$1.0B,large
1873,"Ultra Clean Holdings, Inc.",UCTT,1275014,1019600000,$1.0B,large
1874,NOVAVAX INC,NVAX,1000694,1018000000,$1.0B,large
1875,DIGI INTERNATIONAL INC,DGII,854775,1010000000,$1.0B,large
1876,CENTERSPACE,CSR,798359,1004902285,$1.0B,large
1877,"HARROW, INC.",HROW,1360214,1004000000,$1.0B,large
1878,BJs RESTAURANTS INC,BJRI,1013488,1003428121,$1.0B,large
1879,Next Technology Holding Inc.,NXTT,1784970,1003409810,$1.0B,large
1880,"Azenta, Inc.",AZTA,933974,1003383280,$1.0B,large
1881,"CareDx, Inc.",CDNA,1217234,1000000000,$1.0B,large
1882,"Willdan Group, Inc.",WLDN,1370450,1000000000,$1.0B,large
1883,"Hudson Pacific Properties, Inc.",HPP-PC,1482512,1000000000,$1.0B,large
1884,"Fastly, Inc.",FSLY,1517413,1000000000,$1.0B,large
1885,"Dave & Buster's Entertainment, Inc.",PLAY,1525769,1000000000,$1.0B,large
1886,NAVIENT CORP,JSM,1593538,1000000000,$1.0B,large
1887,Aurinia Pharmaceuticals Inc.,AUPH,1600620,1000000000,$1.0B,large
1888,Driven Brands Holdings Inc.,DRVN,1804745,1000000000,$1.0B,large
1889,"Enact Holdings, Inc.",ACT,1823529,1000000000,$1.0B,large
1890,Symbotic Inc.,SYM,1837240,1000000000,$1.0B,large
1891,Ivanhoe Electric Inc.,IE,1879016,1000000000,$1.0B,large
1892,TRIMAS CORP,TRS,842633,1000000000,$1.0B,large
1893,"Evolv Technologies Holdings, Inc.",EVLV,1805385,999000000,$999M,large
1894,CNA FINANCIAL CORP,CNA,21175,998000000,$998M,large
1895,NovoCure Ltd,NVCR,1645113,994959266,$995M,large
1896,New Mountain Finance Corp,NMFCZ,1496099,994000000,$994M,large
1897,Merchants Bancorp,MBINL,1629019,990600000,$991M,large
1898,"Pennant Group, Inc.",PNTG,1766400,989438000,$989M,large
1899,OCEANFIRST FINANCIAL CORP,OCFC,1004702,977631160,$978M,large
1900,CIK 1021162,,1021162,977000000,$977M,large
1901,ESTABLISHMENT LABS HOLDINGS INC.,ESTA,1688757,975097617,$975M,large
1902,NEOGEN CORP,NEOG,711377,972141875,$972M,large
1903,"MFA FINANCIAL, INC.",MFAO,1055160,966000000,$966M,large
1904,"Janus International Group, Inc.",JBI,1839839,966000000,$966M,large
1905,CIK 277638,,277638,961760585,$962M,large
1906,"Solaris Energy Infrastructure, Inc.",SEI,1697500,959438489,$959M,large
1907,MIDDLESEX WATER CO,MSEXP,66004,954602892,$955M,large
1908,CIK 1515816,,1515816,954174904,$954M,large
1909,"NLIGHT, INC.",LASR,1124796,953500000,$954M,large
1910,"Dyne Therapeutics, Inc.",DYN,1818794,948000000,$948M,large
1911,ASTEC INDUSTRIES INC,ASTE,792987,947900000,$948M,large
1912,"Carlyle Secured Lending, Inc.",CGBD,1544206,947175156,$947M,large
1913,NATURAL RESOURCE PARTNERS LP,NRP,1171486,947000000,$947M,large
1914,"Akebia Therapeutics, Inc.",AKBA,1517022,946381036,$946M,large
1915,"Easterly Government Properties, Inc.",DEA,1622194,946000000,$946M,large
1916,CENTURY ALUMINUM CO,CENX,949157,946000000,$946M,large
1917,"Viridian Therapeutics, Inc.\DE",VRDN,1590750,943000000,$943M,large
1918,INGLES MARKETS INC,IMKTA,50493,938100000,$938M,large
1919,Acadian Asset Management Inc.,AAMI,1748824,935317174,$935M,large
1920,PHOTRONICS INC,PLAB,810136,934773176,$935M,large
1921,COMMUNITY TRUST BANCORP INC /KY/,CTBI,350852,934500000,$934M,large
1922,Ecovyst Inc.,ECVT,1708035,932918934,$933M,large
1923,CIK 1842718,,1842718,928000000,$928M,large
1924,"COLLEGIUM PHARMACEUTICAL, INC",COLL,1267565,926400000,$926M,large
1925,INTEGRA LIFESCIENCES HOLDINGS CORP,IART,917520,925100000,$925M,large
1926,"ARDELYX, INC.",ARDX,1437402,923706456,$924M,large
1927,CIK 1692412,,1692412,922400000,$922M,large
1928,Trinity Capital Inc.,TRNZ,1786108,920918691,$921M,large
1929,"Ameresco, Inc.",AMRC,1488139,919337629,$919M,large
1930,"APOGEE ENTERPRISES, INC.",APOG,6845,915200000,$915M,large
1931,"Utz Brands, Inc.",UTZ,1739566,911700000,$912M,large
1932,"Centuri Holdings, Inc.",CTRI,1981599,911500000,$912M,large
1933,CorMedix Inc.,CRMD,1410098,909700000,$910M,large
1934,ALPHA & OMEGA SEMICONDUCTOR Ltd,AOSL,1387467,904000000,$904M,large
1935,"Sally Beauty Holdings, Inc.",SBH,1368458,903679000,$904M,large
1936,CIK 1138639,,1138639,901214832,$901M,large
1937,"XPEL, Inc.",XPEL,1767258,900884616,$901M,large
1938,NATIONAL HEALTHCARE CORP,NHC,1047335,900600000,$901M,large
1939,Proto Labs Inc,PRLB,1443669,900000000,$900M,large
1940,Liberty Latin America Ltd.,LILAP,1712184,900000000,$900M,large
1941,"Tilray Brands, Inc.",TLRY,1731348,900000000,$900M,large
1942,"Pediatrix Medical Group, Inc.",MD,893949,899915751,$900M,large
1943,"Piedmont Realty Trust, Inc.",PDM,1042776,899746764,$900M,large
1944,"FIRST MID BANCSHARES, INC.",FMBH,700565,899341799,$899M,large
1945,HEALTHCARE SERVICES GROUP INC,HCSG,731012,897000000,$897M,large
1946,Redwire Corp,RDW,1819810,895600000,$896M,large
1947,PROSPECT CAPITAL CORP,PSEC-PA,1287032,889500000,$890M,large
1948,WINMARK CORP,WINA,908315,888324416,$888M,large
1949,Adeia Inc.,ADEA,1803696,887181255,$887M,large
1950,IDT CORP,IDT,1005731,884800000,$885M,large
1951,STAAR SURGICAL CO,STAA,718937,883907564,$884M,large
1952,"ZIFF DAVIS, INC.",ZD,1084048,883468363,$883M,large
1953,"Praxis Precision Medicines, Inc.",PRAX,1689548,883200000,$883M,large
1954,CIK 1575828,,1575828,882300000,$882M,large
1955,"Orchid Island Capital, Inc.",ORC,1518621,881144340,$881M,large
1956,COHU INC,COHU,21535,879400000,$879M,large
1957,WILSON BANK HOLDING CO,WBHC,885275,878725095,$879M,large
1958,CIK 1661779,,1661779,877717565,$878M,large
1959,ENCORE CAPITAL GROUP INC,ECPG,1084961,876500000,$876M,large
1960,TOMPKINS FINANCIAL CORP,TMP,1005817,875300000,$875M,large
1961,"BYLINE BANCORP, INC.",BY,1702750,874467566,$874M,large
1962,CIK 1845022,,1845022,873900000,$874M,large
1963,"Intellia Therapeutics, Inc.",NTLA,1652130,869490759,$869M,large
1964,PERPETUA RESOURCES CORP.,PPTA,1526243,868313051,$868M,large
1965,DAKTRONICS INC /SD/,DAKT,915779,867125359,$867M,large
1966,VS Trust,SVIX,1793497,865936970,$866M,large
1967,"Oric Pharmaceuticals, Inc.",ORIC,1796280,862400000,$862M,large
1968,Allegiant Travel CO,ALGT,1362468,860700000,$861M,large
1969,GERON CORP,GERN,886744,860500000,$860M,large
1970,"Franklin BSP Realty Trust, Inc.",FBRT-PE,1562528,858000000,$858M,large
1971,HELIX ENERGY SOLUTIONS GROUP INC,HLX,866829,855200000,$855M,large
1972,UNIVEST FINANCIAL Corp,UVSP,102212,852602670,$853M,large
1973,CIK 1489096,,1489096,851698290,$852M,large
1974,"Wave Life Sciences, Inc.",WVE,1631574,851013538,$851M,large
1975,SEADRILL Ltd,SDRL,1737706,849000000,$849M,large
1976,Liquidia Corp,LQDA,1819576,847006478,$847M,large
1977,CIK 1605607,,1605607,846664000,$847M,large
1978,BIOLIFE SOLUTIONS INC,BLFS,834365,845000000,$845M,large
1979,"Porch Group, Inc.",PRCH,1784535,840000000,$840M,large
1980,SOUTHSIDE BANCSHARES INC,SBSI,705432,837300000,$837M,large
1981,"Enliven Therapeutics, Inc.",ELVN,1672619,836000000,$836M,large
1982,Structure Therapeutics Inc.,GPCR,1888886,834900000,$835M,large
1983,UNITIL CORP,UTL,755001,832805747,$833M,large
1984,CECO ENVIRONMENTAL CORP,CECO,3197,832700000,$833M,large
1985,"Barings BDC, Inc.",BBDC,1379785,830916996,$831M,large
1986,UWM Holdings Corp,UWMC,1783398,828651516,$829M,large
1987,Invesco CurrencyShares Japanese Yen Trust,FXY,1353613,824955000,$825M,large
1988,"SCANSOURCE, INC.",SCSC,918965,821623038,$822M,large
1989,AMERISAFE INC,AMSF,1018979,819600000,$820M,large
1990,Sonos Inc,SONO,1314727,818100000,$818M,large
1991,"LifeStance Health Group, Inc.",LFST,1845257,817211756,$817M,large
1992,Bristow Group Inc.,VTOL,1525221,816833000,$817M,large
1993,MARTEN TRANSPORT LTD,MRTN,799167,816756000,$817M,large
1994,"PROG Holdings, Inc.",PRG,1808834,816504124,$817M,large
1995,"Employers Holdings, Inc.",EIG,1379041,814547414,$815M,large
1996,Diversified Energy Co,DEC,1922446,814000000,$814M,large
1997,"Niagen Bioscience, Inc.",NAGE,1386570,813900000,$814M,large
1998,Portillo's Inc.,PTLO,1871509,812118271,$812M,large
1999,"Delek Logistics Partners, LP",DKL,1552797,809835436,$810M,large
2000,CVR ENERGY INC,CVI,1376139,809000000,$809M,large
2001,"NETGEAR, INC.",NTGR,1122904,807600000,$808M,large
2002,"Nurix Therapeutics, Inc.",NRIX,1549595,807500000,$808M,large
2003,"Revolve Group, Inc.",RVLV,1746618,804300000,$804M,large
2004,SLR Investment Corp.,SLRC,1418076,803600000,$804M,large
2005,CIK 1029142,,1029142,800000000,$800M,large
2006,Safehold Inc.,SAFE,1095651,800000000,$800M,large
2007,"SI-BONE, Inc.",SIBN,1459839,800000000,$800M,large
2008,NATIONAL BEVERAGE CORP,FIZZ,69891,800000000,$800M,large
2009,Syndax Pharmaceuticals Inc,SNDX,1395937,799200000,$799M,large
2010,"HERTZ GLOBAL HOLDINGS, INC",HTZWW,1657853,799000000,$799M,large
2011,HERITAGE FINANCIAL CORP /WA/,HFWA,1046025,796871573,$797M,large
2012,PennyMac Mortgage Investment Trust,PMTV,1464423,796813522,$797M,large
2013,"AGNT, Inc.",AGNT,1495932,795700000,$796M,large
2014,Kosmos Energy Ltd.,KOS,1509991,790254200,$790M,large
2015,CIK 1372020,,1372020,789491555,$789M,large
2016,AbCellera Biologics Inc.,ABCL,1703057,789227743,$789M,large
2017,AMN HEALTHCARE SERVICES INC,AMN,1142750,787746040,$788M,large
2018,INVESCO DB AGRICULTURE FUND,DBA,1383082,787416000,$787M,large
2019,CIK 947559,,947559,782900000,$783M,large
2020,"Ibotta, Inc.",IBTA,1538379,779300000,$779M,large
2021,CIK 1607939,,1607939,778900000,$779M,large
2022,Burke & Herbert Financial Services Corp.,BHRB,1964333,777623000,$778M,large
2023,DIVERSIFIED HEALTHCARE TRUST,DHCNL,1075415,776900000,$777M,large
2024,"BrightView Holdings, Inc.",BV,1734713,774100000,$774M,large
2025,"Cogent Biosciences, Inc.",COGT,1622229,772900000,$773M,large
2026,CIK 1408100,,1408100,772170369,$772M,large
2027,"Onterris, Inc.",ONT,1643615,772100000,$772M,large
2028,REDWOOD TRUST INC,RWTO,930236,767882919,$768M,large
2029,uniQure N.V.,QURE,1590560,764800000,$765M,large
2030,"ArriVent BioPharma, Inc.",AVBP,1868279,762664165,$763M,large
2031,HERBALIFE LTD.,HLF,1180262,762000000,$762M,large
2032,"Alpha Metallurgical Resources, Inc.",AMR,1704715,761000000,$761M,large
2033,OLD SECOND BANCORP INC,OSBC,357173,760500000,$760M,large
2034,"Pacira BioSciences, Inc.",PCRX,1396814,757500000,$758M,large
2035,"MSC INCOME FUND, INC.",MSIF,1535778,748900000,$749M,large
2036,Quanex Building Products CORP,NX,1423221,748107510,$748M,large
2037,"XPLR Infrastructure, LP",XIFR,1603145,747971110,$748M,large
2038,GORMAN RUPP CO,GRC,42682,744600000,$745M,large
2039,REX AMERICAN RESOURCES Corp,REX,744187,743279294,$743M,large
2040,CIK 1800347,,1800347,736700000,$737M,large
2041,U S PHYSICAL THERAPY INC /NV,USPH,885978,736600000,$737M,large
2042,FOX FACTORY HOLDING CORP,FOXF,1424929,736414775,$736M,large
2043,CENTRAL PACIFIC FINANCIAL CORP,CPF,701347,735757000,$736M,large
2044,PC CONNECTION INC,CNXN,1050377,735000000,$735M,large
2045,LIQUIDITY SERVICES INC,LQDT,1235468,733900000,$734M,large
2046,"First Watch Restaurant Group, Inc.",FWRG,1789940,733400000,$733M,large
2047,"MALIBU BOATS, INC.",MBUU,1590976,732900000,$733M,large
2048,Embecta Corp.,EMBC,1872789,732000000,$732M,large
2049,"Xeris Biopharma Holdings, Inc.",XERS,1867096,731100000,$731M,large
2050,"Bloomin' Brands, Inc.",BLMN,1546417,731000000,$731M,large
2051,MERCANTILE BANK CORP,MBWM,1042729,730000000,$730M,large
2052,CIK 1049782,,1049782,729000000,$729M,large
2053,Immunome Inc.,IMNM,1472012,728500000,$728M,large
2054,Cars.com Inc.,CARS,1683606,725620471,$726M,large
2055,CIK 1785173,,1785173,722400000,$722M,large
2056,"Marcus & Millichap, Inc.",MMI,1578732,722000000,$722M,large
2057,"SunCoke Energy, Inc.",SXC,1514705,721117091,$721M,large
2058,"Capitol Federal Financial, Inc.",CFFN,1490906,720800000,$721M,large
2059,"MIMEDX GROUP, INC.",MDXG,1376339,719000000,$719M,large
2060,"MNTN, Inc.",MNTN,1891027,718900000,$719M,large
2061,"POWER SOLUTIONS INTERNATIONAL, INC.",PSIX,1137091,717900000,$718M,large
2062,CIK 946647,,946647,717200000,$717M,large
2063,Amerant Bancorp Inc.,AMTB,1734342,715200000,$715M,large
2064,"Yext, Inc.",YEXT,1614178,714700000,$715M,large
2065,"UNIVERSAL INSURANCE HOLDINGS, INC.",UVE,891166,711239532,$711M,large
2066,"NexPoint Residential Trust, Inc.",NXRT,1620393,711000000,$711M,large
2067,BRANDYWINE REALTY TRUST,BDN,790816,710790280,$711M,large
2068,"agilon health, inc.",AGL,1831097,709400000,$709M,large
2069,ANAVEX LIFE SCIENCES CORP.,AVXL,1314052,708000000,$708M,large
2070,FIDUS INVESTMENT Corp,FDUS,1513363,707641471,$708M,large
2071,SCHOLASTIC CORP,SCHL,866729,707200000,$707M,large
2072,"Array Technologies, Inc.",ARRY,1820721,707055499,$707M,large
2073,CIK 1382821,,1382821,706662982,$707M,large
2074,"ADTRAN Holdings, Inc.",ADTN,926282,706155805,$706M,large
2075,SEABOARD CORP /DE/,SEB,88121,705914981,$706M,large
2076,Nano Nuclear Energy Inc.,NNE,1923891,703834174,$704M,large
2077,"V2X, Inc.",VVX,1601548,701960177,$702M,large
2078,DELUXE CORP,DLX,27996,701668516,$702M,large
2079,"Ridgepost Capital, Inc.",RPC,1841968,700700000,$701M,large
2080,CARRIAGE SERVICES INC,CSV,1016281,699000000,$699M,mid
2081,BlackSky Technology Inc.,BKSYW,1753539,698196072,$698M,mid
2082,FTAI Infrastructure Inc.,FIP,1899883,698000000,$698M,mid
2083,"Business First Bancshares, Inc.",BFST,1624322,697900000,$698M,mid
2084,"Blend Labs, Inc.",BLND,1855747,696500000,$696M,mid
2085,Metropolitan Bank Holding Corp.,MCB,1476034,695400000,$695M,mid
2086,Ready Capital Corp,RC-PE,1527590,694700000,$695M,mid
2087,CIK 1620280,,1620280,694529639,$695M,mid
2088,"indie Semiconductor, Inc.",INDI,1841925,693500000,$694M,mid
2089,Nuveen Churchill Direct Lending Corp.,NCDL,1737924,691900000,$692M,mid
2090,"ImmunityBio, Inc.",IBRX,1326110,690200000,$690M,mid
2091,"LENZ Therapeutics, Inc.",LENZ,1815776,690100000,$690M,mid
2092,UNITED FIRE GROUP INC,UFCS,101199,690000000,$690M,mid
2093,"Vir Biotechnology, Inc.",VIR,1706431,689200000,$689M,mid
2094,EQUITY BANCSHARES INC,EQBK,1227500,688600000,$689M,mid
2095,CIK 1318568,,1318568,687500000,$688M,mid
2096,OPPENHEIMER HOLDINGS INC,OPY,791963,685200000,$685M,mid
2097,NPK International Inc.,NPKI,71829,683700000,$684M,mid
2098,"Microvast Holdings, Inc.",MVST,1760689,683100000,$683M,mid
2099,WEIS MARKETS INC,WMK,105418,682000000,$682M,mid
2100,EZCORP INC,EZPW,876523,682000000,$682M,mid
2101,CIK 1772695,,1772695,681100000,$681M,mid
2102,"Global Business Travel Group, Inc.",GBTG,1820872,681000000,$681M,mid
2103,NEOGENOMICS INC,NEO,1077183,680200000,$680M,mid
2104,"DOUGLAS DYNAMICS, INC",PLOW,1287213,679000000,$679M,mid
2105,ACCENDRA HEALTH INC/VA/,ACH,75252,677542557,$678M,mid
2106,"Esquire Financial Holdings, Inc.",ESQ,1531031,676600000,$677M,mid
2107,"Mineralys Therapeutics, Inc.",MLYS,1933414,676000000,$676M,mid
2108,"EverQuote, Inc.",EVER,1640428,675800000,$676M,mid
2109,CAMDEN NATIONAL CORP,CAC,750686,675187692,$675M,mid
2110,"Digital Turbine, Inc.",APPS,317788,674979264,$675M,mid
2111,Angi Inc.,ANGI,1705110,673049686,$673M,mid
2112,AEHR TEST SYSTEMS,AEHR,1040470,671378691,$671M,mid
2113,TRANSCAT INC,TRNS,99302,670000000,$670M,mid
2114,"F&G Annuities & Life, Inc.",FGN,1934850,667849667,$668M,mid
2115,"Kimball Electronics, Inc.",KE,1606757,667300000,$667M,mid
2116,CIK 1807846,,1807846,665922000,$666M,mid
2117,"Heritage Insurance Holdings, Inc.",HRTG,1598665,665737361,$666M,mid
2118,"Sharplink, Inc.",SBET,1981535,665342504,$665M,mid
2119,"GPGI, Inc.",GPGI,1823144,665000000,$665M,mid
2120,"Bain Capital Specialty Finance, Inc.",BCSF,1655050,664700000,$665M,mid
2121,Franklin Templeton Digital Holdings Trust,EZBC,1992870,662100000,$662M,mid
2122,"USA Rare Earth, Inc.",USAR,1970622,661800000,$662M,mid
2123,CIK 1739942,,1739942,661300000,$661M,mid
2124,"Powerfleet, Inc.",AIOT,1774170,660500000,$660M,mid
2125,CARTERS INC,CRI,1060822,659550682,$660M,mid
2126,CIK 45876,,45876,658403701,$658M,mid
2127,"ICHOR HOLDINGS, LTD.",ICHR,1652535,658256416,$658M,mid
2128,ThredUp Inc.,TDUP,1484778,657900000,$658M,mid
2129,MATTHEWS INTERNATIONAL CORP,MATW,63296,657700000,$658M,mid
2130,GLADSTONE COMMERCIAL CORP,GOODO,1234006,657435256,$657M,mid
2131,HORIZON BANCORP INC /IN/,HBNC,706129,655800000,$656M,mid
2132,INDEPENDENT BANK CORP /MI/,IBCP,39311,655032770,$655M,mid
2133,BlackRock TCP Capital Corp.,TCPC,1370755,654800000,$655M,mid
2134,HEALTHSTREAM INC,HSTM,1095565,654700000,$655M,mid
2135,HARMONIC INC.,HLIT,851310,654600000,$655M,mid
2136,"Accel Entertainment, Inc.",ACEL,1698991,651000000,$651M,mid
2137,Magnera Corp,MAGN,41719,650800000,$651M,mid
2138,"BrightSpire Capital, Inc.",BRSP,1717547,650600000,$651M,mid
2139,BUILD-A-BEAR WORKSHOP INC,BBW,1113809,649500000,$650M,mid
2140,Zymeworks Inc.,ZYME,1937653,649500000,$650M,mid
2141,TFS Financial CORP,TFSL,1381668,647700000,$648M,mid
2142,"GRID DYNAMICS HOLDINGS, INC.",GDYN,1743725,646900000,$647M,mid
2143,SANFILIPPO JOHN B & SON INC,JBSS,880117,646700554,$647M,mid
2144,"EyePoint, Inc.",EYPT,1314102,642600000,$643M,mid
2145,ETHAN ALLEN INTERIORS INC,ETD,896156,642000000,$642M,mid
2146,PDF SOLUTIONS INC,PDFS,1120914,641000000,$641M,mid
2147,CIK 205402,,205402,639507460,$640M,mid
2148,"Vitesse Energy, Inc.",VTS,1944558,638000000,$638M,mid
2149,FARMERS & MERCHANTS BANCORP,FMCB,1085913,634207000,$634M,mid
2150,"Amphastar Pharmaceuticals, Inc.",AMPH,1297184,632556518,$633M,mid
2151,"Beta Bionics, Inc.",BBNX,1674632,631998349,$632M,mid
2152,KFORCE INC,KFRC,930420,631584720,$632M,mid
2153,OneSpan Inc.,OSPN,1044777,630055645,$630M,mid
2154,ICAHN ENTERPRISES L.P.,IEP,813762,630000000,$630M,mid
2155,"Red Violet, Inc.",RDVT,1720116,628300000,$628M,mid
2156,LINCOLN EDUCATIONAL SERVICES CORP,LINC,1286613,624944508,$625M,mid
2157,CIK 1743907,,1743907,624000000,$624M,mid
2158,AdvanSix Inc.,ASIX,1673985,622000000,$622M,mid
2159,CIK 877422,,877422,621561074,$622M,mid
2160,"Red Cat Holdings, Inc.",RCAT,748268,620715483,$621M,mid
2161,UroGen Pharma Ltd.,URGN,1668243,620400000,$620M,mid
2162,REPUBLIC BANCORP INC /KY/,RBCAA,921557,620362810,$620M,mid
2163,Sadot Group Inc.,SDOT,1701756,619984000,$620M,mid
2164,CIK 894081,,894081,619722308,$620M,mid
2165,"KESTRA MEDICAL TECHNOLOGIES, LTD.",KMTS,1877184,618700000,$619M,mid
2166,"Groupon, Inc.",GRPN,1490281,617884386,$618M,mid
2167,Metallus Inc.,MTUS,1598428,616943911,$617M,mid
2168,BlueLinx Holdings Inc.,BXC,1301787,615213431,$615M,mid
2169,"Pursuit Attractions & Hospitality, Inc.",PRSU,884219,613700000,$614M,mid
2170,"STANDARD MOTOR PRODUCTS, INC.",SMP,93389,613458278,$613M,mid
2171,Tronox Holdings plc,TROX,1530804,613189299,$613M,mid
2172,Xerox Holdings Corp,XRXDW,1770450,612685125,$613M,mid
2173,TRUSTCO BANK CORP N Y,TRST,357301,611400000,$611M,mid
2174,"Bit Digital, Inc",BTBT,1710350,609761505,$610M,mid
2175,Grayscale CoinDesk Crypto 5 ETF,GDLC,1729997,609362101,$609M,mid
2176,Taboola.com Ltd.,TBLA,1840502,608000000,$608M,mid
2177,MID PENN BANCORP INC,MPB,879635,604500000,$604M,mid
2178,"NB Bancorp, Inc.",NBBK,1979330,603100000,$603M,mid
2179,Koppers Holdings Inc.,KOP,1315257,602300000,$602M,mid
2180,Trulieve Cannabis Corp.,TRLV,1754195,600000000,$600M,mid
2181,LITHIUM AMERICAS CORP.,LAC,1966983,600000000,$600M,mid
2182,SHENANDOAH TELECOMMUNICATIONS CO/VA/,SHEN,354963,600000000,$600M,mid
2183,SITE Centers Corp.,SITC,894315,600000000,$600M,mid
2184,"Dianthus Therapeutics, Inc. /DE/",DNTH,1690585,599400000,$599M,mid
2185,"Innovex International, Inc.",INVX,1042893,599100000,$599M,mid
2186,GCM Grosvenor Inc.,GCMG,1819796,599100000,$599M,mid
2187,FORWARD AIR CORP,FWRD,912728,598540233,$599M,mid
2188,HILLS BANCORPORATION,HBIA,732417,598474647,$598M,mid
2189,"N-able, Inc.",NABL,1834488,598100000,$598M,mid
2190,Hippo Holdings Inc.,HIPO,1828105,598000000,$598M,mid
2191,ORRSTOWN FINANCIAL SERVICES INC,ORRF,826154,596200000,$596M,mid
2192,"ADAMAS TRUST, INC.",ADAML,1273685,595566089,$596M,mid
2193,"Energy Recovery, Inc.",ERII,1421517,595000000,$595M,mid
2194,"Stoke Therapeutics, Inc.",STOK,1623526,592000000,$592M,mid
2195,"Sinclair, Inc.",SBGI,1971213,592000000,$592M,mid
2196,CIK 1597553,,1597553,590463402,$590M,mid
2197,Orion S.A.,OEC,1609804,590000000,$590M,mid
2198,"HomeTrust Bancshares, Inc.",HTB,1538263,589500000,$590M,mid
2199,GLADSTONE CAPITAL CORP,GLAD,1143513,589377217,$589M,mid
2200,GREEN DOT CORP,GDOT,1386278,589000000,$589M,mid
2201,"PACS Group, Inc.",PACS,2001184,588500000,$588M,mid
2202,"Optimum Communications, Inc.",OPTU,1702780,588401093,$588M,mid
2203,"Trevi Therapeutics, Inc.",TRVI,1563880,588400000,$588M,mid
2204,SMITHFIELD FOODS INC,SFD,91388,585552517,$586M,mid
2205,"Relay Therapeutics, Inc.",RLAY,1812364,585500000,$586M,mid
2206,Ryerson Holding Corp,RYZ,1481582,585167390,$585M,mid
2207,"TSS, Inc.",TSSI,1320760,585000000,$585M,mid
2208,Serve Robotics Inc. /DE/,SERV,1832483,584900000,$585M,mid
2209,FIRST FINANCIAL CORP /IN/,THFF,714562,584183576,$584M,mid
2210,"TIC Solutions, Inc.",TICAW,2032966,583200000,$583M,mid
2211,STURM RUGER & CO INC,RGR,95029,582798000,$583M,mid
2212,TIPTREE INC.,TIPT,1393726,582027121,$582M,mid
2213,Invesco CurrencyShares Euro Trust,FXE,1328598,581973000,$582M,mid
2214,LSI INDUSTRIES INC,LYTS,763532,580496057,$580M,mid
2215,"DOMO, INC.",DOMO,1505952,579100000,$579M,mid
2216,"Personalis, Inc.",PSNL,1527753,578182932,$578M,mid
2217,"i3 Verticals, Inc.",IIIV,1728688,577600000,$578M,mid
2218,"Cadre Holdings, Inc.",CDRE,1860543,577497860,$577M,mid
2219,WILLIS LEASE FINANCE CORP,WLFC,1018164,576900000,$577M,mid
2220,CASTLE BIOSCIENCES INC,CSTL,1447362,576000000,$576M,mid
2221,BEAZER HOMES USA INC,BZH,915840,574670720,$575M,mid
2222,"Cable One, Inc.",CABO,1632127,572000000,$572M,mid
2223,"TXO Partners, L.P.",TXO,1559432,571800000,$572M,mid
2224,EAGLE BANCORP INC,EGBN,1050441,571500000,$572M,mid
2225,CIK 912463,,912463,569882711,$570M,mid
2226,GRAHAM CORP,GHM,716314,568700000,$569M,mid
2227,PRA GROUP INC,PRAA,1185348,568047885,$568M,mid
2228,CIK 1845337,,1845337,567000000,$567M,mid
2229,CIK 1837686,,1837686,566000000,$566M,mid
2230,"Arcus Biosciences, Inc.",RCUS,1724521,565882788,$566M,mid
2231,"CVR PARTNERS, LP",UAN,1425292,565700000,$566M,mid
2232,CIK 1606498,,1606498,565451133,$565M,mid
2233,"MetroCity Bankshares, Inc.",MCBS,1747068,564300000,$564M,mid
2234,CIK 1071255,,1071255,563805490,$564M,mid
2235,CIK 351834,,351834,563800000,$564M,mid
2236,CIK 896429,,896429,562900000,$563M,mid
2237,CIK 1831840,,1831840,562700000,$563M,mid
2238,CIK 1834494,,1834494,562400000,$562M,mid
2239,HELEN OF TROY LTD,HELE,916789,560500000,$560M,mid
2240,"Evolus, Inc.",EOLS,1570562,560400000,$560M,mid
2241,"Kodiak AI, Inc.",KDKRW,1853138,559000000,$559M,mid
2242,Invesco Galaxy Bitcoin ETF,BTCO,1855781,558792000,$559M,mid
2243,New Fortress Energy Inc.,NFE,1749723,557500000,$558M,mid
2244,"SOUTHERN MISSOURI BANCORP, INC.",SMBC,916907,557300000,$557M,mid
2245,Bausch & Lomb Corp,BLCO,1860742,556990755,$557M,mid
2246,CIK 1175535,,1175535,556553575,$557M,mid
2247,Xencor Inc,XNCR,1326732,555937423,$556M,mid
2248,"Phathom Pharmaceuticals, Inc.",PHAT,1783183,555500000,$556M,mid
2249,CASS INFORMATION SYSTEMS INC,CASS,708781,555500000,$556M,mid
2250,"TPG RE Finance Trust, Inc.",TRTX-PC,1630472,553400000,$553M,mid
2251,"Ginkgo Bioworks Holdings, Inc.",DNABW,1830214,553000000,$553M,mid
2252,HAIN CELESTIAL GROUP INC,HAIN,910406,552228088,$552M,mid
2253,GENCO SHIPPING & TRADING LTD,GNK,1326200,551800000,$552M,mid
2254,TOOTSIE ROLL INDUSTRIES INC,TROLB,98677,550102000,$550M,mid
2255,Pattern Group Inc.,PTRN,1811935,550000000,$550M,mid
2256,iShares S&P GSCI Commodity-Indexed Trust,ISMCF,1332174,549415021,$549M,mid
2257,Autolus Therapeutics plc,AUTL,1730463,548891288,$549M,mid
2258,DAILY JOURNAL CORP,DJCO,783412,547802320,$548M,mid
2259,Amalgamated Financial Corp.,AMAL,1823608,547055889,$547M,mid
2260,"CTO Realty Growth, Inc.",CTO-PA,23795,545448000,$545M,mid
2261,"AH Realty Trust, Inc.",AHRT-PA,1569187,545000000,$545M,mid
2262,"Taysha Gene Therapies, Inc.",TSHA,1806310,544800000,$545M,mid
2263,Savara Inc,SVRA,1160308,544458670,$544M,mid
2264,"MONRO, INC.",MNRO,876427,541400000,$541M,mid
2265,CAPITAL CITY BANK GROUP INC,CCBG,726601,539591085,$540M,mid
2266,WASHINGTON TRUST BANCORP INC,WASH,737468,539528713,$540M,mid
2267,"OPKO HEALTH, INC.",OPK,944809,539505768,$540M,mid
2268,SMARTFINANCIAL INC.,SMBK,1038773,535900000,$536M,mid
2269,"IOVANCE BIOTHERAPEUTICS, INC.",IOVA,1425205,534800000,$535M,mid
2270,GLADSTONE INVESTMENT CORPORATION\DE,GAING,1321741,534159363,$534M,mid
2271,ELITE PHARMACEUTICALS INC /NV/,ELTP,1053369,534000000,$534M,mid
2272,"Weave Communications, Inc.",WEAV,1609151,532100000,$532M,mid
2273,"Summit Hotel Properties, Inc.",INN-PF,1497645,530950829,$531M,mid
2274,"Tango Therapeutics, Inc.",TNGX,1819133,528400000,$528M,mid
2275,ALERUS FINANCIAL CORP,ALRS,903419,527907182,$528M,mid
2276,NGL Energy Partners LP,NGL-PB,1504461,527700000,$528M,mid
2277,CIK 1066605,,1066605,527101000,$527M,mid
2278,CIK 912603,,912603,525211295,$525M,mid
2279,MeiraGTx Holdings plc,MGTX,1735438,524509772,$525M,mid
2280,"Honest Company, Inc.",HNST,1530979,524069469,$524M,mid
2281,Nutex Health Inc.,NUTX,1479681,524000000,$524M,mid
2282,enCore Energy Corp.,EU,1500881,523200000,$523M,mid
2283,CIK 1966494,,1966494,522400000,$522M,mid
2284,HALLADOR ENERGY CO,HNRG,788965,520726758,$521M,mid
2285,McEwen Inc.,MUX,314203,519882572,$520M,mid
2286,"Amprius Technologies, Inc.",AMPX-WT,1899287,518400000,$518M,mid
2287,"Amylyx Pharmaceuticals, Inc.",AMLX,1658551,518200000,$518M,mid
2288,Invesco Mortgage Capital Inc.,IVR-PC,1437071,518097016,$518M,mid
2289,ALLIENT INC,ALNT,46129,517545669,$518M,mid
2290,ProPetro Holding Corp.,PUMP,1680247,513600000,$514M,mid
2291,GigaCloud Technology Inc,GCT,1857816,513000000,$513M,mid
2292,UNIVERSAL HEALTH REALTY INCOME TRUST,UHT,798783,512900000,$513M,mid
2293,"FIGS, Inc.",FIGS,1846576,512505774,$513M,mid
2294,"LifeMD, Inc.",LFMDP,948320,512472017,$512M,mid
2295,Genie Energy Ltd.,GNE,1528356,512400000,$512M,mid
2296,FIRST COMMUNITY BANKSHARES INC /VA/,FCBC,859070,509450000,$509M,mid
2297,CIK 1865187,,1865187,507400000,$507M,mid
2298,"SelectQuote, Inc.",SLQT,1794783,506928494,$507M,mid
2299,Claritev Corp,CTEV,1793229,505800000,$506M,mid
2300,NATIONAL PRESTO INDUSTRIES INC,NPK,80172,504328539,$504M,mid
2301,FINANCIAL INSTITUTIONS INC,FIISP,862831,504049000,$504M,mid
2302,"RxSight, Inc.",RXST,1111485,503800000,$504M,mid
2303,Invesco CurrencyShares Swiss Franc Trust,FXF,1353615,503100000,$503M,mid
2304,"TheRealReal, Inc.",REAL,1573221,502838379,$503M,mid
2305,"TWFG, Inc.",TWFG,2007596,501924325,$502M,mid
2306,"USA TODAY Co., Inc.",TDAY,1579684,501800000,$502M,mid
2307,abrdn Palladium ETF Trust,PALL,1459862,501792375,$502M,mid
2308,"Shoals Technologies Group, Inc.",SHLS,1831651,501500000,$502M,mid
2309,TITAN INTERNATIONAL INC,TWI,899751,501000000,$501M,mid
2310,CIK 1133470,,1133470,500000000,$500M,mid
2311,"Thryv Holdings, Inc.",THRY,1556739,500000000,$500M,mid
2312,Core Laboratories Inc. /DE/,CLB,1958086,498908425,$499M,mid
2313,CIK 1348911,,1348911,498815772,$499M,mid
2314,FARMERS NATIONAL BANC CORP /OH/,FMNB,709337,498800000,$499M,mid
2315,CION Investment Corp,CICB,1534254,497804458,$498M,mid
2316,Nuvation Bio Inc.,NUVB,1811063,496965132,$497M,mid
2317,"Kura Oncology, Inc.",KURA,1422143,496100000,$496M,mid
2318,NORTHRIM BANCORP INC,NRIM,1163370,496019071,$496M,mid
2319,"Mission Produce, Inc.",AVO,1802974,496000000,$496M,mid
2320,MYRIAD GENETICS INC,MYGN,899923,494049876,$494M,mid
2321,CIK 1808865,,1808865,493900000,$494M,mid
2322,Bowhead Specialty Holdings Inc.,BOW,2002473,493748095,$494M,mid
2323,CIK 1876588,,1876588,493667774,$494M,mid
2324,"WOLFSPEED, INC.",WOLF,895419,491198896,$491M,mid
2325,"Gold.com, Inc.",GOLD,1591588,488700000,$489M,mid
2326,"Definium Therapeutics, Inc.",DFTX,1813814,487700000,$488M,mid
2327,MILLER INDUSTRIES INC /TN/,MLR,924822,487563832,$488M,mid
2328,"GREAT SOUTHERN BANCORP, INC.",GSBC,854560,487536838,$488M,mid
2329,i-80 Gold Corp.,IAUX-WT,1853962,487188980,$487M,mid
2330,AMERICAN PUBLIC EDUCATION INC,APEI,1201792,484000000,$484M,mid
2331,IRADIMED CORP,IRMD,1325618,480857846,$481M,mid
2332,SHORE BANCSHARES INC,SHBI,1035092,480100000,$480M,mid
2333,CIK 1803737,,1803737,480100000,$480M,mid
2334,ASPEN AEROGELS INC,ASPN,1145986,480000000,$480M,mid
2335,HANMI FINANCIAL CORP,HAFC,1109242,479841764,$480M,mid
2336,Bumble Inc.,BMBL,1830043,479397451,$479M,mid
2337,Net Lease Office Properties,NLOP,1952976,479100000,$479M,mid
2338,ALEXANDERS INC,ALX,3499,478956000,$479M,mid
2339,"Simulations Plus, Inc.",SLP,1023459,478929073,$479M,mid
2340,KKR Real Estate Finance Trust Inc.,KREF-PA,1631596,478800000,$479M,mid
2341,CIK 1697532,,1697532,478467415,$478M,mid
2342,"Dream Finders Homes, Inc.",DFH,1825088,478100000,$478M,mid
2343,Ingram Micro Holding Corp,INGM,1897762,478000000,$478M,mid
2344,FIVE STAR BANCORP,FSBC,1275168,477200000,$477M,mid
2345,CIK 1053352,,1053352,476800000,$477M,mid
2346,QDM International Inc.,QDMI,1094032,474500490,$475M,mid
2347,"Climb Global Solutions, Inc.",CLMB,945983,474400000,$474M,mid
2348,Arbutus Biopharma Corp,ABUS,1447028,472133611,$472M,mid
2349,CIK 1600626,,1600626,471300000,$471M,mid
2350,Farmland Partners Inc.,FPI,1591670,470838074,$471M,mid
2351,Dauch Corp,DCH,1062231,470800000,$471M,mid
2352,CIK 1431695,,1431695,470300000,$470M,mid
2353,"ARVINAS, INC.",ARVN,1655759,469000000,$469M,mid
2354,"Upstream Bio, Inc.",UPB,2022626,467859469,$468M,mid
2355,CBL & ASSOCIATES PROPERTIES INC,CBL,910612,467693017,$468M,mid
2356,"Midland States Bancorp, Inc.",MSBIP,1466026,466599960,$467M,mid
2357,EQV Ventures Acquisition Corp. II,EVAC-WT,2042902,465300000,$465M,mid
2358,"BridgeBio Oncology Therapeutics, Inc.",BBOT,1869105,465152172,$465M,mid
2359,EVgo Inc.,EVGO,1821159,464900000,$465M,mid
2360,PEAPACK GLADSTONE FINANCIAL CORP,PGC,1050743,464000000,$464M,mid
2361,aTYR PHARMA INC,ATYR,1339970,463822834,$464M,mid
2362,"Cantor Equity Partners IV, Inc.",CEPF,2034267,462600000,$463M,mid
2363,MARINEMAX INC,HZO,1057060,462344170,$462M,mid
2364,"HYSTER-YALE, INC.",HY,1173514,461366212,$461M,mid
2365,"Intrepid Potash, Inc.",IPI,1421461,460000000,$460M,mid
2366,JACK IN THE BOX INC,JACK,807882,459200000,$459M,mid
2367,"Arhaus, Inc.",ARHS,1875444,458900000,$459M,mid
2368,CNB FINANCIAL CORP/PA,CCNEP,736772,458483840,$458M,mid
2369,"PubMatic, Inc.",PUBM,1422930,458300000,$458M,mid
2370,MYERS INDUSTRIES INC,MYE,69488,457647016,$458M,mid
2371,Celcuity Inc.,CELC,1603454,457485677,$457M,mid
2372,United States Commodity Index Funds Trust,CPER,1479247,457274196,$457M,mid
2373,TEJON RANCH CO,TRC,96869,455896129,$456M,mid
2374,YORK WATER CO,YORW,108985,455682094,$456M,mid
2375,"ZEVRA THERAPEUTICS, INC.",ZVRA,1434647,454800000,$455M,mid
2376,PEOPLES FINANCIAL SERVICES CORP.,PFIS,1056943,454334000,$454M,mid
2377,"ENNIS, INC.",EBF,33002,454000000,$454M,mid
2378,"Shutterstock, Inc.",SSTK,1549346,453516595,$454M,mid
2379,CIK 1527508,,1527508,453012703,$453M,mid
2380,"Keros Therapeutics, Inc.",KROS,1664710,453000000,$453M,mid
2381,HOVNANIAN ENTERPRISES INC,HOVNP,357294,452667240,$453M,mid
2382,"SAUL CENTERS, INC.",BFS-PE,907254,451600000,$452M,mid
2383,CIK 1722964,,1722964,450000000,$450M,mid
2384,Consolidated Water Co. Ltd.,CWCO,928340,449191481,$449M,mid
2385,Kearny Financial Corp.,KRNY,1617242,449000000,$449M,mid
2386,Community Healthcare Trust Inc,CHCT,1631569,448800000,$449M,mid
2387,"Theravance Biopharma, Inc.",TBPH,1583107,448600000,$449M,mid
2388,Fortrea Holdings Inc.,FTRE,1965040,448400000,$448M,mid
2389,BAR HARBOR BANKSHARES,BHB,743367,447663721,$448M,mid
2390,"AIRO Group Holdings, Inc.",AIRO,1927958,446600000,$447M,mid
2391,Palmer Square Capital BDC Inc.,PSBD,1794776,445800000,$446M,mid
2392,CIK 1593548,,1593548,445653164,$446M,mid
2393,"Maze Therapeutics, Inc.",MAZE,1842295,443900000,$444M,mid
2394,PENNANTPARK INVESTMENT CORP,PNNT,1383414,443600000,$444M,mid
2395,"Cullinan Therapeutics, Inc.",CGEM,1789972,442200000,$442M,mid
2396,"SOUTH PLAINS FINANCIAL, INC.",SPFI,1163668,442000000,$442M,mid
2397,Orthofix Medical Inc.,OFIX,884624,440200000,$440M,mid
2398,CIK 917470,,917470,438923312,$439M,mid
2399,"HACKETT GROUP, INC.",HCKT,1057379,437819579,$438M,mid
2400,CIK 1493225,,1493225,437700000,$438M,mid
2401,WORLD ACCEPTANCE CORP,WRLD,108385,437342423,$437M,mid
2402,ANGIODYNAMICS INC,ANGO,1275187,436293219,$436M,mid
2403,Chiron Real Estate Inc.,XRN-PB,1533615,436000000,$436M,mid
2404,"Corsair Gaming, Inc.",CRSR,1743759,435256370,$435M,mid
2405,"Nextdoor Holdings, Inc.",NXDR,1846069,434400000,$434M,mid
2406,CIK 1705873,,1705873,433500000,$434M,mid
2407,"KURA SUSHI USA, INC.",KRUS,1772177,432800000,$433M,mid
2408,"ANAPTYSBIO, INC",ANAB,1370053,432512876,$433M,mid
2409,ACNB CORP,ACNB,715579,432300000,$432M,mid
2410,Bandwidth Inc.,BAND,1514416,430700000,$431M,mid
2411,"Axogen, Inc.",AXGN,805928,430700000,$431M,mid
2412,Clearwater Paper Corp,CLW,1441236,427700000,$428M,mid
2413,WABASH NATIONAL Corp,WNC,879526,427551493,$428M,mid
2414,"Infleqtion, Inc.",INFQ-WT,2007825,426448980,$426M,mid
2415,ARROW FINANCIAL CORP,AROW,717538,426347636,$426M,mid
2416,Westlake Chemical Partners LP,WLKP,1604665,425600000,$426M,mid
2417,"Ramaco Resources, Inc.",METCB,1687187,425000000,$425M,mid
2418,BKV Corp,BKV,1838406,424900000,$425M,mid
2419,"Consensus Cloud Solutions, Inc.",CCSI,1866633,424788237,$425M,mid
2420,MACH NATURAL RESOURCES LP,MNR,1980088,423800000,$424M,mid
2421,TETRA TECHNOLOGIES INC,TTI,844965,423781136,$424M,mid
2422,"APPLIED ENERGETICS, INC.",AERGP,879911,423421492,$423M,mid
2423,"GoodRx Holdings, Inc.",GDRX,1809519,423200000,$423M,mid
2424,MGP INGREDIENTS INC,MGPI,835011,423000000,$423M,mid
2425,Churchill Capital Corp XI,CCXIW,2074973,422694000,$423M,mid
2426,PHIBRO ANIMAL HEALTH CORP,PAHC,1069899,422641765,$423M,mid
2427,"FIRST BUSINESS FINANCIAL SERVICES, INC.",FBIZ,1521951,421400000,$421M,mid
2428,RPC INC,RES,742278,421394820,$421M,mid
2429,"SMITH & WESSON BRANDS, INC.",SWBI,1092796,420089386,$420M,mid
2430,"DELCATH SYSTEMS, INC.",DCTH,872912,419743586,$420M,mid
2431,CIK 1868912,,1868912,419300000,$419M,mid
2432,CALERES INC,CAL,14707,419200000,$419M,mid
2433,Compass Diversified Holdings,CODI-PA,1345126,418857778,$419M,mid
2434,"Ceribell, Inc.",CBLL,1861107,417200000,$417M,mid
2435,"Clear Channel Outdoor Holdings, Inc.",CCO,1334978,417100000,$417M,mid
2436,"LSB INDUSTRIES, INC.",LXU,60714,417000000,$417M,mid
2437,COMMUNITY HEALTH SYSTEMS INC,CYH,1108109,415200800,$415M,mid
2438,Dakota Gold Corp.,DC,1852353,414241245,$414M,mid
2439,Oil-Dri Corp of America,ODC,74046,413766024,$414M,mid
2440,COLUMBUS MCKINNON CORP,CMCO,1005229,412000000,$412M,mid
2441,"Third Coast Bancshares, Inc.",TCBX,1781730,411900000,$412M,mid
2442,"Guardian Pharmacy Services, Inc.",GRDN,1802255,411599923,$412M,mid
2443,CONDUENT Inc,CNDT,1677703,411512508,$412M,mid
2444,National Energy Services Reunited Corp.,NESR,1698514,411200000,$411M,mid
2445,"Granite Ridge Resources, Inc.",GRNT,1928446,411021199,$411M,mid
2446,"LendingTree, Inc.",TREE,1434621,411000000,$411M,mid
2447,Bowman Consulting Group Ltd.,BWMN,1847590,408700000,$409M,mid
2448,CIK 1124804,,1124804,407500000,$408M,mid
2449,Byrna Technologies Inc.,BYRN,1354866,406511947,$407M,mid
2450,Keel Infrastructure Corp.,KEEL,1812477,406181039,$406M,mid
2451,MANITOWOC CO INC,MTW,61986,405900000,$406M,mid
2452,CIK 743238,,743238,404697831,$405M,mid
2453,Forestar Group Inc.,FOR,1406587,404000000,$404M,mid
2454,PREFORMED LINE PRODUCTS CO,PLPC,80035,402619401,$403M,mid
2455,CHOICEONE FINANCIAL SERVICES INC,COFS,803164,402400000,$402M,mid
2456,"STAR GROUP, L.P.",SGU,1002590,402396722,$402M,mid
2457,CIK 924717,,924717,401000000,$401M,mid
2458,"Cryoport, Inc.",CYRX,1124524,400000000,$400M,mid
2459,"NEIGHBORHOOD INTELLIGENCE, INC.",BBBYW,1130713,400000000,$400M,mid
2460,ASP Isotopes Inc.,ASPI,1921865,399800000,$400M,mid
2461,"COVENANT LOGISTICS GROUP, INC.",CVLG,928658,399300000,$399M,mid
2462,"CAPRICOR THERAPEUTICS, INC.",CAPR,1133869,398991720,$399M,mid
2463,FuboTV Inc.,FUBO,1484769,396581855,$397M,mid
2464,INSTEEL INDUSTRIES INC,IIIN,764401,395839759,$396M,mid
2465,CIK 1731289,,1731289,395800000,$396M,mid
2466,"GRAY MEDIA, INC",GTN-A,43196,395723940,$396M,mid
2467,Contango Silver & Gold Inc.,CTGO,1502377,395263918,$395M,mid
2468,FIRSTSUN CAPITAL BANCORP,FSUN,1709442,395200000,$395M,mid
2469,"Commerce.com, Inc.",CMRC,1626450,394600000,$395M,mid
2470,"PULSE BIOSCIENCES, INC.",PLSE,1625101,394339817,$394M,mid
2471,"Talkspace, Inc.",TALK,1803901,393200000,$393M,mid
2472,CIK 1141103,,1141103,393124934,$393M,mid
2473,"Cytek Biosciences, Inc.",CTKB,1831915,393000000,$393M,mid
2474,Service Properties Trust,SVC,945394,392500000,$392M,mid
2475,Ondas Inc.,ONDS,1646188,392000000,$392M,mid
2476,"FRP HOLDINGS, INC.",FRPH,844059,390316985,$390M,mid
2477,"NU SKIN ENTERPRISES, INC.",NUS,1021561,390000000,$390M,mid
2478,NABORS INDUSTRIES LTD,NBR,1163739,389965828,$390M,mid
2479,Stagwell Inc,STGW,876883,389500000,$390M,mid
2480,Titan Machinery Inc.,TITN,1409171,389000000,$389M,mid
2481,Green Plains Inc.,GPRE,1309402,388800000,$389M,mid
2482,California BanCorp \ CA,BCAL,1795815,388600000,$389M,mid
2483,"Savers Value Village, Inc.",SVV,1883313,388600000,$389M,mid
2484,CrossAmerica Partners LP,CAPL,1538849,385400000,$385M,mid
2485,REGENXBIO Inc.,RGNX,1590877,385010782,$385M,mid
2486,"Butterfly Network, Inc.",BFLY,1804176,383800000,$384M,mid
2487,"Spire Global, Inc.",SPIR,1816017,383608000,$384M,mid
2488,ONE LIBERTY PROPERTIES INC,OLP,712770,383000000,$383M,mid
2489,ARKO Corp.,ARKO,1823794,382600000,$383M,mid
2490,Franklin Templeton Holdings Trust,FGDL,1858258,382284000,$382M,mid
2491,NORTHPOINTE BANCSHARES INC,NPB,1336706,381600000,$382M,mid
2492,"Natural Grocers by Vitamin Cottage, Inc.",NGVC,1547459,380462609,$380M,mid
2493,Cronos Group Inc.,CRON,1656472,379900000,$380M,mid
2494,CIK 923139,,923139,378464000,$378M,mid
2495,"Carter Bankshares, Inc.",CARE,1829576,377789857,$378M,mid
2496,"Senseonics Holdings, Inc.",SENS,1616543,376700000,$377M,mid
2497,Bicara Therapeutics Inc.,BCAX,2023658,376700000,$377M,mid
2498,CIK 1633932,,1633932,376600000,$377M,mid
2499,"GREENLIGHT CAPITAL RE, LTD.",GLRE,1385613,376000000,$376M,mid
2500,"HOME BANCORP, INC.",HBCP,1436425,375200000,$375M,mid
2501,Capital Bancorp Inc,CBNK,1419536,374600000,$375M,mid
2502,Agriculture & Natural Solutions Acquisition Corp,ANSCW,1854149,374300000,$374M,mid
2503,OXFORD INDUSTRIES INC,OXM,75288,372597597,$373M,mid
2504,"CytomX Therapeutics, Inc.",CTMX,1501989,372300000,$372M,mid
2505,Stellus Capital Investment Corp,SCM,1551901,371895297,$372M,mid
2506,"Dine Brands Global, Inc.",DIN,49754,371700000,$372M,mid
2507,"Oruka Therapeutics, Inc.",ORKA,907654,371500000,$372M,mid
2508,"Mativ Holdings, Inc.",MATV,1000623,371200000,$371M,mid
2509,Horizon Kinetics Holding Corp,HKHC,88000,370353889,$370M,mid
2510,CIK 1454789,,1454789,370232653,$370M,mid
2511,"PACIFIC BIOSCIENCES OF CALIFORNIA, INC.",PACB,1299130,369900000,$370M,mid
2512,Mereo BioPharma Group plc,MREO,1719714,368470120,$368M,mid
2513,"Gores Holdings X, Inc. / CI",GTENW,1986817,367770000,$368M,mid
2514,"Solid Power, Inc.",SLDPW,1844862,367600000,$368M,mid
2515,"MediaAlpha, Inc.",MAX,1818383,367100000,$367M,mid
2516,GLOBAL INDUSTRIAL Co,GIC,945114,367046259,$367M,mid
2517,OppFi Inc.,OPFI,1818502,366512860,$367M,mid
2518,HEARTLAND EXPRESS INC,HTLD,799233,366400000,$366M,mid
2519,VAALCO ENERGY INC /DE/,EGY,894627,366000000,$366M,mid
2520,CIK 1769617,,1769617,365680424,$366M,mid
2521,"Twenty One Capital, Inc.",XXI,2070457,365300000,$365M,mid
2522,CIK 909108,,909108,364124753,$364M,mid
2523,SIERRA BANCORP,BSRR,1130144,364000000,$364M,mid
2524,EASTMAN KODAK CO,KODK,31235,364000000,$364M,mid
2525,KELLY SERVICES INC,KELYB,55135,364000000,$364M,mid
2526,"Septerna, Inc.",SEPN,1984086,363300000,$363M,mid
2527,Cooper-Standard Holdings Inc.,CPS,1320461,363042894,$363M,mid
2528,Flowco Holdings Inc.,FLOC,2035149,362900000,$363M,mid
2529,Playtika Holding Corp.,PLTK,1828016,362800000,$363M,mid
2530,ORTHOPEDIATRICS CORP,KIDS,1425450,362500000,$362M,mid
2531,"Proficient Auto Logistics, Inc",PAL,1998768,362000000,$362M,mid
2532,AtaiBeckley Inc.,ATAI,2081043,361300000,$361M,mid
2533,"Eton Pharmaceuticals, Inc.",ETON,1710340,360600000,$361M,mid
2534,"United States Natural Gas Fund, LP",UNG,1376227,360537619,$361M,mid
2535,Orion Group Holdings Inc,ORN,1402829,360400000,$360M,mid
2536,MESA LABORATORIES INC /CO/,MLAB,724004,358000000,$358M,mid
2537,Xperi Inc.,XPER,1788999,357900000,$358M,mid
2538,CIK 1398987,,1398987,357000000,$357M,mid
2539,SHOE STATION GROUP INC,SHOE,895447,356973588,$357M,mid
2540,"Spok Holdings, Inc",SPOK,1289945,356000000,$356M,mid
2541,DONEGAL GROUP INC,DGICB,800457,355484764,$355M,mid
2542,CIK 1412665,,1412665,354700000,$355M,mid
2543,CIK 1723596,,1723596,354600000,$355M,mid
2544,Nano Dimension Ltd.,NNDM,1643303,353300000,$353M,mid
2545,"Eve Holding, Inc.",EVEX-WT,1823652,353200000,$353M,mid
2546,PARK AEROSPACE CORP,PKE,76267,352886100,$353M,mid
2547,CIK 2021042,,2021042,351900000,$352M,mid
2548,Ethos Technologies Inc.,LIFE,1788451,351800000,$352M,mid
2549,"EBR Systems, Inc.",EBRCZ,1347123,351000000,$351M,mid
2550,SARATOGA INVESTMENT CORP.,SAJ,1377936,350600000,$351M,mid
2551,MITEK SYSTEMS INC,MITK,807863,350011167,$350M,mid
2552,"Aveanna Healthcare Holdings, Inc.",AVAH,1832332,349700000,$350M,mid
2553,FRANKLIN COVEY CO,FC,886206,349500000,$350M,mid
2554,Bank of Marin Bancorp,BMRC,1403475,349000000,$349M,mid
2555,"NERDWALLET, INC.",NRDS,1625278,349000000,$349M,mid
2556,Bridgewater Bancshares Inc,BWBBP,1341317,348524730,$349M,mid
2557,"RCI HOSPITALITY HOLDINGS, INC.",RICK,935419,347708768,$348M,mid
2558,"Clearfield, Inc.",CLFD,796505,347399785,$347M,mid
2559,"Crescent Capital BDC, Inc.",CCAP,1633336,346900000,$347M,mid
2560,"Vishay Precision Group, Inc.",VPG,1487952,346797000,$347M,mid
2561,Vireo Growth Inc.,VREOF,1771706,345970203,$346M,mid
2562,"NWPX Infrastructure, Inc.",NWPX,1001385,345346358,$345M,mid
2563,CIK 1840574,,1840574,345200000,$345M,mid
2564,CIK 1888012,,1888012,344800000,$345M,mid
2565,Emergent BioSolutions Inc.,EBS,1367644,342700000,$343M,mid
2566,HUDSON TECHNOLOGIES INC /NY,HDSN,925528,342420635,$342M,mid
2567,GLADSTONE LAND Corp,LANDO,1495240,342300000,$342M,mid
2568,"Sionna Therapeutics, Inc.",SION,2036042,342014009,$342M,mid
2569,"LINDBLAD EXPEDITIONS HOLDINGS, INC.",LIND,1512499,341600000,$342M,mid
2570,M3-Brigade Acquisition VI Corp.,MBVIU,2073928,340500000,$340M,mid
2571,NORTHWEST BIOTHERAPEUTICS INC,NWBO,1072379,340239000,$340M,mid
2572,SANDRIDGE ENERGY INC,SD,1349436,340100000,$340M,mid
2573,Cerence Inc.,CRNC,1768267,340000000,$340M,mid
2574,Opendoor Technologies Inc.,OPENZ,1801169,339866979,$340M,mid
2575,Varex Imaging Corp,VREX,1681622,339300000,$339M,mid
2576,BOSTON OMAHA Corp,BOC,1494582,339121697,$339M,mid
2577,UNITY BANCORP INC /NJ/,UNTY,920427,338659526,$339M,mid
2578,"B&G Foods, Inc.",BGS,1278027,337917765,$338M,mid
2579,Community West Bancshares,CWBC,1127371,336710000,$337M,mid
2580,Clean Energy Fuels Corp.,CLNE,1368265,336172900,$336M,mid
2581,"Postal Realty Trust, Inc.",PSTL,1759774,336000000,$336M,mid
2582,Chatham Lodging Trust,CLDT-PA,1476045,335006575,$335M,mid
2583,"Outset Medical, Inc.",OM,1484612,334700000,$335M,mid
2584,AMARIN CORP PLC\UK,AMRN,897448,334700000,$335M,mid
2585,Neonode Inc.,NEON,87050,334359366,$334M,mid
2586,"Cricut, Inc.",CRCT,1828962,333400000,$333M,mid
2587,RIGEL PHARMACEUTICALS INC,RIGL,1034842,331600000,$332M,mid
2588,GBank Financial Holdings Inc.,GBFH,1791145,330600000,$331M,mid
2589,"KinderCare Learning Companies, Inc.",KLC,1873529,328346029,$328M,mid
2590,"ClearPoint Neuro, Inc.",CLPT,1285550,328000000,$328M,mid
2591,USANA HEALTH SCIENCES INC,USNA,896264,328000000,$328M,mid
2592,LIGHTBRIDGE Corp,LTBR,1084554,327566337,$328M,mid
2593,"Altimmune, Inc.",ALT,1326190,326800000,$327M,mid
2594,Ares Management Corp,ARES-PB,1176948,326653262,$327M,mid
2595,PROTHENA CORP PUBLIC LTD CO,PRTA,1559053,326600000,$327M,mid
2596,LUXFER HOLDINGS PLC,LXFR,1096056,325718817,$326M,mid
2597,"Five Point Holdings, LLC",FPH,1574197,325400000,$325M,mid
2598,Velos Acquisition I Corp.,VLOSU,2016072,324587500,$325M,mid
2599,"JELD-WEN Holding, Inc.",JELD,1674335,324400000,$324M,mid
2600,"Ardent Health, Inc.",ARDT,1756655,324300000,$324M,mid
2601,CIK 1831363,,1831363,324170335,$324M,mid
2602,Seneca Foods Corp,SENEL,88948,324037648,$324M,mid
2603,CEA Industries Inc.,BNCWW,1482541,323500000,$324M,mid
2604,Arcturus Therapeutics Holdings Inc.,ARCT,1768224,323500000,$324M,mid
2605,CIK 1962918,,1962918,322600000,$323M,mid
2606,"National CineMedia, Inc.",NCMI,1377630,322262565,$322M,mid
2607,CIK 1975218,,1975218,321200000,$321M,mid
2608,FARMERS & MERCHANTS BANCORP INC,FMAO,792966,321142346,$321M,mid
2609,"Aura Biosciences, Inc.",AURA,1501796,321000000,$321M,mid
2610,Republic Digital Acquisition Co,RDAGW,2055459,321000000,$321M,mid
2611,COMPASS MINERALS INTERNATIONAL INC,CMP,1227654,318890203,$319M,mid
2612,"HBT Financial, Inc.",HBT,775215,318300000,$318M,mid
2613,"McGraw Hill, Inc.",MH,1951070,318000000,$318M,mid
2614,NEKTAR THERAPEUTICS,NKTR,906709,318000000,$318M,mid
2615,Pioneer Acquisition I Corp,PACHW,2040381,317830000,$318M,mid
2616,Solid Biosciences Inc.,SLDB,1707502,317700000,$318M,mid
2617,CIK 1531978,,1531978,317600000,$318M,mid
2618,WEST BANCORPORATION INC,WTBA,1166928,317424991,$317M,mid
2619,WEN Acquisition Corp,WENNU,2057043,317258550,$317M,mid
2620,"Erasca, Inc.",ERAS,1761918,316400000,$316M,mid
2621,MATRIX SERVICE CO,MTRX,866273,316400000,$316M,mid
2622,ACCO BRANDS Corp,ACCO,712034,316100000,$316M,mid
2623,"Jefferson Capital, Inc. / DE",JCAP,2046042,316000000,$316M,mid
2624,Palladyne AI Corp.,PDYNW,1826681,315500000,$316M,mid
2625,"Mayville Engineering Company, Inc.",MEC,1766368,315257162,$315M,mid
2626,CEVA INC,CEVA,1173489,314441638,$314M,mid
2627,"Orange County Bancorp, Inc. /DE/",OBT,1754226,314300000,$314M,mid
2628,"MICROVISION, INC.",MVIS,65770,313800000,$314M,mid
2629,"AlTi Global, Inc.",ALTI,1838615,313700000,$314M,mid
2630,OCTAVE SPECIALTY GROUP INC,OSG,874501,313633817,$314M,mid
2631,"ZIPRECRUITER, INC.",ZIP,1617553,313400000,$313M,mid
2632,Berto Acquisition Corp.,TACOW,2033122,312756300,$313M,mid
2633,CIK 1819974,,1819974,312500000,$312M,mid
2634,"Mama's Creations, Inc.",MAMA,1520358,312426240,$312M,mid
2635,"Ponce Financial Group, Inc.",PDLB,1874071,311889119,$312M,mid
2636,"NATHANS FAMOUS, INC.",NATH,69733,310117000,$310M,mid
2637,"Hagerty, Inc.",HGTY,1840776,309900000,$310M,mid
2638,"Fluence Energy, Inc.",FLNC,1868941,309200000,$309M,mid
2639,HAVERTY FURNITURE COMPANIES INC,HVT-A,216085,307318284,$307M,mid
2640,"Gevo, Inc.",GEVO,1392380,306500000,$306M,mid
2641,NeuroPace Inc,NPCE,1528287,306200000,$306M,mid
2642,New Providence Acquisition Corp. III/Cayman,NPACU,2048948,306153000,$306M,mid
2643,CIK 1413837,,1413837,305000000,$305M,mid
2644,CIK 1444380,,1444380,305000000,$305M,mid
2645,"Latham Group, Inc.",SWIM,1833197,304679669,$305M,mid
2646,CIK 917491,,917491,303911472,$304M,mid
2647,Absci Corp,ABSI,1672688,303800000,$304M,mid
2648,"OIL STATES INTERNATIONAL, INC",OIS,1121484,303757961,$304M,mid
2649,GP-Act III Acquisition Corp.,GPATW,1834526,303312500,$303M,mid
2650,CIK 2006291,,2006291,302450000,$302M,mid
2651,Centurion Acquisition Corp.,ALFUW,2010930,302450000,$302M,mid
2652,SIGA TECHNOLOGIES INC,SIGA,1010086,302150075,$302M,mid
2653,"WW INTERNATIONAL, INC.",WW,105319,301346714,$301M,mid
2654,Ranpak Holdings Corp.,PACK,1712463,301100000,$301M,mid
2655,Grayscale Litecoin Trust (LTC),LTCN,1732406,300846495,$301M,mid
2656,MARCUS CORP,MCS,62234,300567941,$301M,mid
2657,UNISYS CORP,UIS,746838,300400000,$300M,mid
2658,MOTORCAR PARTS OF AMERICA INC,MPAA,918251,300342000,$300M,mid
2659,Summit Midstream Corp,SMC,2024218,300292924,$300M,mid
2660,UR-ENERGY INC,URG,1375205,300200000,$300M,mid
2661,Horizon Technology Finance Corp,HTFC,1487428,300000000,$300M,mid
2662,"MARAVAI LIFESCIENCES HOLDINGS, INC.",MRVI,1823239,300000000,$300M,mid
2663,Ribbon Communications Inc.,RBBN,1708055,299500000,$300M,mid
2664,Organogenesis Holdings Inc.,ORGO,1661181,299400000,$299M,mid
2665,CIK 1923840,,1923840,298500000,$298M,mid
2666,Brand Engagement Network Inc.,BNAIW,1838163,298460000,$298M,mid
2667,INVESTORS TITLE CO,ITIC,720858,297745366,$298M,mid
2668,TREASURE GLOBAL INC,TGL,1905956,297600000,$298M,mid
2669,"Tyra Biosciences, Inc.",TYRA,1863127,297300000,$297M,mid
2670,K&F GROWTH ACQUISITION CORP. II,KFIIU,2029976,297024710,$297M,mid
2671,"Fulcrum Therapeutics, Inc.",FULC,1680581,296079672,$296M,mid
2672,"Sana Biotechnology, Inc.",SANA,1770121,295100000,$295M,mid
2673,"Arteris, Inc.",AIP,1667011,295000000,$295M,mid
2674,Industrial Logistics Properties Trust,ILPT,1717307,294500000,$294M,mid
2675,CIK 1828723,,1828723,294353035,$294M,mid
2676,CIK 1827506,,1827506,294000000,$294M,mid
2677,SOUTHERN FIRST BANCSHARES INC,SFST,1090009,292504676,$293M,mid
2678,Atlanticus Holdings Corp,ATLCZ,1464343,292100000,$292M,mid
2679,CIK 1220754,,1220754,291800000,$292M,mid
2680,"Aquestive Therapeutics, Inc.",AQST,1398733,291600000,$292M,mid
2681,"Custom Truck One Source, Inc.",CTOS,1709682,291400000,$291M,mid
2682,CIK 2034268,,2034268,291200000,$291M,mid
2683,STANDARD BIOTOOLS INC.,LAB,1162194,290900000,$291M,mid
2684,Alussa Energy Acquisition Corp. II,ALUB-UN,2041493,290375000,$290M,mid
2685,CIK 852772,,852772,290174732,$290M,mid
2686,FutureCrest Acquisition Corp.,FCRS-WT,2074697,290000000,$290M,mid
2687,"TaskUs, Inc.",TASK,1829864,289600000,$290M,mid
2688,"Jade Biosciences, Inc.",JBIO,1798749,289400000,$289M,mid
2689,"Claros Mortgage Trust, Inc.",CMTG,1666291,289000000,$289M,mid
2690,LESAKA TECHNOLOGIES INC,LSAK,1041514,288493330,$288M,mid
2691,Venu Holding Corp,VENU,1770501,287043620,$287M,mid
2692,Quantum-Si Inc,QSI,1816431,286300000,$286M,mid
2693,RBB Bancorp,RBB,1499422,286210716,$286M,mid
2694,"NorthEast Community Bancorp, Inc./MD/",NECB,1847398,284500000,$284M,mid
2695,"Fulgent Genetics, Inc.",FLGT,1674930,284300000,$284M,mid
2696,CIK 2012964,,2012964,284000000,$284M,mid
2697,BayCom Corp,BCML,1730984,283200000,$283M,mid
2698,CIK 1327318,,1327318,282455081,$282M,mid
2699,Runway Growth Finance Corp.,RWAYL,1653384,282000000,$282M,mid
2700,8X8 INC /DE/,EGHT,1023731,281600000,$282M,mid
2701,Westrock Coffee Co,WEST,1806347,281500000,$282M,mid
2702,"International Money Express, Inc.",IMXI,1683695,281367974,$281M,mid
2703,"Humacyte, Inc.",HUMAW,1818382,280300000,$280M,mid
2704,ONITY GROUP INC.,ONIT,873860,280294372,$280M,mid
2705,CITIZENS & NORTHERN CORP,CZNC,810958,280273757,$280M,mid
2706,"Ocugen, Inc.",OCGN,1372299,279200000,$279M,mid
2707,TriplePoint Venture Growth BDC Corp.,TPVG,1580345,278800000,$279M,mid
2708,SES AI Corp,SESCW,1819142,278500000,$278M,mid
2709,Titan Acquisition Corp.,TACHW,2009183,278000000,$278M,mid
2710,SilverBox Corp V,SBXE-WT,2081909,277932000,$278M,mid
2711,Factorial Energy Inc.,FACWW,2049662,277656000,$278M,mid
2712,AMERICAN COASTAL INSURANCE Corp,ACIC,1401521,277582000,$278M,mid
2713,"INFINITY NATURAL RESOURCES, INC.",INR,2029118,277442275,$277M,mid
2714,"Compass Therapeutics, Inc.",CMPX,1738021,277000000,$277M,mid
2715,Civeo Corp,CVEO,1590584,276806089,$277M,mid
2716,CIK 1058867,,1058867,276500000,$276M,mid
2717,"NewtekOne, Inc.",NEWTO,1587987,276500000,$276M,mid
2718,"Paysign, Inc.",PAYS,1496443,276377168,$276M,mid
2719,RED RIVER BANCSHARES INC,RRBI,1071236,276100000,$276M,mid
2720,"Rapport Therapeutics, Inc.",RAPP,2012593,275840930,$276M,mid
2721,Trailblazer Acquisition Corp.,BLZRW,2075310,275275000,$275M,mid
2722,COLONY BANKCORP INC,CBAN,711669,275200000,$275M,mid
2723,ABEONA THERAPEUTICS INC.,ABEO,318306,273252724,$273M,mid
2724,PARK OHIO HOLDINGS CORP,PKOH,76282,272035804,$272M,mid
2725,Tonix Pharmaceuticals Holding Corp.,TNXP,1430306,271370839,$271M,mid
2726,CIK 1159167,,1159167,271300000,$271M,mid
2727,CIK 1701051,,1701051,271300000,$271M,mid
2728,"First Bancorp, Inc /ME/",FNLC,765207,271239386,$271M,mid
2729,Kuber Resources Corp,KUBR,1081834,270976291,$271M,mid
2730,"Gossamer Bio, Inc.",GOSS,1728117,270800000,$271M,mid
2731,Bold Eagle Acquisition Corp.,BEAGR,1852207,270126000,$270M,mid
2732,"SS Innovations International, Inc.",SSII,1676163,270113872,$270M,mid
2733,CIK 2006815,,2006815,270000000,$270M,mid
2734,Bitwise Ethereum ETF,ETHW,2013744,269274600,$269M,mid
2735,Vanda Pharmaceuticals Inc.,VNDA,1347178,268700000,$269M,mid
2736,ProCap Acquisition Corp,PCAPU,2056634,268000000,$268M,mid
2737,Biglari Holdings Inc.,BH,1726173,267698652,$268M,mid
2738,CIK 1846510,,1846510,267630043,$268M,mid
2739,Renatus Tactical Acquisition Corp I,RTACU,2035173,267582000,$268M,mid
2740,"BILI Social International, Inc.",BSCL,1109262,267279445,$267M,mid
2741,Greystone Housing Impact Investors LP,GHI,1059142,266953368,$267M,mid
2742,BICYCLE THERAPEUTICS PLC,BCYC,1761612,266666552,$267M,mid
2743,"TREACE MEDICAL CONCEPTS, INC.",TMCI,1630627,265900000,$266M,mid
2744,CITIZENS FINANCIAL SERVICES INC,CZFS,739421,264808000,$265M,mid
2745,CIK 2034269,,2034269,264700000,$265M,mid
2746,Bioventus Inc.,BVS,1665988,264400000,$264M,mid
2747,"Strata Critical Medical, Inc.",SRTA,1779128,263900000,$264M,mid
2748,Oyster Enterprises II Acquisition Corp,OYSEU,2042182,262940880,$263M,mid
2749,KALTURA INC,KLTR,1432133,262900000,$263M,mid
2750,"Atea Pharmaceuticals, Inc.",AVIR,1593899,262600000,$263M,mid
2751,MVB FINANCIAL CORP,MVBF,1277902,262300000,$262M,mid
2752,"Petco Health & Wellness Company, Inc.",WOOF,1826470,262000000,$262M,mid
2753,"KULR Technology Group, Inc.",KULR,1662684,260648095,$261M,mid
2754,Inflection Point Acquisition Corp. III,IPCXR,2012318,260252600,$260M,mid
2755,"FS Bancorp, Inc.",FSBW,1530249,259816442,$260M,mid
2756,"Zenas BioPharma, Inc.",ZBIO,1953926,259300000,$259M,mid
2757,"Health Catalyst, Inc.",HCAT,1636422,259000000,$259M,mid
2758,"Rezolute, Inc.",RZLT,1509261,258827000,$259M,mid
2759,"Riley Exploration Permian, Inc.",REPX,1001614,258700000,$259M,mid
2760,EvoAir Holdings Inc.,EVOH,1700844,258401343,$258M,mid
2761,"Distribution Solutions Group, Inc.",DSGR,703604,258112845,$258M,mid
2762,"Merlin, Inc.",MRLN,2028707,257750000,$258M,mid
2763,Kochav Defense Acquisition Corp.,KCHVU,2053799,257427500,$257M,mid
2764,COMPASS Pathways plc,CMPS,1816590,257100000,$257M,mid
2765,"Cantor Equity Partners V, Inc.",CEPV,2034266,256300000,$256M,mid
2766,RMR GROUP INC.,RMR,1644378,256100000,$256M,mid
2767,OOMA INC,OOMA,1327688,256000000,$256M,mid
2768,GENESCO INC,GCO,18498,255000000,$255M,mid
2769,"ReposiTrak, Inc.",TRAK,50471,254345000,$254M,mid
2770,"Verastem, Inc.",VSTM,1526119,253804995,$254M,mid
2771,Oxley Bridge Acquisition Ltd,OBAWW,2034313,253253000,$253M,mid
2772,Blue Water Acquisition Corp. III,BLUWW,2050501,253253000,$253M,mid
2773,"Corvus Pharmaceuticals, Inc.",CRVS,1626971,251900000,$252M,mid
2774,DBV Technologies S.A.,DBVTF,1613780,250900000,$251M,mid
2775,UNITED STATES ANTIMONY CORP,UAMY,101538,250314273,$250M,mid
2776,ASURE SOFTWARE INC,ASUR,884144,250308366,$250M,mid
2777,GRAFTECH INTERNATIONAL LTD,EAF,931148,250300000,$250M,mid
2778,CIK 1860879,,1860879,250000483,$250M,mid
2779,KOPIN CORP,KOPN,771266,249887595,$250M,mid
2780,CIK 1438231,,1438231,249000000,$249M,mid
2781,"Krispy Kreme, Inc.",DNUT,1857154,248900000,$249M,mid
2782,DeFi Development Corp.,DFUKF,1805526,248448542,$248M,mid
2783,CIK 1169445,,1169445,247987565,$248M,mid
2784,Legacy Housing Corp,LEGH,1436208,247297780,$247M,mid
2785,Soulpower Acquisition Corp.,SOUL-UN,2025608,246984000,$247M,mid
2786,PLUMAS BANCORP,PLBC,1168455,246700000,$247M,mid
2787,Andretti Acquisition Corp. II,POLEW,2025341,246628800,$247M,mid
2788,"Waterstone Financial, Inc.",WSBF,1569994,246200000,$246M,mid
2789,CIK 1843477,,1843477,246133305,$246M,mid
2790,Teamshares Inc,TMSWW,2048951,246100000,$246M,mid
2791,Perimeter Acquisition Corp. I,PMTRW,2061473,245605500,$246M,mid
2792,Limoneira CO,LMNR,1342423,245600000,$246M,mid
2793,"Candel Therapeutics, Inc.",CADL,1841387,245300000,$245M,mid
2794,CIK 1018399,,1018399,244831574,$245M,mid
2795,"Annexon, Inc.",ANNX,1528115,244400000,$244M,mid
2796,"Ranger Energy Services, Inc.",RNGR,1699039,244200000,$244M,mid
2797,Karat Packaging Inc.,KRT,1758021,244136753,$244M,mid
2798,Ares Commercial Real Estate Corp,ACRE,1529377,243860476,$244M,mid
2799,RAYONIER ADVANCED MATERIALS INC.,RYAM,1597672,243729095,$244M,mid
2800,"FrontView REIT, Inc.",FVR,1988494,243500000,$244M,mid
2801,"Olema Pharmaceuticals, Inc.",OLMA,1750284,243100000,$243M,mid
2802,TREDEGAR CORP,TG,850429,242702935,$243M,mid
2803,"Public Policy Holding Company, Inc.",PPHC,1903508,242553173,$243M,mid
2804,Anterix Inc.,ATEX,1304492,241938984,$242M,mid
2805,Lovesac Co,LOVE,1701758,241847507,$242M,mid
2806,Citi Trends Inc,CTRN,1318484,241618980,$242M,mid
2807,Teucrium Commodity Trust,CORN,1471824,241575584,$242M,mid
2808,Lionheart Holdings,CUBWU,2015955,241500000,$242M,mid
2809,Hennessy Capital Investment Corp. VIII,HCICU,2099093,241500000,$242M,mid
2810,Aldel Financial II Inc.,ALDFW,2031561,241270000,$241M,mid
2811,"Priority Technology Holdings, Inc.",PRTHU,1653558,241200000,$241M,mid
2812,"BEYOND MEAT, INC.",BYND,1655210,241200000,$241M,mid
2813,CIK 1195734,,1195734,241100000,$241M,mid
2814,CIK 1854401,,1854401,241100000,$241M,mid
2815,OptimizeRx Corp,OPRX,1448431,240860790,$241M,mid
2816,Graf Global Corp.,TONT-WT,1897463,240580000,$241M,mid
2817,Jackson Acquisition Co II,JACS-RI,2039058,240500000,$240M,mid
2818,FREQUENCY ELECTRONICS INC,FEIM,39020,240400000,$240M,mid
2819,"Backblaze, Inc.",BLZE,1462056,240300000,$240M,mid
2820,"Exodus Movement, Inc.",EXOD,1821534,240121380,$240M,mid
2821,SIM Acquisition Corp. I,SIMAW,2014982,239660000,$240M,mid
2822,Launch Two Acquisition Corp.,LPBBU,2023676,239660000,$240M,mid
2823,Launch One Acquisition Corp.,LPAAU,2015502,239545000,$240M,mid
2824,CIK 2029492,,2029492,239160600,$239M,mid
2825,"RADIANT LOGISTICS, INC",RLGT,1171155,239000000,$239M,mid
2826,Quanterix Corp,QTRX,1503274,239000000,$239M,mid
2827,"VIEMED HEALTHCARE, INC.",VMD,1729149,238786569,$239M,mid
2828,"Prime Medicine, Inc.",PRME,1894562,238759057,$239M,mid
2829,TIMBERLAND BANCORP INC,TSBK,1046050,238290000,$238M,mid
2830,Mechanics Bancorp,MCHB,1518715,238000000,$238M,mid
2831,"Cantor Equity Partners I, Inc.",CEPO,2027708,238000000,$238M,mid
2832,METHODE ELECTRONICS INC,MEI,65270,237700000,$238M,mid
2833,Grayscale Bitcoin Cash Trust (BCH),BCHG,1732409,237646437,$238M,mid
2834,"MBX Biosciences, Inc.",MBX,1776111,237327692,$237M,mid
2835,Roman DBDR Acquisition Corp. II,DRDBU,2032528,237130000,$237M,mid
2836,MOVADO GROUP INC,MOVAA,72573,237000000,$237M,mid
2837,"Chicago Atlantic Real Estate Finance, Inc.",REFI,1867949,236800000,$237M,mid
2838,Rithm Acquisition Corp.,RAC-WT,2047497,236600000,$237M,mid
2839,JENA ACQUISITION Corp II,JENA-RI,2060337,236440000,$236M,mid
2840,GSR IV Acquisition Corp.,GSRFU,2072404,236318445,$236M,mid
2841,Fifth Era Acquisition Corp I,FERAU,2025401,235683000,$236M,mid
2842,Regional Management Corp.,RM,1519401,235369156,$235M,mid
2843,Archimedes Tech SPAC Partners II Co.,ATIIW,2028516,235290000,$235M,mid
2844,"HERON THERAPEUTICS, INC. /DE/",HRTX,818033,235100000,$235M,mid
2845,Oportun Financial Corp,OPRT,1538716,234600000,$235M,mid
2846,Drugs Made In America Acquisition Corp.,DMAAR,2028614,234600000,$235M,mid
2847,"Replimune Group, Inc.",REPL,1737953,234500000,$234M,mid
2848,"NewLake Capital Partners, Inc.",NLCP,1854964,233959142,$234M,mid
2849,Primis Financial Corp.,FRST,1325670,233800000,$234M,mid
2850,Turtle Beach Corp,TBCH,1493761,233519589,$234M,mid
2851,"SANUWAVE Health, Inc.",SNWV,1417663,233300000,$233M,mid
2852,Sizzle Acquisition Corp. II,SZZLU,2030663,233160000,$233M,mid
2853,OTG Acquisition Corp. I,OTGAU,2077010,232300000,$232M,mid
2854,Activate Energy Acquisition Corp.,AEAQU,2083689,232180000,$232M,mid
2855,"Tectonic Therapeutic, Inc.",TECX,1681087,232000000,$232M,mid
2856,AerSale Corp,ASLE,1754170,232000000,$232M,mid
2857,"Aldeyra Therapeutics, Inc.",ALDX,1341235,231896127,$232M,mid
2858,MERCER INTERNATIONAL INC.,MERC,1333274,231700000,$232M,mid
2859,CIK 2029023,,2029023,231648525,$232M,mid
2860,"John Marshall Bancorp, Inc.",JMSB,1710482,231600000,$232M,mid
2861,"ATN International, Inc.",ATNI,879585,231000000,$231M,mid
2862,Adaptimmune Therapeutics PLC,ADAPY,1621227,230884394,$231M,mid
2863,"MAXCYTE, INC.",MXCT,1287098,230700000,$231M,mid
2864,MESABI TRUST,MSB,65172,230474323,$230M,mid
2865,"Bankwell Financial Group, Inc.",BWFG,1505732,230408751,$230M,mid
2866,"James River Group Holdings, Inc.",JRVR,1620459,230345525,$230M,mid
2867,CERUS CORP,CERS,1020214,230000000,$230M,mid
2868,Highview Merger Corp.,HVMCW,2070602,230000000,$230M,mid
2869,Launchpad Cadenza Acquisition Corp I,LPCVU,2083728,230000000,$230M,mid
2870,Texas Ventures Acquisition III Corp,TVACW,2033991,229980031,$230M,mid
2871,"Electromed, Inc.",ELMD,1488917,229679000,$230M,mid
2872,CIK 1227265,,1227265,229623085,$230M,mid
2873,Cal Redwood Acquisition Corp.,CRAQU,2058359,229310000,$229M,mid
2874,Sagimet Biosciences Inc.,SGMT,1400118,228400000,$228M,mid
2875,"HighPeak Energy, Inc.",HPK,1792849,228323105,$228M,mid
2876,Invesco DB Oil Fund,DBO,1383058,228045000,$228M,mid
2877,Target Hospitality Corp.,TH,1712189,227771256,$228M,mid
2878,CIK 1689731,,1689731,226400000,$226M,mid
2879,CIK 1442836,,1442836,226275877,$226M,mid
2880,IBEX Ltd,IBEX,1720420,226110774,$226M,mid
2881,"Global Indemnity Group, LLC",GBLI,1494904,225807147,$226M,mid
2882,"FORUM ENERGY TECHNOLOGIES, INC.",FET,1401257,225500000,$226M,mid
2883,PCB BANCORP,PCB,1423869,225100000,$225M,mid
2884,"AVIAT NETWORKS, INC.",AVNW,1377789,224400000,$224M,mid
2885,CIK 2054174,,2054174,223800000,$224M,mid
2886,FARADAY FUTURE INTELLIGENT ELECTRIC INC.,FFAI,1805521,223500520,$224M,mid
2887,"FB Bancorp, Inc. /MD/",FBLA,2013639,223200000,$223M,mid
2888,TACTILE SYSTEMS TECHNOLOGY INC,TCMD,1027838,223030304,$223M,mid
2889,"LIFECORE BIOMEDICAL, INC. DE",LFCR,1005286,222965066,$223M,mid
2890,CIK 1661458,,1661458,222800000,$223M,mid
2891,Artius II Acquisition Inc.,AACBU,2034334,222600000,$223M,mid
2892,CIK 2025396,,2025396,221980000,$222M,mid
2893,Tamboran Resources Corp,TBNRL,1997652,221466938,$221M,mid
2894,"Liminatus Pharma, Inc.",LIMNW,1971387,221000000,$221M,mid
2895,"TechTarget, Inc.",TTGT,2018064,221000000,$221M,mid
2896,Lifevantage Corp,LFVN,849146,220000000,$220M,mid
2897,"PRECIGEN, INC.",PGEN,1356090,219400000,$219M,mid
2898,"SELLAS Life Sciences Group, Inc.",SLS,1390478,219132515,$219M,mid
2899,FIDELITY D & D BANCORP INC,FDBC,1098151,219100000,$219M,mid
2900,NORWOOD FINANCIAL CORP,NWFL,1013272,218800000,$219M,mid
2901,ORASURE TECHNOLOGIES INC,OSUR,1116463,218472693,$218M,mid
2902,"Xponential Fitness, Inc.",XPOF,1802156,218400000,$218M,mid
2903,KINGSWAY Corp,KWY,1072627,217756671,$218M,mid
2904,ISABELLA BANK CORP,ISBA,842517,217706000,$218M,mid
2905,"Blaize Holdings, Inc.",BZAIW,1871638,217400000,$217M,mid
2906,NVE CORP /NEW/,NVEC,724910,217000000,$217M,mid
2907,"Lexeo Therapeutics, Inc.",LXEO,1907108,216500000,$216M,mid
2908,SilverBox Corp IV,SBXD-WT,2015947,216413900,$216M,mid
2909,LightWave Acquisition Corp.,LWACW,2061379,216056250,$216M,mid
2910,First Internet Bancorp,INBKZ,1562463,215000000,$215M,mid
2911,"TPG Mortgage Investment Trust, Inc.",MITT-PC,1514281,214436323,$214M,mid
2912,FOSTER L B CO,FSTR,352825,213944609,$214M,mid
2913,CIK 2002038,,2002038,213727500,$214M,mid
2914,"Arq, Inc.",ARQ,1515156,213400000,$213M,mid
2915,"PARKE BANCORP, INC.",PKBK,1315399,213100000,$213M,mid
2916,"Perspective Therapeutics, Inc.",CATX,728387,212873547,$213M,mid
2917,"Century Therapeutics, Inc.",IPSC,1850119,212506473,$213M,mid
2918,"ROCKET PHARMACEUTICALS, INC.",RCKTW,1281895,212500000,$212M,mid
2919,"ChargePoint Holdings, Inc.",CHPT,1777393,212100000,$212M,mid
2920,"Monte Rosa Therapeutics, Inc.",GLUE,1826457,212000000,$212M,mid
2921,Siddhi Acquisition Corp (Cayman Islands),SDHIR,2034037,211839885,$212M,mid
2922,NATURES SUNSHINE PRODUCTS INC,NATR,275053,211304715,$211M,mid
2923,"Belpointe PREP, LLC",OZ,1807046,210850551,$211M,mid
2924,ZION OIL & GAS INC,ZNOGW,1131312,210818000,$211M,mid
2925,"Rimini Street, Inc.",RMNI,1635282,210119000,$210M,mid
2926,"ALICO, INC.",ALCO,3545,210043641,$210M,mid
2927,U.S. GOLD CORP.,USAU,27093,209628891,$210M,mid
2928,AMERICAN BATTERY TECHNOLOGY Co,ABAT,1576873,208000000,$208M,mid
2929,"Chicago Atlantic BDC, Inc.",LIEN,1843162,207788142,$208M,mid
2930,"Hadron Energy, Inc.",HDRNW,2023730,207600000,$208M,mid
2931,"Tvardi Therapeutics, Inc.",TVRD,1346830,207163961,$207M,mid
2932,"KINGSTONE COMPANIES, INC.",KINS,33992,206834561,$207M,mid
2933,Silence Therapeutics plc,SLNCF,1479615,206200000,$206M,mid
2934,"Barnes & Noble Education, Inc.",BNED,1634117,206000000,$206M,mid
2935,LCNB CORP,LCNB,1074902,205966252,$206M,mid
2936,CIK 1475115,,1475115,205900000,$206M,mid
2937,WEYCO GROUP INC,WEYS,106532,205790000,$206M,mid
2938,SOUTH DAKOTA SOYBEAN PROCESSORS LLC,SDSYA,1163609,205489165,$205M,mid
2939,"Cardiff Oncology, Inc.",CRDF,1213037,205395570,$205M,mid
2940,"Velocity Financial, Inc.",VEL,1692376,205100000,$205M,mid
2941,FLOTEK INDUSTRIES INC/CN/,FTK,928054,204700000,$205M,mid
2942,NewHold Investment Corp. III,NHICW,2043699,204671250,$205M,mid
2943,"Frontier Group Holdings, Inc.",ULCC,1670076,204000000,$204M,mid
2944,Axiom Intelligence Acquisition Corp 1,AXINR,2057030,203818000,$204M,mid
2945,Blue Acquisition Corp/Cayman,BACCU,2059654,202055000,$202M,mid
2946,Invesco DB US Dollar Index Bullish Fund,UUP,1383151,201600000,$202M,mid
2947,Sky Harbour Group Corp,SKYH-WT,1823587,201200000,$201M,mid
2948,Oaktree Acquisition Corp. III Life Sciences,OACCW,2029769,200629854,$201M,mid
2949,CHEMUNG FINANCIAL CORP,CHMG,763563,200624366,$201M,mid
2950,Vendome Acquisition Corp I,VNMEU,2055879,200600000,$201M,mid
2951,PURE CYCLE CORP,PCYO,276720,200552430,$201M,mid
2952,Ategrity Specialty Insurance Co Holdings,ASIC,2040491,200155433,$200M,mid
2953,EverCommerce Inc.,EVCM,1853145,200100000,$200M,mid
2954,Hennessy Capital Investment Corp. VII,HVIIR,1846416,200050400,$200M,mid
2955,"TrueBlue, Inc.",TBI,768899,200000000,$200M,mid
2956,KOHLS Corp,KSS,885639,200000000,$200M,mid
2957,CIK 1821160,,1821160,198900000,$199M,mid
2958,CIK 1860782,,1860782,198251396,$198M,mid
2959,CIK 1434868,,1434868,198200000,$198M,mid
2960,Osprey Bitcoin Trust,OBTC,1767057,198196607,$198M,mid
2961,CIK 1806201,,1806201,198100000,$198M,mid
2962,CIK 1868726,,1868726,198100000,$198M,mid
2963,"Unusual Machines, Inc.",UMAC,1956955,197646688,$198M,mid
2964,"Funko, Inc.",FNKO,1704711,197300000,$197M,mid
2965,Oak Valley Bancorp,OVLY,1431567,197000000,$197M,mid
2966,"BLUE RIDGE BANKSHARES, INC.",BRBS,842717,196878364,$197M,mid
2967,"PALVELLA THERAPEUTICS, INC.",PVLA,1583648,196700000,$197M,mid
2968,Information Services Group Inc.,III,1371489,196071163,$196M,mid
2969,MBIA INC,MBI,814585,196000000,$196M,mid
2970,CIK 1382230,,1382230,195325406,$195M,mid
2971,908 Devices Inc.,MASS,1555279,194900000,$195M,mid
2972,NRC HEALTH,NRC,70487,194764382,$195M,mid
2973,AMC Global Media Inc.,AMCX,1514991,194000000,$194M,mid
2974,FLEXSTEEL INDUSTRIES INC,FLXS,37472,193381286,$193M,mid
2975,STONERIDGE INC,SRI,1043337,192600000,$193M,mid
2976,"FVCBankcorp, Inc.",FVCB,1675644,192138668,$192M,mid
2977,CIK 1593222,,1593222,192100000,$192M,mid
2978,1 800 FLOWERS COM INC,FLWS,1084869,191511000,$192M,mid
2979,Terrestrial Energy Inc. /DE/,IMSRW,2019804,191475000,$191M,mid
2980,"Editas Medicine, Inc.",EDIT,1650664,191377146,$191M,mid
2981,"Entrada Therapeutics, Inc.",TRDA,1689375,191200000,$191M,mid
2982,Douglas Elliman Inc.,DOUG,1878897,191100000,$191M,mid
2983,Lucky Strike Entertainment Corp,LUCK,1840572,190726000,$191M,mid
2984,CIK 1728205,,1728205,190429937,$190M,mid
2985,"Alpine Income Property Trust, Inc.",PINE-PA,1786117,190306859,$190M,mid
2986,Chaince Digital Holdings Inc.,CD,1527762,190259746,$190M,mid
2987,Inogen Inc,INGN,1294133,190100000,$190M,mid
2988,Streamex Corp.,STEX,1530766,190000000,$190M,mid
2989,3D SYSTEMS CORP,DDD,910638,189570915,$190M,mid
2990,CIK 1756701,,1756701,189523764,$190M,mid
2991,Vuzix Corp,VUZI,1463972,189368000,$189M,mid
2992,CIK 1293971,,1293971,189220530,$189M,mid
2993,NETLIST INC,NLST,1282631,189200000,$189M,mid
2994,"Western New England Bancorp, Inc.",WNEB,1157647,189164244,$189M,mid
2995,STARZ ENTERTAINMENT CORP /CN/,STRZ,929351,189000000,$189M,mid
2996,Invesco DB Precious Metals Fund,DBP,1383057,187850000,$188M,mid
2997,CIK 836147,,836147,186500000,$186M,mid
2998,C & F FINANCIAL CORP,CFFI,913341,186049961,$186M,mid
2999,JAKKS PACIFIC INC,JAKK,1009829,185317889,$185M,mid
3000,Viant Technology Inc.,DSP,1828791,185100000,$185M,mid
3001,"Allogene Therapeutics, Inc.",ALLO,1737287,184000000,$184M,mid
3002,OneWater Marine Inc.,ONEW,1772921,183705342,$184M,mid
3003,ALUMIS INC.,ALMS,1847367,183200000,$183M,mid
3004,Hyliion Holdings Corp.,HYLN,1759631,183000000,$183M,mid
3005,E.W. SCRIPPS Co,SSP,832428,183000000,$183M,mid
3006,FACT II Acquisition Corp.,FACTW,2028935,182559603,$183M,mid
3007,River Financial Corp,RVRF,1641601,182000000,$182M,mid
3008,NATURAL GAS SERVICES GROUP INC,NGS,1084991,181900000,$182M,mid
3009,"Inspired Entertainment, Inc.",INSE,1615063,181000000,$181M,mid
3010,ContextLogic Holdings Inc.,LOGC,2064307,181000000,$181M,mid
3011,"TILE SHOP HOLDINGS, INC.",TTSH,1552800,180796318,$181M,mid
3012,Digital Asset Acquisition Corp.,DAAQU,2052162,180780000,$181M,mid
3013,PERMA FIX ENVIRONMENTAL SERVICES INC,PESI,891532,180282376,$180M,mid
3014,Newbury Street II Acquisition Corp,NTWOU,2028027,180217774,$180M,mid
3015,Neostellar Capital Corp.,NSLRL,1509470,179919391,$180M,mid
3016,CuriosityStream Inc.,CURI,1776909,179700000,$180M,mid
3017,FIRST UNITED CORP/MD/,FUNC,763907,179240809,$179M,mid
3018,FIRST COMMUNITY CORP /SC/,FCCO,932781,178810210,$179M,mid
3019,Solarius Capital Acquisition Corp.,SOCAU,2065948,177885000,$178M,mid
3020,ENTREPRENEUR UNIVERSE BRIGHT GROUP,EUBG,1171326,177755981,$178M,mid
3021,Translational Development Acquisition Corp.,TDACW,1926599,177675000,$178M,mid
3022,"Plum Acquisition Corp, IV",PLMKU,2030482,177330000,$177M,mid
3023,Investar Holding Corp,ISTR,1602658,177300000,$177M,mid
3024,GREENE COUNTY BANCORP INC,GCBC,1070524,177217000,$177M,mid
3025,"CRESCENT BIOPHARMA, INC.",CBIO,1253689,177200000,$177M,mid
3026,Zumiez Inc,ZUMZ,1318008,177088388,$177M,mid
3027,Satellogic Inc.,SATLW,1874315,176744176,$177M,mid
3028,First Western Financial Inc,MYFW,1327607,176400000,$176M,mid
3029,1RT Acquisition Corp.,ONCHW,2054272,175950000,$176M,mid
3030,Bank7 Corp.,BSVN,1746129,175326764,$175M,mid
3031,Copley Acquisition Corp,COPL-WT,2045473,175096125,$175M,mid
3032,CIK 2052161,,2052161,175087500,$175M,mid
3033,"Perma-Pipe International Holdings, Inc.",PPIH,914122,174846721,$175M,mid
3034,CIK 1995413,,1995413,174675000,$175M,mid
3035,"Inhibrx Biosciences, Inc.",INBX,2007919,174600000,$175M,mid
3036,Virginia National Bankshares Corp,VABK,1572334,174400000,$174M,mid
3037,MEDALLION FINANCIAL CORP,MBNKO,1000209,174163971,$174M,mid
3038,CIK 1827821,,1827821,173920000,$174M,mid
3039,CIK 1856236,,1856236,173900000,$174M,mid
3040,"UNIVERSAL LOGISTICS HOLDINGS, INC.",ULH,1308208,173800000,$174M,mid
3041,SC II Acquisition Corp.,SCIIU,2076739,173707500,$174M,mid
3042,Twelve Seas Investment Co III/Cayman,TWLVU,2052243,173577750,$174M,mid
3043,CIK 1846017,,1846017,173500000,$174M,mid
3044,NATIONAL BANKSHARES INC,NKSH,796534,173155227,$173M,mid
3045,"Expensify, Inc.",EXFY,1476840,173000000,$173M,mid
3046,"USCB FINANCIAL HOLDINGS, INC.",USCB,1901637,173000000,$173M,mid
3047,CIK 1840904,,1840904,172900000,$173M,mid
3048,JOINT Corp,JYNT,1612630,172500000,$172M,mid
3049,Yorkville Acquisition Corp.,MCGAU,2064658,172500000,$172M,mid
3050,Crown Reserve Acquisition Corp. I,CRACR,2070887,172500000,$172M,mid
3051,OMEROS CORP,OMER,1285819,172381173,$172M,mid
3052,Foghorn Therapeutics Inc.,FHTX,1822462,172300000,$172M,mid
3053,"Quad/Graphics, Inc.",QUAD,1481792,172279494,$172M,mid
3054,RGC RESOURCES INC,RGCO,1069533,171906919,$172M,mid
3055,Galata Acquisition Corp. II,LATAW,2076427,171810000,$172M,mid
3056,Smith Douglas Homes Corp.,SDHC,1982518,171500000,$172M,mid
3057,"Mistras Group, Inc.",MG,1436126,171400000,$171M,mid
3058,CIK 1401564,,1401564,170853841,$171M,mid
3059,"LEXICON PHARMACEUTICALS, INC.",LXRX,1062822,170000000,$170M,mid
3060,MidCap Financial Investment Corp,MFICL,1278752,170000000,$170M,mid
3061,CIK 1721386,,1721386,169500000,$170M,mid
3062,Helix Acquisition Corp. III,HLXC,2099656,169270500,$169M,mid
3063,Better Home & Finance Holding Co,BETRW,1835856,169000000,$169M,mid
3064,"CITIZENS, INC.",CIA,24090,168532386,$169M,mid
3065,"Idaho Strategic Resources, Inc.",IDR,1030192,168504500,$169M,mid
3066,UTAH MEDICAL PRODUCTS INC,UTMD,706698,168203211,$168M,mid
3067,Melar Acquisition Corp. I/Cayman,MACIU,2016221,168160000,$168M,mid
3068,CIK 791908,,791908,167829001,$168M,mid
3069,ENTRAVISION COMMUNICATIONS CORP,EVC,1109116,167134380,$167M,mid
3070,"Reservoir Media, Inc.",RSVR,1824403,167090553,$167M,mid
3071,"4D Molecular Therapeutics, Inc.",FDMT,1650648,166461070,$166M,mid
3072,IMMERSION CORP,IMMR,1058811,166012564,$166M,mid
3073,TELOS CORP,TLS,320121,165200000,$165M,mid
3074,CADIZ INC,CDZIP,727273,165039069,$165M,mid
3075,CIK 1554859,,1554859,164913715,$165M,mid
3076,Verano Holdings Corp.,VRNO,1848416,164049793,$164M,mid
3077,"Princeton Bancorp, Inc.",BPRN,1913971,164000000,$164M,mid
3078,"Maiden Holdings, Ltd.",MHNC,1412100,163400000,$163M,mid
3079,CIK 1778784,,1778784,163300000,$163M,mid
3080,Zevia PBC,ZVIA,1854139,163200000,$163M,mid
3081,BRT Apartments Corp.,BRT,14846,162900000,$163M,mid
3082,"Aardvark Therapeutics, Inc.",AARD,1774857,162900000,$163M,mid
3083,Finwise Bancorp,FINW,1856365,162900000,$163M,mid
3084,GraniteShares Platinum Trust,PLTM,1690842,162846000,$163M,mid
3085,W&T OFFSHORE INC,WTI,1288403,162137940,$162M,mid
3086,ALTA EQUIPMENT GROUP INC.,ALTG-PA,1759824,162100000,$162M,mid
3087,"Lineage Cell Therapeutics, Inc.",LCTX,876343,161500000,$162M,mid
3088,"RE/MAX Holdings, Inc.",RMAX,1581091,160900000,$161M,mid
3089,AI Financial Corp,AIFC,862861,160600000,$161M,mid
3090,CIK 1452857,,1452857,160400000,$160M,mid
3091,"Spero Therapeutics, Inc.",SPRO,1701108,160300000,$160M,mid
3092,EVOLUTION PETROLEUM CORP,EPM,1006655,160100000,$160M,mid
3093,"ROCKY BRANDS, INC.",RCKY,895456,159623943,$160M,mid
3094,"WhiteHorse Finance, Inc.",WHFCL,1552198,158900000,$159M,mid
3095,Braemar Hotels & Resorts Inc.,BHR-PD,1574085,158593273,$159M,mid
3096,SkinHealth Systems Inc.,SKIN,1818093,158400000,$158M,mid
3097,OP Bancorp,OPBK,1722010,157990000,$158M,mid
3098,"Forte Biosciences, Inc.",FBRX,1419041,157000000,$157M,mid
3099,AMERICAS CARMART INC,CRMT,799850,156686760,$157M,mid
3100,"TAYLOR DEVICES, INC.",TAYD,96536,156684000,$157M,mid
3101,AMES NATIONAL CORP,ATLO,1132651,156208589,$156M,mid
3102,"SONIDA SENIOR LIVING, INC.",SNDA,1043000,155900000,$156M,mid
3103,"American Integrity Insurance Group, Inc.",AII,2007587,155900000,$156M,mid
3104,BK Technologies Corp,BKTI,2186,155879977,$156M,mid
3105,DMC Global Inc.,BOOM,34067,155821973,$156M,mid
3106,"RING ENERGY, INC.",REI,1384195,155602776,$156M,mid
3107,Monopar Therapeutics,MNPR,1645469,155527932,$156M,mid
3108,"CS Disco, Inc.",LAW,1625641,155500000,$156M,mid
3109,Oxford Square Capital Corp.,OXSQG,1259429,155451737,$155M,mid
3110,FRANKLIN STREET PROPERTIES CORP /MA/,FSP,1031316,155302675,$155M,mid
3111,"Lightwave Logic, Inc.",LWLG,1325964,155272461,$155M,mid
3112,CIK 1733294,,1733294,155200000,$155M,mid
3113,CIK 716605,,716605,154977000,$155M,mid
3114,WEBTOON Entertainment Inc.,WBTN,1997859,154600000,$155M,mid
3115,enGene Therapeutics Inc.,ENGNW,1980845,154176366,$154M,mid
3116,Definitive Healthcare Corp.,DH,1861795,153800000,$154M,mid
3117,EXAGEN INC.,XGN,1274737,153600000,$154M,mid
3118,"Sight Sciences, Inc.",SGHT,1531177,153600000,$154M,mid
3119,"Leslie's, Inc.",LESL,1821806,153300000,$153M,mid
3120,NEXPOINT DIVERSIFIED REAL ESTATE TRUST,NXDT-PA,1356115,153295464,$153M,mid
3121,WisdomTree Bitcoin Fund,BTCW,1850391,152964909,$153M,mid
3122,Benitec Biopharma Inc.,BNTC,1808898,152964292,$153M,mid
3123,Seven Hills Realty Trust,SEVN,1452477,152800000,$153M,mid
3124,"SANGAMO THERAPEUTICS, INC",SGMOQ,1001233,152669558,$153M,mid
3125,EAGLE FINANCIAL SERVICES INC,EFSI,880641,152467636,$152M,mid
3126,Profound Medical Corp.,PROF,1628808,152237865,$152M,mid
3127,CIK 2025065,,2025065,151929000,$152M,mid
3128,CIK 1758057,,1758057,151600000,$152M,mid
3129,FIGX Capital Acquisition Corp.,FIGXU,2059033,150875975,$151M,mid
3130,FIRST NATIONAL CORP /VA/,FXNC,719402,150573153,$151M,mid
3131,"RESOURCES CONNECTION, INC.",RGP,1084765,150475165,$150M,mid
3132,"Stereotaxis, Inc.",STXS,1289340,150300000,$150M,mid
3133,EGH Acquisition Corp.,EGHAU,2052547,150150010,$150M,mid
3134,Atomera Inc,ATOM,1420520,150140617,$150M,mid
3135,"LANDS' END, INC.",LE,799288,150100000,$150M,mid
3136,DocGo Inc.,DCGO,1822359,149560663,$150M,mid
3137,Alpha Cognition Inc.,ACOG,1655923,149495700,$149M,mid
3138,"Aclaris Therapeutics, Inc.",ACRS,1557746,149200000,$149M,mid
3139,CIK 1822250,,1822250,149000000,$149M,mid
3140,CIK 842518,,842518,149000000,$149M,mid
3141,CPI Card Group Inc.,PMTS,1641614,148800000,$149M,mid
3142,INVESCO DB US DOLLAR INDEX BEARISH FUND,UDN,1383149,148522000,$149M,mid
3143,NeoVolta Inc.,NEOVW,1748137,147900000,$148M,mid
3144,"Virgin Galactic Holdings, Inc",SPCE,1706946,147600000,$148M,mid
3145,Sanara MedTech Inc.,SMTI,714256,147507172,$148M,mid
3146,"Anika Therapeutics, Inc.",ANIK,898437,147343841,$147M,mid
3147,MUNCY COLUMBIA FINANCIAL Corp,CCFN,731122,146993764,$147M,mid
3148,ACCURAY INC,ARAY,1138723,146769044,$147M,mid
3149,COLLECTIVE ACQUISITION CORP.,CCAQU,2041047,146625000,$147M,mid
3150,Neurogene Inc.,NGNE,1404644,145975956,$146M,mid
3151,Gesher Acquisition Corp. II,GSHRW,2044635,145906250,$146M,mid
3152,"iHeartMedia, Inc.",IHETW,1400891,145900000,$146M,mid
3153,"Bark, Inc.",BARK,1819574,145700000,$146M,mid
3154,"MainStreet Bancshares, Inc.",MNSBP,1693577,145606299,$146M,mid
3155,Outdoor Holding Co,POWWP,1015383,145456088,$145M,mid
3156,"PUMA BIOTECHNOLOGY, INC.",PBYI,1401667,145200000,$145M,mid
3157,"Eledon Pharmaceuticals, Inc.",ELDN,1404281,145168781,$145M,mid
3158,MEDIFAST INC,MED,910329,145000000,$145M,mid
3159,"OmniAb, Inc.",OABIW,1846253,144900000,$145M,mid
3160,"Voyager Therapeutics, Inc.",VYGR,1640266,144200000,$144M,mid
3161,Ellington Credit Co,ELLA,1560672,143832683,$144M,mid
3162,HF Foods Group Inc.,HFFG,1680873,143600000,$144M,mid
3163,CIK 846475,,846475,143400000,$143M,mid
3164,Finance of America Companies Inc.,FOA,1828937,143300000,$143M,mid
3165,"VERDE RESOURCES, INC.",VRDR,1506929,142952618,$143M,mid
3166,"MODIV INDUSTRIAL, INC.",MDV-PA,1645873,142900000,$143M,mid
3167,Seaport Entertainment Group Inc.,SEG,2009684,142445101,$142M,mid
3168,CIK 1851194,,1851194,142300000,$142M,mid
3169,"Abacus Global Management, Inc.",ABXL,1814287,142281625,$142M,mid
3170,"AEMETIS, INC",AMTX,738214,142100000,$142M,mid
3171,T1 Energy Inc.,TE,1992243,141000000,$141M,mid
3172,Hamilton Beach Brands Holding Co,HBB,1709164,140761042,$141M,mid
3173,CIK 1435508,,1435508,140300000,$140M,mid
3174,CIK 1110611,,1110611,140000000,$140M,mid
3175,FRANKLIN FINANCIAL SERVICES CORP /PA/,FRAF,723646,139866553,$140M,mid
3176,CIK 1494650,,1494650,139800000,$140M,mid
3177,Pangaea Logistics Solutions Ltd.,PANL,1606909,139690000,$140M,mid
3178,"Strawberry Fields REIT, Inc.",STRW,1782430,139676706,$140M,mid
3179,GRAN TIERRA ENERGY INC.,GTE,1273441,139300000,$139M,mid
3180,MAGNACHIP SEMICONDUCTOR Corp,MX,1325702,139249768,$139M,mid
3181,Thayer Ventures Acquisition Corp II,TVAIU,1872228,139169586,$139M,mid
3182,FIRST NORTHERN COMMUNITY BANCORP,FNRN,1114927,139059159,$139M,mid
3183,"AVITA Medical, Inc.",AVHHL,1762303,138669045,$139M,mid
3184,ACME UNITED CORP,ACU,2098,138208393,$138M,mid
3185,CIK 1512931,,1512931,137800000,$138M,mid
3186,"Vistagen Therapeutics, Inc.",VTGN,1411685,137700000,$138M,mid
3187,LIGHTPATH TECHNOLOGIES INC,LPTH,889971,137428323,$137M,mid
3188,MAUI LAND & PINEAPPLE CO INC,MLP,63330,137369589,$137M,mid
3189,"Starling Oncology, Inc.",STLNW,1799191,137200000,$137M,mid
3190,"Cabaletta Bio, Inc.",CABA,1759138,137000000,$137M,mid
3191,"Richmond Mutual Bancorporation, Inc.",RMBI,1767837,137000000,$137M,mid
3192,ESCALADE INC,ESCA,33488,136833075,$137M,mid
3193,CIK 1501756,,1501756,136700000,$137M,mid
3194,ADC Therapeutics SA,ADCT,1771910,136400000,$136M,mid
3195,CF BANKSHARES INC.,CFBK,1070680,136000000,$136M,mid
3196,STRATTEC SECURITY CORP,STRT,933034,135807533,$136M,mid
3197,OHIO VALLEY BANC CORP,OVBC,894671,135654402,$136M,mid
3198,AGENUS INC,AGEN,1098972,135400000,$135M,mid
3199,CIK 1783032,,1783032,135200000,$135M,mid
3200,"Global Water Resources, Inc.",GWRS,1434728,135100000,$135M,mid
3201,JOHNSON OUTDOORS INC,JOUT,788329,135000000,$135M,mid
3202,LANTRONIX INC,LTRX,1114925,134820000,$135M,mid
3203,KRONOS WORLDWIDE INC,KRO,1257640,134600000,$135M,mid
3204,CytoDyn Inc.,CYDY,1175680,134520000,$135M,mid
3205,"Resolute Holdings Management, Inc.",RHLD,2039497,134500000,$134M,mid
3206,"Concrete Pumping Holdings, Inc.",BBCP,1703956,134454780,$134M,mid
3207,FutureFuel Corp.,FF,1337298,134424435,$134M,mid
3208,EVERSPIN TECHNOLOGIES INC.,MRAM,1438423,134200000,$134M,mid
3209,"El Pollo Loco Holdings, Inc.",LOCO,1606366,133900000,$134M,mid
3210,Epsilon Energy Ltd.,EPSN,1726126,133700000,$134M,mid
3211,PEOPLES BANCORP OF NORTH CAROLINA INC,PEBK,1093672,133583528,$134M,mid
3212,BASSETT FURNITURE INDUSTRIES INC,BSET,10329,133570442,$134M,mid
3213,NEW ENGLAND REALTY ASSOCIATES LIMITED PARTNERSHIP,NEN,746514,133487471,$133M,mid
3214,"CODEXIS, INC.",CDXS,1200375,133400000,$133M,mid
3215,AirJoule Technologies Corp.,AIRJ,1855474,133205623,$133M,mid
3216,"Lifeway Foods, Inc.",LWAY,814586,132499543,$132M,mid
3217,FIRST CAPITAL INC,FCAP,1070296,132400000,$132M,mid
3218,LAKELAND INDUSTRIES INC,LAKE,798081,132400000,$132M,mid
3219,TUCOWS INC /PA/,TCX,909494,132200000,$132M,mid
3220,Seritage Growth Properties,SRG,1628063,132000000,$132M,mid
3221,Sleep Number Corp,SNBRQ,827187,131813000,$132M,mid
3222,BCB BANCORP INC,BCBP,1228454,131700000,$132M,mid
3223,"Rackspace Technology, Inc.",RXT,1810019,131000000,$131M,mid
3224,"Hanover Bancorp, Inc. /MD",HNVR,1828588,130900000,$131M,mid
3225,"Picard Medical, Inc.",PMI,2030617,130820904,$131M,mid
3226,"Apple iSports Group, Inc.",AAPI,1134982,130314309,$130M,mid
3227,Silvercrest Asset Management Group Inc.,SAMG,1549966,129900000,$130M,mid
3228,"CB Financial Services, Inc.",CBFV,1605301,129800000,$130M,mid
3229,"Skye Bioscience, Inc.",SKYE,1516551,129530291,$130M,mid
3230,CIK 2032379,,2032379,129409500,$129M,mid
3231,"Neuronetics, Inc.",STIM,1227636,129300000,$129M,mid
3232,CIK 1498710,,1498710,129000000,$129M,mid
3233,Advantage Solutions Inc.,ADV,1776661,129000000,$129M,mid
3234,"Lyell Immunopharma, Inc.",LYEL,1806952,129000000,$129M,mid
3235,CIK 1808158,,1808158,128954706,$129M,mid
3236,"BV Financial, Inc.",BVFL,1302387,128376335,$128M,mid
3237,CIK 1550695,,1550695,127827522,$128M,mid
3238,EGAIN Corp,EGAN,1066194,127700000,$128M,mid
3239,CIK 1066656,,1066656,127487765,$127M,mid
3240,"Inhibikase Therapeutics, Inc.",IKT,1750149,127300000,$127M,mid
3241,"Innventure, Inc.",INVLW,2001557,126807206,$127M,mid
3242,"eHealth, Inc.",EHTH,1333493,126200000,$126M,mid
3243,"RICHARDSON ELECTRONICS, LTD.",RELL,355948,126200000,$126M,mid
3244,"CHEGG, INC",CHGG,1364954,126089139,$126M,mid
3245,"HAWTHORN BANCSHARES, INC.",HWBK,893847,125737993,$126M,mid
3246,TWIN DISC INC,TWIN,100378,125389002,$125M,mid
3247,"Research Solutions, Inc.",RSSS,1386301,125316583,$125M,mid
3248,American Well Corp,AMWL,1393584,125000000,$125M,mid
3249,"Rekor Systems, Inc.",REKR,1697851,125000000,$125M,mid
3250,CIK 1828811,,1828811,125000000,$125M,mid
3251,FULL HOUSE RESORTS INC,FLL,891482,124400000,$124M,mid
3252,GENCOR INDUSTRIES INC,GENC,64472,124081000,$124M,mid
3253,RF Acquisition Corp II,RFAIR,2012807,123719276,$124M,mid
3254,"Angel Oak Mortgage REIT, Inc.",AOMN,1766478,123700000,$124M,mid
3255,Meridian Corp,MRBK,1750735,123587730,$124M,mid
3256,Currenc Group Inc.,CURR,1862935,123360000,$123M,mid
3257,Vivid Seats Inc.,SEATW,1856031,123300000,$123M,mid
3258,ACACIA RESEARCH CORP,ACTG,934549,123109000,$123M,mid
3259,"M-tron Industries, Inc.",MPTI,1902314,122804010,$123M,mid
3260,"SUNHYDROGEN, INC.",HYSR,1481028,122800000,$123M,mid
3261,VISTA GOLD CORP,VGZ,783324,122628000,$123M,mid
3262,"InfuSystem Holdings, Inc",INFU,1337013,122267022,$122M,mid
3263,"SPORTSMAN'S WAREHOUSE HOLDINGS, INC.",SPWH,1132105,122000000,$122M,mid
3264,"DHI GROUP, INC.",DHX,1393883,122000000,$122M,mid
3265,"Eagle Bancorp Montana, Inc.",EBMT,1478454,121823000,$122M,mid
3266,Kodiak Sciences Inc.,KOD,1468748,121600000,$122M,mid
3267,"SB FINANCIAL GROUP, INC.",SBFG,767405,121500000,$122M,mid
3268,"Pioneer Bancorp, Inc./MD",PBFS,1769663,121400000,$121M,mid
3269,SPECTRAL CAPITAL Corp,FCCN,1131903,121296020,$121M,mid
3270,Trilogy Metals Inc.,TMQ,1543418,120800000,$121M,mid
3271,CIK 1804591,,1804591,120300000,$120M,mid
3272,Holley Inc.,HLLY,1822928,120300000,$120M,mid
3273,"SOUNDTHINKING, INC.",SSTI,1351636,119664584,$120M,mid
3274,"KORU Medical Systems, Inc.",KRMD,704440,119084035,$119M,mid
3275,NACCO INDUSTRIES INC,NC,789933,118562800,$119M,mid
3276,VanEck Ethereum ETF,ETHV,1860788,118333419,$118M,mid
3277,Comstock Inc.,LODE,1120970,118283981,$118M,mid
3278,AA Mission Acquisition Corp. II,YCY-WT,2075336,118000000,$118M,mid
3279,"J.Jill, Inc.",JILL,1687932,117890439,$118M,mid
3280,Tavia Acquisition Corp.,TAVIR,2020385,117875000,$118M,mid
3281,INTERNATIONAL TOWER HILL MINES LTD,THM,1134115,117500000,$118M,mid
3282,CIK 1303942,,1303942,117500000,$118M,mid
3283,SEACOR Marine Holdings Inc.,SMHI,1690334,117400000,$117M,mid
3284,Orion Properties Inc.,ONL,1873923,117400000,$117M,mid
3285,Range Capital Acquisition Corp.,RANGR,2035644,117300000,$117M,mid
3286,ALLIANCE ENTERTAINMENT HOLDING CORP,AENTW,1823584,117070000,$117M,mid
3287,INVESCO DB BASE METALS FUND,DBB,1383084,117067500,$117M,mid
3288,Energy Services of America CORP,ESOA,1357971,116796122,$117M,mid
3289,QUANTUM CORP /DE/,QMCO,709283,116791817,$117M,mid
3290,"PLAYSTUDIOS, Inc.",MYPS,1823878,116400000,$116M,mid
3291,"SUPERIOR GROUP OF COMPANIES, INC.",SGC,95574,116300000,$116M,mid
3292,ProFrac Holding Corp.,ACDC,1881487,116271456,$116M,mid
3293,"SmartRent, Inc.",SMRT,1837014,116100000,$116M,mid
3294,"NexPoint Real Estate Finance, Inc.",NREF-PA,1786248,115899272,$116M,mid
3295,"Alector, Inc.",ALEC,1653087,115400000,$115M,mid
3296,Grayscale Ethereum Classic Trust (ETC),ETCG,1705181,115325290,$115M,mid
3297,BCP Investment Corp,BCIC,1372807,115000000,$115M,mid
3298,CIK 1505512,,1505512,114900000,$115M,mid
3299,SURF AIR MOBILITY INC.,SRFM,1936224,114700000,$115M,mid
3300,CIK 1325676,,1325676,114695259,$115M,mid
3301,"Design Therapeutics, Inc.",DSGN,1807120,114342718,$114M,mid
3302,Bitcoin Depot Inc.,BTMCQ,1901799,114000000,$114M,mid
3303,Kestrel Group Ltd,KG,2055116,113900000,$114M,mid
3304,CIK 315131,,315131,113897450,$114M,mid
3305,"Omega Flex, Inc.",OFLX,1317945,113890795,$114M,mid
3306,Finward Bancorp,FNWD,919864,113818982,$114M,mid
3307,"Seer, Inc.",SEER,1726445,113800000,$114M,mid
3308,"Black Diamond Therapeutics, Inc.",BDTX,1701541,113753969,$114M,mid
3309,"LENSAR, Inc.",LNSR,1320350,113300000,$113M,mid
3310,"Protalix BioTherapeutics, Inc.",PLX,1006281,113100000,$113M,mid
3311,FATE THERAPEUTICS INC,FATE,1434316,113000000,$113M,mid
3312,"BioAge Labs, Inc.",BIOA,1709941,112700000,$113M,mid
3313,"ECB Bancorp, Inc. /MD/",ECBK,1914605,112600000,$113M,mid
3314,"Caribou Biosciences, Inc.",CRBU,1619856,112500000,$112M,mid
3315,"CVRx, Inc.",CVRX,1235912,112400000,$112M,mid
3316,RIVERVIEW BANCORP INC,RVSB,1041368,112380691,$112M,mid
3317,"Protara Therapeutics, Inc.",TARA,1359931,112300000,$112M,mid
3318,RARE ELEMENT RESOURCES LTD,REEMF,1419806,112000000,$112M,mid
3319,Lunai Bioworks Inc.,LNAI,1527728,111903627,$112M,mid
3320,CIK 1912461,,1912461,111855506,$112M,mid
3321,"Townsquare Media, Inc.",TSQ,1499832,111530114,$112M,mid
3322,"TriSalus Life Sciences, Inc.",TLSIW,1826667,111500000,$112M,mid
3323,CIK 1852889,,1852889,111110212,$111M,mid
3324,AMERICAN VANGUARD CORP,AVD,5981,111100000,$111M,mid
3325,"TuHURA Biosciences, Inc./NV",HURA,1498382,111000000,$111M,mid
3326,"Village Farms International, Inc.",VFF,1584549,110724400,$111M,mid
3327,EASTERN CO,EML,31107,110603643,$111M,mid
3328,ENANTA PHARMACEUTICALS INC,ENTA,1177648,110592792,$111M,mid
3329,"Fold Holdings, Inc.",FLDDW,1889123,110564129,$111M,mid
3330,AUDIOEYE INC,AEYE,1362190,110485000,$110M,mid
3331,Universal Token,UTKN,1919182,110248900,$110M,mid
3332,Clarus Corp,CLAR,913277,110000000,$110M,mid
3333,LANDMARK BANCORP INC,LARK,1141688,109600000,$110M,mid
3334,Granite Point Mortgage Trust Inc.,GPMT-PA,1703644,109600000,$110M,mid
3335,HYCROFT MINING HOLDING CORP,HYMCW,1718405,109132971,$109M,mid
3336,GALECTIN THERAPEUTICS INC,GALT,1133416,109000000,$109M,mid
3337,Spark I Acquisition Corp,SPKLW,1884046,109000000,$109M,mid
3338,Trinseo PLC,TSEOQ,1519061,108936270,$109M,mid
3339,"Cartesian Therapeutics, Inc.",RNAC,1453687,108739558,$109M,mid
3340,CSP INC /MA/,CSPI,356037,108261682,$108M,mid
3341,"FreightCar America, Inc.",RAIL,1320854,108000000,$108M,mid
3342,CIK 1276531,,1276531,107670000,$108M,mid
3343,UNION BANKSHARES INC,UNB,706863,107255813,$107M,mid
3344,"ATOSSA THERAPEUTICS, INC.",ATOS,1488039,107145637,$107M,mid
3345,Wheels Up Experience Inc.,UP,1819516,106800000,$107M,mid
3346,"loanDepot, Inc.",LDI,1831631,106745131,$107M,mid
3347,"CSB Bancorp, Inc.",CSBB,880417,106400000,$106M,mid
3348,QNB CORP.,QNBC,750558,106132850,$106M,mid
3349,CIK 1827087,,1827087,106100000,$106M,mid
3350,FENNEC PHARMACEUTICALS INC.,FENC,1211583,106052055,$106M,mid
3351,CIK 216877,,216877,106000000,$106M,mid
3352,"SR Bancorp, Inc.",SRBK,1951276,105951648,$106M,mid
3353,ACRES Commercial Realty Corp.,ACR-PD,1332551,105608385,$106M,mid
3354,"Sunrise Realty Trust, Inc.",SUNS,2012706,105512061,$106M,mid
3355,Cartesian Growth Corp II,REEUF,1889112,105500000,$106M,mid
3356,Citizens Community Bancorp Inc.,CZWI,1367859,105100000,$105M,mid
3357,"LiveWire Group, Inc.",LVWR-WT,1898795,105000000,$105M,mid
3358,ASCENT INDUSTRIES CO.,ACNT,95953,104400000,$104M,mid
3359,Rithm Property Trust Inc.,RPT-PC,1614806,104300000,$104M,mid
3360,CIK 1137547,,1137547,104165322,$104M,mid
3361,"ACHIEVE LIFE SCIENCES, INC.",ACHV,949858,103958994,$104M,mid
3362,CIK 1865602,,1865602,103900000,$104M,mid
3363,"United States Brent Oil Fund, LP",BNO,1472494,103793477,$104M,mid
3364,"RAPID MICRO BIOSYSTEMS, INC.",RPID,1380106,103561445,$104M,mid
3365,FRIEDMAN INDUSTRIES INC,FRD,39092,103300000,$103M,mid
3366,CORE MOLDING TECHNOLOGIES INC,CMT,1026655,103000000,$103M,mid
3367,"Vaxart, Inc.",VXRT,72444,102712906,$103M,mid
3368,IRONWOOD PHARMACEUTICALS INC,IRWD,1446847,102692312,$103M,mid
3369,"Montauk Renewables, Inc.",MNTK,1826600,102481143,$102M,mid
3370,"Contineum Therapeutics, Inc.",CTNM,1855175,102100000,$102M,mid
3371,Legacy Education Inc.,LGCY,1836754,102094674,$102M,mid
3372,Pulmonx Corp,LUNG,1127537,101400000,$101M,mid
3373,Cyngn Inc.,CYN,1874097,101365430,$101M,mid
3374,"Velo3D, Inc.",VLDXW,1825079,101300000,$101M,mid
3375,Tron Inc.,TRON,1956744,101245086,$101M,mid
3376,CIK 831378,,831378,101104134,$101M,mid
3377,Immuneering Corp,IMRX,1790340,101100000,$101M,mid
3378,Amplify Energy Corp.,AMPY,1533924,101000000,$101M,mid
3379,VIRCO MFG CORPORATION,VIRC,751365,101000000,$101M,mid
3380,CitroTech Inc.,CITR,894556,101000000,$101M,mid
3381,PMGC Holdings Inc.,ELAB,1840563,100998123,$101M,mid
3382,HURCO COMPANIES INC,HURC,315374,100674809,$101M,mid
3383,CIK 1001902,,1001902,100622368,$101M,mid
3384,"QS Energy, Inc.",QSEP,1103795,100504000,$101M,mid
3385,"FIRST REAL ESTATE INVESTMENT TRUST OF NEW JERSEY, INC.",FREVS,36840,100100000,$100M,mid
3386,"C4 Therapeutics, Inc.",CCCC,1662579,100051846,$100M,mid
3387,"Nuvectis Pharma, Inc.",NVCT,1875558,100000000,$100M,mid
3388,Star Holdings,STHO,1953366,100000000,$100M,mid
3389,Teads Holding Co.,TEAD,1454938,99500000,$100M,mid
3390,"GoPro, Inc.",GPRO,1500435,99478000,$99M,mid
3391,"RCM TECHNOLOGIES, INC.",RCMT,700841,99400000,$99M,mid
3392,Ispire Technology Inc.,ISPR,1948455,99098253,$99M,mid
3393,"NI Holdings, Inc.",NODK,1681206,99000000,$99M,mid
3394,Arrive AI Inc.,ARAI,1818274,99000000,$99M,mid
3395,Milestone Pharmaceuticals Inc.,MIST,1408443,98900000,$99M,mid
3396,Nerdy Inc.,NRDY,1819404,98721871,$99M,mid
3397,WESTWOOD HOLDINGS GROUP INC,WHG,1165002,98480184,$98M,mid
3398,CIRCLE8 GROUP INC,CIRCW,1605888,98197953,$98M,mid
3399,biote Corp.,BTMD,1819253,97900000,$98M,mid
3400,"Castellum, Inc.",CTM,1877939,97867246,$98M,mid
3401,Invesco CurrencyShares Australian Dollar Trust,FXA,1353614,97815000,$98M,mid
3402,"ASSEMBLY BIOSCIENCES, INC.",ASMB,1426800,97800000,$98M,mid
3403,"Tri-County Financial Group, Inc.",TYFG,1725262,97600000,$98M,mid
3404,Cherry Hill Mortgage Investment Corp,CHMI-PA,1571776,97400000,$97M,mid
3405,CIK 1823406,,1823406,96800000,$97M,mid
3406,"TTEC Holdings, Inc.",TTEC,1013880,96566358,$97M,mid
3407,GSI TECHNOLOGY INC,GSIT,1126741,96200000,$96M,mid
3408,"EVI INDUSTRIES, INC.",EVI,65312,95922785,$96M,mid
3409,DiaMedica Therapeutics Inc.,DMAC,1401040,95800000,$96M,mid
3410,Microbot Medical Inc.,MBOT,883975,95655000,$96M,mid
3411,PROVIDENT FINANCIAL HOLDINGS INC,PROV,1010470,95600000,$96M,mid
3412,"Owlet, Inc.",OWLT,1816708,95600000,$96M,mid
3413,"XCF Global, Inc.",SAFX,2019793,95482000,$95M,mid
3414,Blink Charging Co.,BLNK,1429764,95449660,$95M,mid
3415,STRATUS PROPERTIES INC,STRS,885508,95200000,$95M,mid
3416,HOOKER FURNISHINGS Corp,HOFT,1077688,94900000,$95M,mid
3417,"Larimar Therapeutics, Inc.",LRMR,1374690,94670955,$95M,mid
3418,BriaCell Therapeutics Corp.,BCTXZ,1610820,94477705,$94M,mid
3419,CIK 95552,,95552,93879672,$94M,mid
3420,"Biomea Fusion, Inc.",BMEA,1840439,93614787,$94M,mid
3421,Invesco CurrencyShares Canadian Dollar Trust,FXC,1353612,93366000,$93M,mid
3422,FUELCELL ENERGY INC,FCELB,886128,93079594,$93M,mid
3423,SMITH MIDLAND CORP,SMID,924719,93071881,$93M,mid
3424,"Bakkt, Inc.",BKKT-WT,1820302,92800000,$93M,mid
3425,"ONE Group Hospitality, Inc.",STKS,1399520,92651219,$93M,mid
3426,"NEXTNRG, INC.",NXXT,1817004,92281755,$92M,mid
3427,CIK 1680379,,1680379,92100000,$92M,mid
3428,Digi Power X Inc.,DGXX,1854368,92039538,$92M,mid
3429,CIK 1539029,,1539029,92000000,$92M,mid
3430,CIK 355019,,355019,91800000,$92M,mid
3431,"VPR Brands, LP.",VPRB,1376231,91746806,$92M,mid
3432,Franklin Ethereum Trust,EZET,2011535,91611000,$92M,mid
3433,"Freenome, Inc.",FRNM,2017526,91597500,$92M,mid
3434,"GenFlat Holdings, Inc.",GFLT,1796949,91449650,$91M,mid
3435,CIK 1117171,,1117171,91100000,$91M,mid
3436,CIK 1540013,,1540013,90853438,$91M,mid
3437,BUTLER NATIONAL CORP,BUKS,15847,90745519,$91M,mid
3438,ULTRALIFE CORP,ULBI,875657,90469809,$90M,mid
3439,COMMUNITY BANCORP /VT,CMTV,718413,90019415,$90M,mid
3440,GEOSPACE TECHNOLOGIES CORP,GEOS,1001115,90000000,$90M,mid
3441,"Magyar Bancorp, Inc.",MGYR,1337068,90000000,$90M,mid
3442,UNIFI INC,UFI,100726,89995173,$90M,mid
3443,"Coya Therapeutics, Inc.",COYA,1835022,89422016,$89M,mid
3444,GENELUX Corp,GNLX,1231457,89100000,$89M,mid
3445,Torrid Holdings Inc.,CURV,1792781,89000000,$89M,mid
3446,"Korro Bio, Inc.",KRRO,1703647,88968431,$89M,mid
3447,"Kraig Biocraft Laboratories, Inc.",KBLB,1413119,88944728,$89M,mid
3448,"Playboy, Inc.",PLBY,1803914,88900000,$89M,mid
3449,TRAVELZOO,TZOO,1133311,88813773,$89M,mid
3450,NORTHERN TECHNOLOGIES INTERNATIONAL CORP,NTIC,875582,88800000,$89M,mid
3451,"Associated Capital Group, Inc.",ACGP,1642122,88300000,$88M,mid
3452,INSEEGO CORP.,INSG,1022652,88200000,$88M,mid
3453,"Embassy Bancorp, Inc.",EMYB,1449794,87881471,$88M,mid
3454,OFS Capital Corp,OFSSH,1487918,87500000,$88M,mid
3455,SKYX Platforms Corp.,SKYX,1598981,87129729,$87M,mid
3456,Inflection Point Acquisition Corp. V,IPEXR,2028355,87026250,$87M,mid
3457,"FILANA THERAPEUTICS, INC.",FLNA,1069530,87000000,$87M,mid
3458,"Fossil Group, Inc.",FOSL,883569,86800000,$87M,mid
3459,CIK 2016420,,2016420,86767931,$87M,mid
3460,CIK 2037431,,2037431,86300000,$86M,mid
3461,QUICKLOGIC Corp,QUIK,882508,86244830,$86M,mid
3462,InnovAge Holding Corp.,INNV,1834376,86100000,$86M,mid
3463,"Cardlytics, Inc.",CDLX,1666071,85800000,$86M,mid
3464,INTEST CORP,INTT,1036262,85351987,$85M,mid
3465,"Alto Ingredients, Inc.",ALTO,778164,85300000,$85M,mid
3466,"AstroNova, Inc.",ALOT,8146,85207000,$85M,mid
3467,SunPower Inc.,SPWRW,1838987,85200000,$85M,mid
3468,CIK 1906133,,1906133,85200000,$85M,mid
3469,Anixa Biosciences Inc,ANIX,715446,85116394,$85M,mid
3470,"CareCloud, Inc.",CCLD,1582982,85100000,$85M,mid
3471,BRC Inc.,BRCC,1891101,85094351,$85M,mid
3472,SECURITY NATIONAL FINANCIAL CORP,SNFCA,318673,85000000,$85M,mid
3473,Grown Rogue International Inc.,GRUSF,1463000,84996520,$85M,mid
3474,LIVEPERSON INC,LPSN,1102993,84994598,$85M,mid
3475,CIK 320340,,320340,84982402,$85M,mid
3476,"WM TECHNOLOGY, INC.",MAPS,1779474,84900000,$85M,mid
3477,FIRST KEYSTONE CORP,FKYS,737875,84792940,$85M,mid
3478,Quartzsea Acquisition Corp,QSEAU,2047455,84787200,$85M,mid
3479,Journey Medical Corp,DERM,1867066,84657305,$85M,mid
3480,Entera Bio Ltd.,ENTX,1638097,84600000,$85M,mid
3481,TECOGEN INC.,TGEN,1537435,84162165,$84M,mid
3482,"American Outdoor Brands, Inc.",AOUT,1808997,84104608,$84M,mid
3483,KVH INDUSTRIES INC \DE\,KVHI,1007587,84090253,$84M,mid
3484,AXT INC,AXTI,1051627,83786290,$84M,mid
3485,"Instil Bio, Inc.",TIL,1789769,83400000,$83M,mid
3486,CIK 1160791,,1160791,83177835,$83M,mid
3487,RED ROBIN GOURMET BURGERS INC,RRGB,1171759,83100000,$83M,mid
3488,"IMMUNIC, INC.",IMUX,1280776,83100000,$83M,mid
3489,"SERA PROGNOSTICS, INC.",SERA,1534969,82900000,$83M,mid
3490,Designer Brands Inc.,DBI,1319947,82794691,$83M,mid
3491,LIQUIDMETAL TECHNOLOGIES INC,LQMT,1141240,82762624,$83M,mid
3492,Lucid Diagnostics Inc.,LUCD,1799011,82700000,$83M,mid
3493,"Nkarta, Inc.",NKTX,1787400,82600000,$83M,mid
3494,"Getty Images Holdings, Inc.",GETY,1898496,82569950,$83M,mid
3495,Quantumsphere Acquisition Corp,QUMSR,2070900,82468800,$82M,mid
3496,AMREP CORP.,AXR,6207,82217793,$82M,mid
3497,Fortitude Gold Corp,FTCO,1828377,82018466,$82M,mid
3498,"Skyline Bankshares, Inc.",SLBK,1657642,82011917,$82M,mid
3499,"Coherus Oncology, Inc.",CHRS,1512762,81900000,$82M,mid
3500,"Elicio Therapeutics, Inc.",ELTX,1601485,81800000,$82M,mid
3501,INNOVATIVE SOLUTIONS & SUPPORT INC,ISSC,836690,81800000,$82M,mid
3502,CIK 1564824,,1564824,81700000,$82M,mid
3503,PhenixFIN Corp,PFXNZ,1490349,81346226,$81M,mid
3504,"Arena Group Holdings, Inc.",AREN,894871,81343120,$81M,mid
3505,Advanced Flower Capital Inc.,AFCG,1822523,80942440,$81M,mid
3506,CIK 1302028,,1302028,80600000,$81M,mid
3507,Firy Inc.,FIRY,1801661,80300000,$80M,mid
3508,CHAIN BRIDGE BANCORP INC,CBNA,1392272,80267000,$80M,mid
3509,CIK 1556898,,1556898,80100000,$80M,mid
3510,"Pathfinder Bancorp, Inc.",PBHC,1609065,80000000,$80M,mid
3511,PRO DEX INC,PDEX,788920,79900000,$80M,mid
3512,"Airsculpt Technologies, Inc.",AIRS,1870940,79800000,$80M,mid
3513,Apyx Medical Corp,APYX,719135,79800000,$80M,mid
3514,BOXABL Inc.,BXBL,1906364,79509300,$80M,mid
3515,CIK 1841125,,1841125,79400000,$79M,mid
3516,"Securetech Innovations, Inc.",SCTH,1703157,79342232,$79M,mid
3517,Longduoduo Co Ltd,LDDD,1892316,79322230,$79M,mid
3518,"WRAP TECHNOLOGIES, INC.",WRAP,1702924,79136515,$79M,mid
3519,"CONSUMER PORTFOLIO SERVICES, INC.",CPSS,889609,79105149,$79M,mid
3520,"PSQ Holdings, Inc.",PSQH-WT,1847064,78800000,$79M,mid
3521,MARTIN MIDSTREAM PARTNERS L.P.,MMLP,1176334,78689869,$79M,mid
3522,"LiveOne, Inc.",LVO,1491419,78500000,$78M,mid
3523,"GAIA, INC",GAIA,1089872,78410000,$78M,mid
3524,Bunker Hill Mining Corp.,BHLL,1407583,78398964,$78M,mid
3525,"Aeluma, Inc.",ALMU,1828805,77800000,$78M,mid
3526,ORAMED PHARMACEUTICALS INC.,ORMP,1176309,77659391,$78M,mid
3527,Great Elm Capital Corp.,GECCI,1675033,77600000,$78M,mid
3528,CoinShares Bitcoin ETF,BRRR,1841175,77524467,$78M,mid
3529,"BMP AI Technologies, Inc.",BMPA,1130781,77129336,$77M,mid
3530,XBiotech Inc.,XBIT,1626878,77050226,$77M,mid
3531,EMPIRE PETROLEUM CORP,EP,887396,76889541,$77M,mid
3532,"TELA Bio, Inc.",TELA,1561921,76800000,$77M,mid
3533,"SAB Biotherapeutics, Inc.",SABSW,1833214,76734681,$77M,mid
3534,"Bridger Aerospace Group Holdings, Inc.",BAERW,1941536,76300000,$76M,mid
3535,enVVeno Medical Corp,NVNO,1661053,76100000,$76M,mid
3536,Vor Biopharma Inc.,VOR,1817229,76100000,$76M,mid
3537,"Gloo Holdings, Inc.",GLOO,2069785,76100000,$76M,mid
3538,"ONE STOP SYSTEMS, INC.",OSS,1394056,75252644,$75M,mid
3539,CIK 1673772,,1673772,75000000,$75M,mid
3540,CIK 1847607,,1847607,74990802,$75M,small
3541,CIK 1973056,,1973056,74900000,$75M,small
3542,"Jasper Therapeutics, Inc.",JSPRW,1788028,74800000,$75M,small
3543,NN INC,NNBR,918541,74400000,$74M,small
3544,UNIVERSAL ELECTRONICS INC,UEIC,101984,74352689,$74M,small
3545,MARCHEX INC,MCHX,1224133,74349596,$74M,small
3546,CIK 1117480,,1117480,74314290,$74M,small
3547,"INOVIO PHARMACEUTICALS, INC.",INO,1055726,74300000,$74M,small
3548,Prairie Operating Co.,PROP,1162896,74131123,$74M,small
3549,"Crimson Wine Group, Ltd",CWGL,1562151,74094000,$74M,small
3550,MACROGENICS INC,MGNX,1125345,73900000,$74M,small
3551,Black Hawk Acquisition Corp,BKHAU,2000775,73900000,$74M,small
3552,Net Power Inc.,NPWR-WT,1845437,73800000,$74M,small
3553,Mobile Infrastructure Corp,BEEP,1847874,73800000,$74M,small
3554,"MIND TECHNOLOGY, INC",MIND,926423,73721340,$74M,small
3555,Coronado Global Resources Inc.,CODQL,1770561,73682480,$74M,small
3556,Canterbury Park Holding Corp,CPHC,1672909,73190742,$73M,small
3557,VOLITIONRX LTD,VNRX,93314,72909373,$73M,small
3558,Keen Vision Acquisition Corp.,KVAUF,1889983,72820893,$73M,small
3559,"FingerMotion, Inc.",FNGR,1602409,72795700,$73M,small
3560,"GYRE THERAPEUTICS, INC.",GYRE,1124105,72600000,$73M,small
3561,New Horizon Aircraft Ltd.,HOVRW,1930021,72477248,$72M,small
3562,DT Cloud Star Acquisition Corp,DTSQU,2017950,72338220,$72M,small
3563,"United States Gasoline Fund, LP",UGA,1396878,72334047,$72M,small
3564,ONCOLYTICS BIOTECH INC,ONCY,1129928,72100000,$72M,small
3565,CIK 1799332,,1799332,72100000,$72M,small
3566,"Spectral AI, Inc.",MDAIW,1833498,72000000,$72M,small
3567,Flag Ship Acquisition Corp,FSHPR,1850059,71967000,$72M,small
3568,"Seres Therapeutics, Inc.",MCRB,1609809,71941772,$72M,small
3569,CIK 1944212,,1944212,71435700,$71M,small
3570,CIK 1129155,,1129155,71397395,$71M,small
3571,CIK 720154,,720154,71278516,$71M,small
3572,PATRIOT NATIONAL BANCORP INC,PNBK,1098146,71200000,$71M,small
3573,"Sensus Healthcare, Inc.",SRTS,1494891,70888700,$71M,small
3574,"FUEL TECH, INC.",FTEK,846913,70878624,$71M,small
3575,"MAMMOTH ENERGY SERVICES, INC.",TUSK,1679268,70700000,$71M,small
3576,CO2 Energy Transition Corp.,NOEMR,1956648,70687140,$71M,small
3577,"Galaxy Gaming, Inc.",GLXZ,13156,70317364,$70M,small
3578,KEWAUNEE SCIENTIFIC CORP /DE/,KEQU,55529,70127916,$70M,small
3579,BeyondSpring Inc.,BYSI,1677940,69700000,$70M,small
3580,"PLIANT THERAPEUTICS, INC.",PLRX,1746473,69542244,$70M,small
3581,"ConnectM Technology Solutions, Inc.",CNTM,1895249,69535393,$70M,small
3582,CIK 1802457,,1802457,69500000,$70M,small
3583,CN Healthy Food Tech Group Corp.,UCFIW,1901203,69414000,$69M,small
3584,CIK 1651407,,1651407,69336565,$69M,small
3585,Lakeshore Acquisition III Corp.,LCCCU,2049248,69153180,$69M,small
3586,Bally's Corp,BALY,1747079,68900000,$69M,small
3587,First Northwest Bancorp,FNWB,1556727,68632741,$69M,small
3588,"Airship AI Holdings, Inc.",AISPW,1842566,68575909,$69M,small
3589,"Angel Studios, Inc.",ANGX,1865200,68470000,$68M,small
3590,"GCT Semiconductor Holding, Inc.",GCTS-WT,1851961,68200000,$68M,small
3591,"Intellicheck, Inc.",IDN,1040896,68005608,$68M,small
3592,"Lument Finance Trust, Inc.",LFT-PA,1547546,68000000,$68M,small
3593,"FIRST US BANCSHARES, INC.",FUSB,717806,67949382,$68M,small
3594,"NEONC TECHNOLOGIES HOLDINGS, INC.",NTHI,1979414,67900000,$68M,small
3595,"Datacentrex, Inc.",DTCX,1853825,67840817,$68M,small
3596,"Corbus Pharmaceuticals Holdings, Inc.",CRBP,1595097,67800000,$68M,small
3597,CIK 1031623,,1031623,67717000,$68M,small
3598,"Energy Vault Holdings, Inc.",NRGV,1828536,67600000,$68M,small
3599,"Zentalis Pharmaceuticals, Inc.",ZNTL,1725160,66900000,$67M,small
3600,Genasys Inc.,GNSS,924383,66900000,$67M,small
3601,Heritage Global Inc.,HGBL,849145,66800000,$67M,small
3602,Skillsoft Corp.,SKIL,1774675,66400000,$66M,small
3603,F&M BANK CORP,FMBM,740806,66328416,$66M,small
3604,"HireQuest, Inc.",HQI,1140102,66100000,$66M,small
3605,CIK 1447051,,1447051,66100000,$66M,small
3606,UNITED BANCORP INC /OH/,UBCP,731653,66087390,$66M,small
3607,"LIFETIME BRANDS, INC",LCUT,874396,65810171,$66M,small
3608,"Sound Financial Bancorp, Inc.",SFBC,1541119,65600000,$66M,small
3609,"BGSF, INC.",BGSF,1474903,65490985,$65M,small
3610,"Identiv, Inc.",INVE,1036044,65443473,$65M,small
3611,"BuzzFeed, Inc.",BZFDW,1828972,65300000,$65M,small
3612,"VirTra, Inc",VTSI,1085243,65136216,$65M,small
3613,ELUTIA INC.,ELUT,1708527,65092716,$65M,small
3614,OPAL Fuels Inc.,OPAL,1842279,65017000,$65M,small
3615,"Rani Therapeutics Holdings, Inc.",RANI,1856725,65000000,$65M,small
3616,CIK 1868573,,1868573,65000000,$65M,small
3617,"M2i Global, Inc.",MTWO,1753373,64912936,$65M,small
3618,"Whitehawk Therapeutics, Inc.",WHWK,1422142,64900000,$65M,small
3619,"Traeger, Inc.",COOK,1857853,64900000,$65M,small
3620,"Kyverna Therapeutics, Inc.",KYTX,1994702,64500000,$64M,small
3621,"Pyxis Oncology, Inc.",PYXS,1782223,64400000,$64M,small
3622,"Unicycive Therapeutics, Inc.",UNCY,1766140,64310247,$64M,small
3623,ESPEY MFG & ELECTRONICS CORP,ESP,33533,64226066,$64M,small
3624,VERU INC.,VERU,863894,64100000,$64M,small
3625,"Quince Therapeutics, Inc.",QNCX,1662774,64000000,$64M,small
3626,American Resources Corp,AREC,1590715,63949282,$64M,small
3627,"1stdibs.com, Inc.",DIBS,1600641,63900000,$64M,small
3628,Tevogen Inc.,TVGNW,1860871,63700000,$64M,small
3629,"Babcock & Wilcox Enterprises, Inc.",BW-PA,1630805,63500000,$64M,small
3630,authID Inc.,AUID,1534154,63478476,$63M,small
3631,"Orchestra BioMed Holdings, Inc.",OBIO,1814114,63400000,$63M,small
3632,"BRC Group Holdings, Inc.",RILYZ,1464790,63300000,$63M,small
3633,"Neumora Therapeutics, Inc.",NMRA,1885522,63300000,$63M,small
3634,CIK 1156388,,1156388,63299526,$63M,small
3635,"Inuvo, Inc.",INUV,829323,63200000,$63M,small
3636,GD Culture Group Ltd,GDC,1641398,63150828,$63M,small
3637,"Tenaya Therapeutics, Inc.",TNYA,1858848,63100000,$63M,small
3638,"BIOLARGO, INC.",BLGO,880242,63071415,$63M,small
3639,Columbus Acquisition Corp/Cayman Islands,COLAU,2028201,62950000,$63M,small
3640,NIOCORP DEVELOPMENTS LTD,NIOBW,1512228,62900000,$63M,small
3641,YHN Acquisition I Ltd,YHNAU,2020987,62700000,$63M,small
3642,CIK 1866001,,1866001,62611175,$63M,small
3643,Nakamoto Inc.,NAKAW,1946573,62500000,$62M,small
3644,MEDICINOVA INC,MNOV,1226616,62397025,$62M,small
3645,"MYOMO, INC.",MYO,1369290,62359266,$62M,small
3646,JUNIATA VALLEY FINANCIAL CORP,JUVF,714712,62075869,$62M,small
3647,SIEBERT FINANCIAL CORP,SIEB,65596,61987052,$62M,small
3648,CIK 1131554,,1131554,61900000,$62M,small
3649,Cayson Acquisition Corp,CAPNU,2024203,61900000,$62M,small
3650,EDAP TMS SA,FOCL,1041934,61845277,$62M,small
3651,CIK 1711933,,1711933,61700000,$62M,small
3652,UWHARRIE CAPITAL CORP,UWHR,898171,61616164,$62M,small
3653,ASPAC III Acquisition Corp.,ASPCR,1890361,61500000,$62M,small
3654,PAMT CORP,PAMT,798287,61468742,$61M,small
3655,Future Vision II Acquisition Corp.,FVNNR,2010653,61385275,$61M,small
3656,"FiscalNote Holdings, Inc.",NOTEW,1823466,61350537,$61M,small
3657,Triller Group Inc.,ILLRW,1769624,60947295,$61M,small
3658,"InspireMD, Inc.",NSPR,1433607,60925742,$61M,small
3659,Invesco CurrencyShares British Pound Sterling Trust,FXB,1353611,60860000,$61M,small
3660,CIK 1579214,,1579214,60700000,$61M,small
3661,CIK 1808665,,1808665,60700000,$61M,small
3662,UY Scuti Acquisition Corp.,UYSCR,2036973,60697000,$61M,small
3663,Cytosorbents Corp,CTSO,1175151,60600000,$61M,small
3664,"IO Biotech, Inc.",IOBTQ,1865494,60600000,$61M,small
3665,"NSTS Bancorp, Inc.",NSTS,1881592,60600000,$61M,small
3666,REGIS CORP,RGS,716643,60442938,$60M,small
3667,PDS Biotechnology Corp,PDSB,1472091,60145221,$60M,small
3668,"Southland Holdings, Inc.",SLND-WT,1883814,60060635,$60M,small
3669,"SUTRO BIOPHARMA, INC.",STRO,1382101,60000000,$60M,small
3670,CIK 1571329,,1571329,59900000,$60M,small
3671,Rising Dragon Acquisition Corp.,RDACU,2018145,59817250,$60M,small
3672,"Surrozen, Inc./DE",SRZN,1824893,59700000,$60M,small
3673,Jushi Holdings Inc.,JUSHF,1909747,59400000,$59M,small
3674,CIK 1448597,,1448597,59291530,$59M,small
3675,CIK 1945422,,1945422,58995000,$59M,small
3676,Zura Bio Ltd,ZURA,1855644,58992819,$59M,small
3677,PROKIDNEY CORP.,PROK,1850270,58869984,$59M,small
3678,AMC Robotics Corp,AMCI,1937891,58622752,$59M,small
3679,"Smartbird, Inc.",BIRD,1653909,58600000,$59M,small
3680,"Fifth District Bancorp, Inc.",FDSB,2012726,58211478,$58M,small
3681,COMTECH TELECOMMUNICATIONS CORP /DE/,CMTL,23197,58100000,$58M,small
3682,American Bitcoin Corp.,ABTC,1755953,57990000,$58M,small
3683,"PROCACCIANTI HOTEL REIT, INC.",PRXA,1692345,57904060,$58M,small
3684,Context Therapeutics Inc.,CNTX,1842952,57900000,$58M,small
3685,Embrace Change Acquisition Corp.,EMCGF,1869601,57681923,$58M,small
3686,"LEE ENTERPRISES, Inc",LEE,58361,57584179,$58M,small
3687,Cineverse Corp.,CNVS,1173204,57567511,$58M,small
3688,"NRX Pharmaceuticals, Inc.",NRXP,1719406,57400000,$57M,small
3689,"Smart Sand, Inc.",SND,1529628,57119495,$57M,small
3690,CIK 1769759,,1769759,57100000,$57M,small
3691,STARRY SEA ACQUISITION CORP,SSEAR,2059165,57097500,$57M,small
3692,Wintergreen Acquisition Corp.,WTGUR,2053927,57013050,$57M,small
3693,"Avidbank Holdings, Inc.",AVBH,1443575,57000000,$57M,small
3694,CIK 1760542,,1760542,57000000,$57M,small
3695,"Central Plains Bancshares, Inc.",CPBI,1979332,57000000,$57M,small
3696,CIK 1889106,,1889106,56993075,$57M,small
3697,"TScan Therapeutics, Inc.",TCRX,1783328,56871577,$57M,small
3698,"Strive, Inc.",SATA,1920406,56784578,$57M,small
3699,"Falcon's Beyond Global, Inc.",FBYDW,1937987,56400000,$56M,small
3700,"Commercial Vehicle Group, Inc.",CVGI,1290900,56245528,$56M,small
3701,CIK 1514743,,1514743,56138000,$56M,small
3702,Charging Robotics Inc.,CHEV,1459188,56100000,$56M,small
3703,"Greenwich LifeSciences, Inc.",GLSI,1799788,56000000,$56M,small
3704,BANK OF THE JAMES FINANCIAL GROUP INC,BOTJ,1275101,55854000,$56M,small
3705,Atlas Lithium Corp,ATLX,1540684,55806752,$56M,small
3706,CIK 1842937,,1842937,55587042,$56M,small
3707,"AUBURN NATIONAL BANCORPORATION, INC",AUBN,750574,55287550,$55M,small
3708,BEST SPAC I Acquisition Corp.,BSAAU,2051587,55220000,$55M,small
3709,"Alto Neuroscience, Inc.",ANRO,1999480,55200000,$55M,small
3710,"Veritone, Inc.",VERI,1615165,55100000,$55M,small
3711,PEOPLES FINANCIAL CORP /MS/,PFBX,770460,55031000,$55M,small
3712,"Global Self Storage, Inc.",SELF,1031235,54958536,$55M,small
3713,TerrAscend Corp.,TSNDF,1778129,54896668,$55M,small
3714,"Ascend Wellness Holdings, Inc.",AAWH,1756390,54771398,$55M,small
3715,CENTURY CASINOS INC /CO/,CNTY,911147,54656835,$55M,small
3716,Dominari Holdings Inc.,DOMH,12239,54480644,$54M,small
3717,AMTECH SYSTEMS INC,ASYS,720500,54346382,$54M,small
3718,BROADWAY FINANCIAL CORP DE,BYFC,1001171,54200000,$54M,small
3719,"NLI HOLDINGS, INC.",NL,72162,54200000,$54M,small
3720,CIK 1816613,,1816613,54100000,$54M,small
3721,CIK 1870143,,1870143,54100000,$54M,small
3722,CONSUMERS BANCORP INC /OH/,CBKM,1006830,54022928,$54M,small
3723,Sachem Capital Corp.,SCCE,1682220,54000000,$54M,small
3724,"Avalo Therapeutics, Inc.",AVTX,1534120,53700000,$54M,small
3725,CIK 1875493,,1875493,53639382,$54M,small
3726,"Alpha Teknova, Inc.",TKNO,1850902,53521256,$54M,small
3727,SOLITARIO RESOURCES CORP.,XPL,917225,53437000,$53M,small
3728,"PMV Pharmaceuticals, Inc.",PMVP,1699382,53435814,$53M,small
3729,CIK 1900402,,1900402,53309029,$53M,small
3730,CIK 1610618,,1610618,53300000,$53M,small
3731,CIK 1874944,,1874944,53290852,$53M,small
3732,"Gain Therapeutics, Inc.",GANX,1819411,53200000,$53M,small
3733,"Senti Biosciences Holdings, Inc.",SNTI,1854270,53200000,$53M,small
3734,"Farmers & Merchants Bancshares, Inc.",FMFG,1698022,53187062,$53M,small
3735,CIK 1485003,,1485003,53095128,$53M,small
3736,ENB Financial Corp,ENBP,1437479,52979697,$53M,small
3737,SAGA COMMUNICATIONS INC,SGA,886136,52914030,$53M,small
3738,Greenland Mines Ltd,GRMLW,1907223,52600000,$53M,small
3739,"Capstone Energy Plus, Inc.",CEPL,1009759,52141534,$52M,small
3740,Invesco DB Energy Fund,DBE,1383062,52136000,$52M,small
3741,"Cue Biopharma, Inc.",CUE,1645460,52000000,$52M,small
3742,"Laird Superfood, Inc.",LSF,1650696,52000000,$52M,small
3743,CPS TECHNOLOGIES CORP/DE/,CPSH,814676,52000000,$52M,small
3744,ScanTech AI Systems Inc.,STAI,1994624,51987305,$52M,small
3745,CIK 740971,,740971,51967903,$52M,small
3746,GrowGeneration Corp.,GRWG,1604868,51669932,$52M,small
3747,"REGO PAYMENT ARCHITECTURES, INC.",RPMT,1437283,51439828,$51M,small
3748,Intelligent Hotel Group Ltd.,ZHJD,1794276,51400000,$51M,small
3749,Birchtech Corp.,BCHT,728385,51341000,$51M,small
3750,SONO TEK CORP,SOTK,806172,51231358,$51M,small
3751,"DUOS TECHNOLOGIES GROUP, INC.",DUOT,1396536,51114564,$51M,small
3752,Eva Live Inc,GOAI,1983736,51059288,$51M,small
3753,"Inmune Bio, Inc.",INMB,1711754,51000000,$51M,small
3754,"Metagenomi Therapeutics, Inc.",MGX,1785279,50931318,$51M,small
3755,"Invivyd, Inc.",IVVD,1832038,50900000,$51M,small
3756,"Bluerock Homes Trust, Inc.",BHM,1903382,50839325,$51M,small
3757,"FITLIFE BRANDS, INC.",FTLF,1374328,50749000,$51M,small
3758,CIK 1496323,,1496323,50700000,$51M,small
3759,CIK 1590496,,1590496,50668230,$51M,small
3760,CIK 1903464,,1903464,50643101,$51M,small
3761,IMMUCELL CORP /DE/,ICCC,811641,50600000,$51M,small
3762,"Adicet Bio, Inc.",ACET,1720580,50500000,$50M,small
3763,CIK 1932244,,1932244,50464966,$50M,small
3764,"SolarMax Technology, Inc.",SMXT,1519472,50381290,$50M,small
3765,CIK 1696195,,1696195,50207900,$50M,small
3766,"HYPERION DEFI, INC.",HYPD,1682639,50100000,$50M,small
3767,"STEM, INC.",STEM,1758766,50000000,$50M,small
3768,Bogota Financial Corp.,BSBK,1787414,50000000,$50M,small
3769,TRANSCONTINENTAL REALTY INVESTORS INC,TCI,733590,49900000,$50M,small
3770,Drilling Tools International Corp,DTI,1884516,49800000,$50M,small
3771,"FRACTYL HEALTH, INC.",GUTS,1572616,49600000,$50M,small
3772,OS Therapies Inc,OSTX,1795091,49600000,$50M,small
3773,HENNESSY ADVISORS INC,HNNA,1145255,49472655,$49M,small
3774,Athena Bitcoin Global,ABIT,1095146,49400000,$49M,small
3775,BayFirst Financial Corp.,BAFN,1649739,49311868,$49M,small
3776,CIK 1609988,,1609988,49166697,$49M,small
3777,"Global Warming Solutions, Inc.",GWSO,1430300,49000000,$49M,small
3778,"MAIA Biotechnology, Inc.",MAIA,1878313,48948795,$49M,small
3779,"First Seacoast Bancorp, Inc.",FSEA,1943802,48800000,$49M,small
3780,AIRGAIN INC,AIRG,1272842,48600000,$49M,small
3781,STEELE BANCORP INC,STLE,779227,48507790,$49M,small
3782,CIK 1819395,,1819395,48500000,$48M,small
3783,SECURITY FEDERAL CORP,SFDL,818677,48409177,$48M,small
3784,CIK 1417892,,1417892,48200000,$48M,small
3785,SBC Medical Group Holdings Inc,SBCWW,1930313,48200000,$48M,small
3786,Healthier Choices Management Corp.,HCMC,844856,48100000,$48M,small
3787,"Upland Software, Inc.",UPLD,1505155,47800000,$48M,small
3788,VIVOS INC,RDGL,1449349,47709614,$48M,small
3789,ACCESS Newswire Inc.,ACCS,843006,47586560,$48M,small
3790,Datavault AI Inc.,DVLT,1682149,47524152,$48M,small
3791,"MANHATTAN BRIDGE CAPITAL, INC",LOAN,1080340,47215662,$47M,small
3792,"Cibus, Inc.",CBUS,1705843,47156698,$47M,small
3793,PRECISION BIOSCIENCES INC,DTIL,1357874,47100000,$47M,small
3794,RESEARCH FRONTIERS INC,REFR,793524,47011960,$47M,small
3795,Clipper Realty Inc.,CLPR,1649096,46676906,$47M,small
3796,AMERISERV FINANCIAL INC /PA/,ASRV,707605,46410960,$46M,small
3797,CIK 1741830,,1741830,46300000,$46M,small
3798,CATO CORP,CATO,18255,46198006,$46M,small
3799,CIK 1830188,,1830188,46091350,$46M,small
3800,PETMED EXPRESS INC,PETS,1040130,46000000,$46M,small
3801,"BBX Capital, Inc.",BBXIA,1814974,46000000,$46M,small
3802,"Opus Genetics, Inc.",IRD,1228627,45900000,$46M,small
3803,"Vivani Medical, Inc.",VANI,1266806,45900000,$46M,small
3804,Winvest Group Ltd,WNLV,1558740,45849089,$46M,small
3805,SWK Holdings Corp,SWKHL,1089907,45770456,$46M,small
3806,"WESTWATER RESOURCES, INC.",WWR,839470,45758473,$46M,small
3807,ESG Inc.,ESGH,1883835,45753348,$46M,small
3808,DIRTT ENVIRONMENTAL SOLUTIONS LTD,DRTTF,1340476,45586118,$46M,small
3809,"MARKETWISE, INC.",MKTW,1805651,45400000,$45M,small
3810,Cardiff Lexington Corp,CDIX,811222,45400000,$45M,small
3811,"Acumen Pharmaceuticals, Inc.",ABOS,1576885,45300000,$45M,small
3812,"OptimumBank Holdings, Inc.",OPHC,1288855,45211768,$45M,small
3813,"Silvaco Group, Inc.",SVCO,1943289,45140230,$45M,small
3814,TECHPRECISION CORP,TPCS,1328792,45000000,$45M,small
3815,"Xtant Medical Holdings, Inc.",XTNT,1453593,45000000,$45M,small
3816,NutriBand Inc.,NTRBW,1676047,44975804,$45M,small
3817,"Rhinebeck Bancorp, Inc.",RBKB,1751783,44953489,$45M,small
3818,"Grove Collaborative Holdings, Inc.",GROVW,1841761,44900000,$45M,small
3819,CIK 1764974,,1764974,44880529,$45M,small
3820,CIK 1209709,,1209709,44861433,$45M,small
3821,"Climb Bio, Inc.",CLYM,1768446,44800000,$45M,small
3822,CIK 1818605,,1818605,44800000,$45M,small
3823,"Bancorp 34, Inc.",BCTF,1668340,44700000,$45M,small
3824,CIK 1847355,,1847355,44653397,$45M,small
3825,"Aimei Health Technology Co., Ltd.",AFJKU,1979005,44552423,$45M,small
3826,"Hyperfine, Inc.",HYPR,1833769,44200000,$44M,small
3827,"BioScience Health Innovations, Inc.",BHIC,1784440,43916232,$44M,small
3828,INTRUSION INC,INTZ,736012,43821098,$44M,small
3829,"Fortress Biotech, Inc.",FBIOP,1429260,43741728,$44M,small
3830,"Actinium Pharmaceuticals, Inc.",ATNM,1388320,43663089,$44M,small
3831,"First Guaranty Bancshares, Inc.",FGBI,1408534,43592707,$44M,small
3832,Planet 13 Holdings Inc.,PLNH,1813452,43406679,$43M,small
3833,"Catalyst Bancorp, Inc.",CLST,1849867,43000000,$43M,small
3834,Roadzen Inc.,RDZNW,1868640,42800857,$43M,small
3835,Local Bounti Corporation/DE,LOCLW,1840780,42800000,$43M,small
3836,"MacKenzie Realty Capital, Inc.",MKZR,1550913,42323788,$42M,small
3837,OLD MARKET CAPITAL Corp,OMCC,1000045,42300000,$42M,small
3838,"United States 12 Month Oil Fund, LP",USL,1405528,42228520,$42M,small
3839,"ACTUATE THERAPEUTICS, INC.",ACTU,1652935,42100000,$42M,small
3840,CULP INC,CULP,723603,42069072,$42M,small
3841,"Nuvera Communications, Inc.",NUVR,71557,41954607,$42M,small
3842,"DESTINATION XL GROUP, INC.",DXLG,813298,41900000,$42M,small
3843,Fatpipe Inc/UT,FATN,1993400,41800000,$42M,small
3844,"SurgePays, Inc.",SURG,1392694,41752369,$42M,small
3845,COMPX INTERNATIONAL INC,CIX,1049606,41700000,$42M,small
3846,"ImageneBio, Inc.",IMA,1835579,41700000,$42M,small
3847,Armlogi Holding Corp.,BTOC,1972529,41677147,$42M,small
3848,Envela Corp,ELA,701719,41500000,$42M,small
3849,"Nixxy, Inc.",NIXX,1462223,41370727,$41M,small
3850,KEY TRONIC CORP,KTCC,719733,41300000,$41M,small
3851,ALPHA PRO TECH LTD,APT,884269,41284738,$41M,small
3852,"CarParts.com, Inc.",PRTS,1378950,41200000,$41M,small
3853,"Purple Innovation, Inc.",PRPL,1643953,41200000,$41M,small
3854,CPI AEROSTRUCTURES INC,CVU,889348,41170073,$41M,small
3855,"Nuo Therapeutics, Inc.",AURX,1091596,41100000,$41M,small
3856,TEAM INC,TISI,318833,41100000,$41M,small
3857,FLEXIBLE SOLUTIONS INTERNATIONAL INC,FSI,1069394,41033724,$41M,small
3858,"Glimpse Group, Inc.",GGRP,1854445,41000000,$41M,small
3859,"BOLLINGER INNOVATIONS, INC.",BINI,1499961,40700000,$41M,small
3860,CIK 1705012,,1705012,40700000,$41M,small
3861,"Healthcare Triangle, Inc.",HCTI,1839285,40659512,$41M,small
3862,FERRELLGAS PARTNERS L P,FGPR,922358,40534833,$41M,small
3863,Clene Inc.,CLNN,1822791,40400000,$40M,small
3864,Connect Biopharma Holdings Ltd,CNTB,1835268,40400000,$40M,small
3865,FRANKLIN WIRELESS CORP,FKWL,722572,40364000,$40M,small
3866,T3 Defense Inc.,DFNSW,1787518,40329000,$40M,small
3867,"Digital Brands Group, Inc.",DBGI,1668010,40197117,$40M,small
3868,VEEA INC.,VEEAW,1840317,40030752,$40M,small
3869,CIK 1371451,,1371451,39950000,$40M,small
3870,CervoMed Inc.,CRVO,1053691,39900000,$40M,small
3871,MILESTONE SCIENTIFIC INC.,MLSS,855683,39730497,$40M,small
3872,CIK 1082038,,1082038,39696286,$40M,small
3873,"Werewolf Therapeutics, Inc.",HOWL,1785530,39559339,$40M,small
3874,"Vera Bradley, Inc.",VRA,1495320,39554468,$40M,small
3875,"Loop Industries, Inc.",LOOP,1504678,39501913,$40M,small
3876,VALHI INC /DE/,VHI,59255,39400000,$39M,small
3877,CIK 1969475,,1969475,39397272,$39M,small
3878,VirnetX Holding Corp,VHC,1082324,39108260,$39M,small
3879,"RideNow Group, Inc.",RDNW,1596961,39000000,$39M,small
3880,CIK 1883788,,1883788,38873419,$39M,small
3881,Vicarious Surgical Inc.,RBOTW,1812173,38800000,$39M,small
3882,"Atara Biotherapeutics, Inc.",ATRA,1604464,38730738,$39M,small
3883,"Rafael Holdings, Inc.",RFL,1713863,38600000,$39M,small
3884,KOSS CORP,KOSS,56701,38421704,$38M,small
3885,EXOZYMES INC.,EXOZ,2010788,38418884,$38M,small
3886,Zomedica Corp.,ZOMDF,1684144,38300000,$38M,small
3887,ODYSSEY MARINE EXPLORATION INC,OMEX,798528,38300000,$38M,small
3888,"All In FutureTech Alliance, Inc.",AIFA,1708341,38282007,$38M,small
3889,"FTC Solar, Inc.",FTCI,1828161,38128743,$38M,small
3890,"Childrens Place, Inc.",PLCE,1041859,38010941,$38M,small
3891,"CLOUDASTRUCTURE, INC.",CSAI,1709628,37952272,$38M,small
3892,"Zedge, Inc.",ZDGE,1667313,37900000,$38M,small
3893,Sentinel Holdings Ltd.,SNTL,889353,37793000,$38M,small
3894,CIK 1157762,,1157762,37700000,$38M,small
3895,Ideal Power Inc.,IPWR,1507957,37500000,$38M,small
3896,"Modular Medical, Inc.",MODD,1074871,37453403,$37M,small
3897,CIK 899394,,899394,37400000,$37M,small
3898,"AmpliTech Group, Inc.",AMPGZ,1518461,37274542,$37M,small
3899,"5E Advanced Materials, Inc.",FEAV,1888654,37200000,$37M,small
3900,"Coda Octopus Group, Inc.",CODA,1334325,37100000,$37M,small
3901,"ABVC BIOPHARMA, INC.",ECOC,1173313,37000000,$37M,small
3902,Karyopharm Therapeutics Inc.,KPTI,1503802,37000000,$37M,small
3903,"AVAI BIO, INC.",AVAI,1740797,36848619,$37M,small
3904,UNITED GUARDIAN INC,UG,101295,36754552,$37M,small
3905,"AMAZE HOLDINGS, INC.",AMZE,1880343,36418967,$36M,small
3906,"HeartBeam, Inc.",BEAT,1779372,36371680,$36M,small
3907,"Texas Community Bancshares, Inc.",TCBS,1849466,36371226,$36M,small
3908,CIK 1461237,,1461237,36220218,$36M,small
3909,"Annovis Bio, Inc.",ANVS,1477845,36076450,$36M,small
3910,Meridian Holdings Inc./NV,MRDN,1437925,36067350,$36M,small
3911,Jaguar Uranium Corp.,JAGU,2039273,36050000,$36M,small
3912,AMPCO PITTSBURGH CORP,AP,6176,36000000,$36M,small
3913,"Nautilus Biotechnology, Inc.",NAUT,1808805,35800000,$36M,small
3914,"Immix Biopharma, Inc.",IMMX,1873835,35708995,$36M,small
3915,"PIXELWORKS, INC",PXLW,1040161,35595778,$36M,small
3916,"INTELLINETICS, INC.",INLX,1081745,35543138,$36M,small
3917,ASHFORD HOSPITALITY TRUST INC,AHT-PI,1232582,35178000,$35M,small
3918,"Grace Therapeutics, Inc.",GRCE,1444192,35051405,$35M,small
3919,Odysight.ai Inc.,ODYS,1577445,35000000,$35M,small
3920,CIK 1606745,,1606745,35000000,$35M,small
3921,CIK 1359687,,1359687,34969920,$35M,small
3922,"Comstock Holding Companies, Inc.",CHCI,1299969,34958742,$35M,small
3923,"Xilio Therapeutics, Inc.",XLO,1840233,34900000,$35M,small
3924,DLH Holdings Corp.,DLHC,785557,34637738,$35M,small
3925,R F INDUSTRIES LTD,RFIL,740664,34600000,$35M,small
3926,"PYXUS INTERNATIONAL, INC.",PYYX,939930,34600000,$35M,small
3927,CIK 1684682,,1684682,34591415,$35M,small
3928,"Knightscope, Inc.",KSCP,1600983,34400000,$34M,small
3929,"Binah Capital Group, Inc.",BCGWW,1953984,34200000,$34M,small
3930,CIK 1829280,,1829280,34000000,$34M,small
3931,Lantern Pharma Inc.,LTRN,1763950,33935133,$34M,small
3932,BTCS Inc.,BTCS,1436229,33925000,$34M,small
3933,"Kartoon Studios, Inc.",TOON,1355848,33826939,$34M,small
3934,GlobalTech Corp,GLTK,1938338,33779450,$34M,small
3935,INTERNATIONAL BATTERY METALS LTD.,IBATF,1786318,33600000,$34M,small
3936,"TIGO ENERGY, INC.",TYGO,1855447,33600000,$34M,small
3937,"Winchester Bancorp, Inc./MD/",WSBK,2047235,33600000,$34M,small
3938,"Nauticus Robotics, Inc.",KITTW,1849820,33564504,$34M,small
3939,iQSTEL Inc,IQST,1527702,33157217,$33M,small
3940,SafeSpace Global Corp,SSGC,1584693,33000000,$33M,small
3941,CIK 1645666,,1645666,33000000,$33M,small
3942,REPUBLIC AIRWAYS HOLDINGS INC.,RJET,810332,32914217,$33M,small
3943,CIK 1808220,,1808220,32900000,$33M,small
3944,"IZEA Worldwide, Inc.",IZEA,1495231,32873674,$33M,small
3945,INNOVATIVE FOOD HOLDINGS INC,IVFH,312257,32730248,$33M,small
3946,"BLUE BIOFUELS, INC.",BIOF,1549145,32591896,$33M,small
3947,Alaska Silver Corp.,WAMFF,1893899,32591074,$33M,small
3948,CIK 1889450,,1889450,32588000,$33M,small
3949,CIK 749660,,749660,32558663,$33M,small
3950,"QT IMAGING HOLDINGS, INC.",QTIWW,1844505,32500000,$32M,small
3951,ALTISOURCE PORTFOLIO SOLUTIONS S.A.,ASPSW,1462418,32444904,$32M,small
3952,VIVIC CORP.,VIVC,1703073,32416118,$32M,small
3953,Insight Molecular Diagnostics Inc.,IMDX,1642380,32400000,$32M,small
3954,Scilex Holding Co,SCLXW,1820190,32400000,$32M,small
3955,NATURAL HEALTH TRENDS CORP,NHTC,912061,32352708,$32M,small
3956,"BROADWIND, INC.",BWEN,1120370,32310000,$32M,small
3957,"MDWerks, Inc.",MDWK,1295514,32290798,$32M,small
3958,"Rein Therapeutics, Inc.",RNTX,1420565,32264569,$32M,small
3959,CIK 1971543,,1971543,32178017,$32M,small
3960,Karbon-X Corp.,KARX,1729637,32131927,$32M,small
3961,TRANSACT TECHNOLOGIES INC,TACT,1017303,32000000,$32M,small
3962,"Yarrow Bioscience, Inc.",YARW,1566044,32000000,$32M,small
3963,"CISO Global, Inc.",CISO,1777319,31983184,$32M,small
3964,"CERENOME, INC.",PSTV,1095981,31900000,$32M,small
3965,"BONK, INC.",BNKK,1760903,31796306,$32M,small
3966,SPRUCE POWER HOLDING CORP,SPRU,1772720,31600000,$32M,small
3967,CIK 1901886,,1901886,31574082,$32M,small
3968,Western Uranium & Vanadium Corp.,WSTRF,1621906,31500000,$32M,small
3969,Sidus Space Inc.,SIDU,1879726,31493756,$31M,small
3970,Woodbridge Liquidation Trust,WBQNL,1785494,31460000,$31M,small
3971,JONES SODA CO.,JSDA,1083522,31368703,$31M,small
3972,"LanzaTech Global, Inc.",LNZAW,1843724,31351533,$31M,small
3973,"FIREFLY NEUROSCIENCE, INC.",AIFF,803578,31304976,$31M,small
3974,Borealis Foods Inc.,BRLSW,1852973,31120000,$31M,small
3975,Agassi Sports Entertainment Corp.,AASP,930245,30874506,$31M,small
3976,TRANSUITE.ORG INC.,TRSO,1758699,30802720,$31M,small
3977,CIK 1776738,,1776738,30741440,$31M,small
3978,CIK 1461219,,1461219,30600545,$31M,small
3979,"PROVECTUS BIOPHARMACEUTICALS, INC.",PVCT,315545,30585685,$31M,small
3980,"MOBIX LABS, INC",MOBXW,1855467,30500000,$30M,small
3981,CIK 34563,,34563,30400000,$30M,small
3982,Cenntro Inc.,CENN,1707919,30343050,$30M,small
3983,CIK 1915380,,1915380,30237831,$30M,small
3984,"Tempest Therapeutics, Inc.",TPST,1544227,30100000,$30M,small
3985,Leatt Corp,LEAT,1456189,30069731,$30M,small
3986,FEMASYS INC,FEMY,1339005,29865186,$30M,small
3987,ProMIS Neurosciences Inc.,PMN,1374339,29700000,$30M,small
3988,"Investcorp Credit Management BDC, Inc.",ICMB,1578348,29700000,$30M,small
3989,ClimateRock,CLRCF,1903392,29682688,$30M,small
3990,DULUTH HOLDINGS INC.,DLTH,1649744,29600000,$30M,small
3991,UTG INC,UTGN,832480,29563723,$30M,small
3992,PARKERVISION INC,PRKR,914139,29556603,$30M,small
3993,CUMBERLAND PHARMACEUTICALS INC,CPIX,1087294,29403593,$29M,small
3994,"XTI Aerospace, Inc.",XTIA,1529113,29189207,$29M,small
3995,Incannex Healthcare Inc.,IXHL,1873875,29100000,$29M,small
3996,CIK 1888734,,1888734,29090000,$29M,small
3997,"KLX Energy Services Holdings, Inc.",KLXE,1738827,29000000,$29M,small
3998,CIK 1840748,,1840748,29000000,$29M,small
3999,SEAFARER EXPLORATION CORP,SFRX,1106213,28761808,$29M,small
4000,"GEORGE RISK INDUSTRIES, INC.",RSKIA,84112,28720000,$29M,small
4001,"ROCKWELL MEDICAL, INC.",RMTI,1041024,28688982,$29M,small
4002,"CHAMPIONS ONCOLOGY, INC.",CSBR,771856,28600000,$29M,small
4003,CIK 1553404,,1553404,28522862,$29M,small
4004,CIK 1849670,,1849670,28484000,$28M,small
4005,CIK 47307,,47307,28480829,$28M,small
4006,"CREATIVE REALITIES, INC.",CREX,1356093,28476557,$28M,small
4007,"Nine Energy Service, Inc.",NINE,1532286,28438468,$28M,small
4008,Celularity Inc,CELU,1752828,28400000,$28M,small
4009,CIK 808326,,808326,28400000,$28M,small
4010,Medicus Pharma Ltd.,MDCXW,1997296,28300000,$28M,small
4011,"RAVE RESTAURANT GROUP, INC.",RAVE,718332,28300000,$28M,small
4012,VALUE LINE INC,VALU,717720,28286673,$28M,small
4013,SYPRIS SOLUTIONS INC,SYPR,864240,28274420,$28M,small
4014,Z Squared Inc.,ZSQR,1759186,28225766,$28M,small
4015,Certiplex Corp,CPLX,1755347,28200000,$28M,small
4016,"ACORN ENERGY, INC.",ACFN,880984,28100000,$28M,small
4017,"GIFTIFY, INC.",GIFT,1760233,28006835,$28M,small
4018,WIDEPOINT CORP,WYY,1034760,28000000,$28M,small
4019,"OnKure Therapeutics, Inc.",OKUR,1637715,28000000,$28M,small
4020,DarioHealth Corp.,DRIO,1533998,27979487,$28M,small
4021,"electroCore, Inc.",ECOR,1560258,27950688,$28M,small
4022,Smart Powerr Corp.,CREG,721693,27900000,$28M,small
4023,"Lake Shore Bancorp, Inc. /MD/",LSBK,2059653,27817196,$28M,small
4024,"GREENWAY TECHNOLOGIES, INC. & SUBSIDIARIES",GWTI,1572386,27761470,$28M,small
4025,"Where Food Comes From, Inc.",WFCF,1360565,27604411,$28M,small
4026,CROWN CRAFTS INC,CRWS,25895,27600000,$28M,small
4027,ClearSign Technologies Corp,CLIR,1434524,27596237,$28M,small
4028,Grayscale Stellar Lumens Trust (XLM),GXLM,1761325,27438927,$27M,small
4029,CIK 1290476,,1290476,27436000,$27M,small
4030,374Water Inc.,SCWO,933972,27400000,$27M,small
4031,NEPHROS INC,NEPH,1196298,27317372,$27M,small
4032,AWARE INC /MA/,AWRE,1015739,27307956,$27M,small
4033,Verrica Pharmaceuticals Inc.,VRCA,1660334,27300000,$27M,small
4034,"SOLESENCE, INC.",SLSN,883107,27254231,$27M,small
4035,INNOVATE Corp.,VATE,1006837,27200000,$27M,small
4036,Global Crossing Airlines Group Inc.,JETBF,1846084,27173759,$27M,small
4037,CIK 95572,,95572,27172316,$27M,small
4038,"Home Federal Bancorp, Inc. of Louisiana",HFBL,1500375,27100000,$27M,small
4039,"DataMeds AI, Inc.",MEDS,2030763,27100000,$27M,small
4040,DATA I/O CORP,DAIO,351998,26901555,$27M,small
4041,"Outlook Therapeutics, Inc.",OTLK,1649989,26900000,$27M,small
4042,Bio Essence Corp,BIOE,1723059,26844590,$27M,small
4043,NEW PEOPLES BANKSHARES INC,NWPP,1163389,26831133,$27M,small
4044,READING INTERNATIONAL INC,RDI,716634,26804265,$27M,small
4045,HARTE HANKS INC,HHS,45919,26775155,$27M,small
4046,NATURAL ALTERNATIVES INTERNATIONAL INC,NAII,787253,26717000,$27M,small
4047,Aureus Greenway Holdings Inc,PUSA,2009312,26700000,$27M,small
4048,"RYTHM, Inc.",RYM,1800637,26690756,$27M,small
4049,CIK 89140,,89140,26641494,$27M,small
4050,"RenovoRx, Inc.",RNXT,1574094,26600000,$27M,small
4051,CRYO CELL INTERNATIONAL INC,CCEL,862692,26519624,$27M,small
4052,"Usio, Inc.",USIO,1088034,26468698,$26M,small
4053,CIK 1593773,,1593773,26185253,$26M,small
4054,Laser Photonics Corp,LASE,1807887,26131561,$26M,small
4055,NOODLES & Co,NDLS,1275158,26100000,$26M,small
4056,SOLITRON DEVICES INC,SODI,91668,26039223,$26M,small
4057,NETSOL TECHNOLOGIES INC,NTWK,1039280,25936035,$26M,small
4058,Leef Brands Inc.,LEEEF,1711141,25762000,$26M,small
4059,AURA SYSTEMS INC,AUSI,826253,25711000,$26M,small
4060,SCYNEXIS INC,SCYX,1178253,25650308,$26M,small
4061,byNordic Acquisition Corp,BYNOW,1801417,25614333,$26M,small
4062,Optex Systems Holdings Inc,OPXS,1397016,25591141,$26M,small
4063,PALATIN TECHNOLOGIES INC,PTN,911216,25548549,$26M,small
4064,NEUROONE MEDICAL TECHNOLOGIES Corp,NMTC,1500198,25500000,$26M,small
4065,"Passage BIO, Inc.",PASG,1787297,25400000,$25M,small
4066,"AleAnna, Inc.",ANNAW,1845123,25400000,$25M,small
4067,CIK 1848437,,1848437,25400000,$25M,small
4068,"Tianci International, Inc.",CIIT,1557798,25394128,$25M,small
4069,"GameSquare Holdings, Inc.",GAME,1714562,25391698,$25M,small
4070,WILLAMETTE VALLEY VINEYARDS INC,WVVIP,838875,25228957,$25M,small
4071,"United Health Products, Inc.",UEEC,1096938,25218657,$25M,small
4072,"Pulmatrix, Inc.",PULM,1574235,25200594,$25M,small
4073,"Mastech Digital, Inc.",MHH,1437226,24874000,$25M,small
4074,"Cadrenal Therapeutics, Inc.",CVKD,1937993,24868103,$25M,small
4075,CURIS INC,CRIS,1108205,24800000,$25M,small
4076,CIK 1936255,,1936255,24724519,$25M,small
4077,CIK 1851612,,1851612,24700000,$25M,small
4078,"Stabilis Solutions, Inc.",SLNG,1043186,24699074,$25M,small
4079,"Starfighters Space, Inc.",FJET,1947016,24680647,$25M,small
4080,Lexaria Bioscience Corp.,LEXX,1348362,24600000,$25M,small
4081,"KALA BIO, Inc.",KALA,1479419,24600000,$25M,small
4082,"Nuburu, Inc.",BURUW,1814215,24600000,$25M,small
4083,U S GLOBAL INVESTORS INC,GROW,754811,24546302,$25M,small
4084,"HNO International, Inc.",HNOI,1342916,24419192,$24M,small
4085,CIK 1839133,,1839133,24408708,$24M,small
4086,DYADIC INTERNATIONAL INC,DYAI,1213809,24224151,$24M,small
4087,"VisionWave Holdings, Inc.",VWAVW,2038439,24145849,$24M,small
4088,VitaNova Life Sciences Corp,VNOV,1699709,24121860,$24M,small
4089,Elite Health Systems Inc.,EHSI,1089815,23913000,$24M,small
4090,"PRECISION OPTICS CORPORATION, INC.",POCI,867840,23911000,$24M,small
4091,"NCS Multistage Holdings, Inc.",NCSM,1692427,23900000,$24M,small
4092,MOBIVITY HOLDINGS CORP.,MFON,1447380,23850348,$24M,small
4093,"TENAX THERAPEUTICS, INC.",TENX,34956,23840749,$24M,small
4094,"Beeline Holdings, Inc.",BLNE,1534708,23826587,$24M,small
4095,"PIONEER POWER SOLUTIONS, INC.",PPSI,1449792,23678000,$24M,small
4096,"LISATA THERAPEUTICS, INC.",LSTA,320017,23600000,$24M,small
4097,CIK 1455684,,1455684,23500000,$24M,small
4098,CIK 1008586,,1008586,23470199,$23M,small
4099,I-ON Digital Corp.,IONI,1580490,23330000,$23M,small
4100,"Katapult Holdings, Inc.",KPLT,1785424,23300000,$23M,small
4101,Beam Global,BEEM,1398805,23280367,$23M,small
4102,"AN2 Therapeutics, Inc.",ANTX,1880438,23078812,$23M,small
4103,PEDEVCO CORP,PED,1141197,23070209,$23M,small
4104,Invesco Galaxy Ethereum ETF,QETH,1995569,22943690,$23M,small
4105,CXApp Inc.,CXAIW,1820875,22942043,$23M,small
4106,"ORIGINCLEAR, INC.",OCLN,1419793,22930634,$23M,small
4107,"Vivos Therapeutics, Inc.",VVOS,1716166,22900000,$23M,small
4108,"Shattuck Labs, Inc.",STTK,1680367,22826702,$23M,small
4109,"Verde Clean Fuels, Inc.",VGASW,1841425,22800000,$23M,small
4110,Valuence Merger Corp. I,VMCUF,1892747,22763630,$23M,small
4111,21Shares Ethereum ETF,TETH,1992508,22751154,$23M,small
4112,MARIMED INC.,MRMD,1522767,22600000,$23M,small
4113,"bioAffinity Technologies, Inc.",BIAFW,1712762,22600000,$23M,small
4114,CIK 1463361,,1463361,22509406,$23M,small
4115,AIRWA INC.,YYAI,1674440,22438339,$22M,small
4116,"iBio, Inc.",IBIO,1420720,22429069,$22M,small
4117,"NewHydrogen, Inc.",NEWH,1371128,22420280,$22M,small
4118,vTv Therapeutics Inc.,VTVT,1641489,22364235,$22M,small
4119,Pluri Inc.,PLUR,1158780,22209416,$22M,small
4120,Ovid Therapeutics Inc.,OVID,1636651,22200000,$22M,small
4121,"MDB Capital Holdings, LLC",MDBH,1934642,22178831,$22M,small
4122,CIK 1865861,,1865861,22164380,$22M,small
4123,Australian Oilseeds Holdings Ltd,COOTW,1959994,22132569,$22M,small
4124,CIK 882361,,882361,22075799,$22M,small
4125,CIK 1341318,,1341318,22027733,$22M,small
4126,CIK 1671284,,1671284,22018509,$22M,small
4127,"Old QVC Group, Inc.",QVCAQ,1355096,22000000,$22M,small
4128,Greenland Technologies Holding Corp.,GTEC,1735041,21990000,$22M,small
4129,ARK RESTAURANTS CORP,ARKR,779544,21909042,$22M,small
4130,Fathom Holdings Inc.,FTHM,1753162,21905061,$22M,small
4131,POSITRON CORP,POSC,844985,21904585,$22M,small
4132,LGL GROUP INC,LGL,61004,21901648,$22M,small
4133,"Jerash Holdings (US), Inc.",JRSH,1696558,21900000,$22M,small
4134,"Serina Therapeutics, Inc.",SER,1708599,21800000,$22M,small
4135,AgEagle Aerial Systems Inc.,UAVS,8504,21750213,$22M,small
4136,CIK 1752372,,1752372,21700000,$22M,small
4137,"Vivakor, Inc.",VIVK,1450704,21638687,$22M,small
4138,"DYNARESOURCE, INC.",DYNR,1111741,21613795,$22M,small
4139,"FibroBiologics, Inc.",FBLG,1958777,21600000,$22M,small
4140,"NANOVIRICIDES, INC.",NNVC,1379006,21530000,$22M,small
4141,CIK 1838162,,1838162,21468572,$21M,small
4142,"REVIVA PHARMACEUTICALS HOLDINGS, INC.",RVPH,1742927,21400000,$21M,small
4143,"Dare Bioscience, Inc.",DARE,1401914,21339826,$21M,small
4144,"Imunon, Inc.",IMNN,749647,21200000,$21M,small
4145,Nordicus Partners Corp,NORD,1011060,21126694,$21M,small
4146,"Armata Pharmaceuticals, Inc.",ARMP,921114,21100000,$21M,small
4147,FLANIGANS ENTERPRISES INC,BDL,12040,21031000,$21M,small
4148,CIK 1796129,,1796129,21000000,$21M,small
4149,"KYNTRA BIO, INC.",KYNB,921299,21000000,$21M,small
4150,"Flux Power Holdings, Inc.",FLUX,1083743,20991000,$21M,small
4151,"Marathon Bancorp, Inc. /MD/",MBBC,1835385,20911632,$21M,small
4152,CIK 1657045,,1657045,20885887,$21M,small
4153,QUANTUM X LABS INC.,QXL,797542,20800000,$21M,small
4154,MAYS J W INC,MAYS,54187,20796192,$21M,small
4155,Quest Resource Holding Corp,QRHC,1442236,20761804,$21M,small
4156,"Axil Brands, Inc.",AXIL,1718500,20708714,$21M,small
4157,NOBILITY HOMES INC,NOBH,72205,20700000,$21M,small
4158,Massimo Group,MAMO,1952853,20692509,$21M,small
4159,CIK 1627469,,1627469,20680000,$21M,small
4160,"ALLURION TECHNOLOGIES, INC.",ALURW,1964979,20666535,$21M,small
4161,CIK 1445942,,1445942,20591400,$21M,small
4162,U.S. GoldMining Inc.,USGO,1947244,20587453,$21M,small
4163,AMERICAN REALTY INVESTORS INC,ARL,1102238,20500000,$20M,small
4164,"Estrella Immunopharma, Inc.",ESLAW,1844417,20496203,$20M,small
4165,"Acrivon Therapeutics, Inc.",ACRV,1781174,20400000,$20M,small
4166,"MultiSensor AI Holdings, Inc.",MSAIW,1863990,20400000,$20M,small
4167,"Neuraxis, INC",NRXS,1933567,20400000,$20M,small
4168,"FDCTECH, INC.",FDCTD,1722731,20284067,$20M,small
4169,"Quanome Technologies, Inc.",QNME,1996192,20250000,$20M,small
4170,"JUPITER NEUROSCIENCES, INC.",JUNS,1679628,20200000,$20M,small
4171,"Fly-E Group, Inc.",FLYE,1975940,20200000,$20M,small
4172,Stark Novus Financial Inc.,NRDE,1759546,20199631,$20M,small
4173,"Global AI, Inc.",GLAI,1473490,20197564,$20M,small
4174,AIR T INC,AIRTP,353184,20100000,$20M,small
4175,Good Times Restaurants Inc.,GTIM,825324,20057910,$20M,small
4176,"AEye, Inc.",LIDRW,1818644,20000000,$20M,small
4177,"Aligos Therapeutics, Inc.",ALGS,1799448,19900000,$20M,small
4178,BARFRESH FOOD GROUP INC.,BRFH,1487197,19811066,$20M,small
4179,"Mobiquity Technologies, Inc.",MOBQW,1084267,19668000,$20M,small
4180,"QUAINT OAK BANCORP, INC.",QNTO,1391933,19600000,$20M,small
4181,BIODESIX INC,BDSX,1439725,19600000,$20M,small
4182,BranchOut Food Inc.,BOF,1962481,19600000,$20M,small
4183,TAO Synergies Inc.,TAOX,1571934,19435501,$19M,small
4184,"Dror Ortho-Design, Inc.",DROR,1282980,19417239,$19M,small
4185,TABLE TRAC INC,TBTC,1090396,19400000,$19M,small
4186,Cingulate Inc.,CINGW,1862150,19400000,$19M,small
4187,CIK 1881741,,1881741,19351251,$19M,small
4188,"Investview, Inc.",INVUP,862651,19336011,$19M,small
4189,THEGLOBE COM INC,TGLO,1066684,19311044,$19M,small
4190,"URBAN ONE, INC.",UONEK,1041657,19300000,$19M,small
4191,"COMSCORE, INC.",SCOR,1158172,19300000,$19M,small
4192,"Brilliant Earth Group, Inc.",BRLT,1866757,19300000,$19M,small
4193,CIK 1659323,,1659323,19200000,$19M,small
4194,"SenesTech, Inc.",SNES,1680378,19159000,$19M,small
4195,BIG SKY INDUSTRIAL INC.,BSIN,101594,19139919,$19M,small
4196,"Starco Brands, Inc.",STCB,1539850,19111681,$19M,small
4197,CEL SCI CORP,CVM,725363,19001215,$19M,small
4198,AppTech Payments Corp.,APCXW,1070050,19000000,$19M,small
4199,IX Acquisition Corp.,IXQWF,1852019,19000000,$19M,small
4200,"BlueOne Technologies, Inc.",BCRD,1496690,18900000,$19M,small
4201,CIK 1721741,,1721741,18900000,$19M,small
4202,"RELMADA THERAPEUTICS, INC.",RLMD,1553643,18893422,$19M,small
4203,"Latch, Inc.",LTCH,1826000,18800000,$19M,small
4204,"NETWORK-1 TECHNOLOGIES, INC.",NTIP,1065078,18790004,$19M,small
4205,"Ocean Power Technologies, Inc.",OPTT,1378140,18700000,$19M,small
4206,"BioAtla, Inc.",BCAB,1826892,18700000,$19M,small
4207,CAPITAL PROPERTIES INC /RI/,CPTP,202947,18700000,$19M,small
4208,OPTICAL CABLE CORP,OCC,1000230,18675056,$19M,small
4209,"Marygold Companies, Inc.",MGLD,1005101,18600000,$19M,small
4210,Quetta Acquisition Corp,QETAR,1978528,18469635,$18M,small
4211,"IGC Pharma, Inc.",IGC,1326205,18462163,$18M,small
4212,"REED'S, INC.",REED,1140215,18457633,$18M,small
4213,"Awaysis Capital, Inc.",AWCA,1021917,18317582,$18M,small
4214,CIK 1056285,,1056285,18200000,$18M,small
4215,HARVARD BIOSCIENCE INC,HBIO,1123494,18200000,$18M,small
4216,OFFICE PROPERTIES INCOME TRUST,OPI,1456772,18200000,$18M,small
4217,"VSEE HEALTH, INC.",VSEEW,1864531,18170000,$18M,small
4218,COGNITION THERAPEUTICS INC,CGTX,1455365,18162457,$18M,small
4219,GEE Group Inc.,JOB,40570,18141705,$18M,small
4220,Nevada Canyon Gold Corp.,NGLD,1605481,18118461,$18M,small
4221,"Telomir Pharmaceuticals, Inc.",TELO,1971532,18100000,$18M,small
4222,Paramount Gold Nevada Corp.,PZG,1629210,18016213,$18M,small
4223,"Boundless Bio, Inc.",BOLD,1782303,18000000,$18M,small
4224,ALX ONCOLOGY HOLDINGS INC,ALXO,1810182,18000000,$18M,small
4225,"PFS Bancorp, Inc.",PFSB,1967656,17949055,$18M,small
4226,AMCON DISTRIBUTING CO,DIT,928465,17941743,$18M,small
4227,"Charlie's Holdings, Inc.",CHUC,1134765,17900000,$18M,small
4228,"ABUNDIA GLOBAL IMPACT GROUP, INC.",AGIG,1156041,17898445,$18M,small
4229,CIK 1848756,,1848756,17879797,$18M,small
4230,"NextTrip, Inc.",NTRP,788611,17861362,$18M,small
4231,Ernexa Therapeutics Inc.,ERNAW,748592,17500000,$18M,small
4232,"Bridgeline Digital, Inc.",BLIN,1378590,17400000,$17M,small
4233,"Aspire Biopharma Holdings, Inc.",ASBPW,1847345,17400000,$17M,small
4234,CIK 1879103,,1879103,17400000,$17M,small
4235,CIK 2000640,,2000640,17355619,$17M,small
4236,CIK 1279695,,1279695,17351769,$17M,small
4237,"Marker Therapeutics, Inc.",MRKR,1094038,17312000,$17M,small
4238,"CYBERLOQ TECHNOLOGIES, INC.",CLOQ,1437517,17284957,$17M,small
4239,COFFEE HOLDING CO INC,JVA,1007019,17186147,$17M,small
4240,CIK 1845942,,1845942,17135217,$17M,small
4241,"Laredo Oil, Inc.",LRDC,1442492,17100000,$17M,small
4242,RESERVE PETROLEUM CO,RSRV,83350,17013553,$17M,small
4243,INNO HOLDINGS INC.,INHD,1961847,16953353,$17M,small
4244,CIK 1643988,,1643988,16900091,$17M,small
4245,PepGen Inc.,PEPG,1835597,16900000,$17M,small
4246,"WORLD HEALTH ENERGY HOLDINGS, INC.",WHEN,943535,16829215,$17M,small
4247,CIK 1687919,,1687919,16637252,$17M,small
4248,CIK 1413898,,1413898,16626180,$17M,small
4249,Longeveron Inc.,LGVN,1721484,16492155,$16M,small
4250,Lipocine Inc.,LPCN,1535955,16400000,$16M,small
4251,"EXICURE, INC.",XCUR,1698530,16400000,$16M,small
4252,Chilean Cobalt Corp.,COBA,1727255,16371627,$16M,small
4253,THUNDER MOUNTAIN GOLD INC,THMG,711034,16238799,$16M,small
4254,"SCI Engineered Materials, Inc.",SCIA,830616,16201719,$16M,small
4255,"zSpace, Inc.",ZSPC,1637147,16200000,$16M,small
4256,CIMG Inc.,CIMG,1527613,16194875,$16M,small
4257,Hashdex Nasdaq CME Crypto Index ETF,NCIQ,2031069,16145730,$16M,small
4258,Sphere 3D Corp.,ANY,1591956,16000000,$16M,small
4259,"HYDROFARM HOLDINGS GROUP, INC.",HYFM,1695295,16000000,$16M,small
4260,"MIRA PHARMACEUTICALS, INC.",MIRA,1904286,15950168,$16M,small
4261,TANDY LEATHER FACTORY INC,TLF,909724,15907771,$16M,small
4262,CIK 727207,,727207,15900000,$16M,small
4263,CIK 1301236,,1301236,15881126,$16M,small
4264,Artificial Intelligence Technology Solutions Inc.,AITX,1498148,15830267,$16M,small
4265,REALLOYS INC.,ALOY,1567900,15779834,$16M,small
4266,NOCOPI TECHNOLOGIES INC/MD/,NNUP,888981,15736600,$16M,small
4267,"CalciMedica, Inc.",CALC,1534133,15700000,$16M,small
4268,Worksport Ltd,WKSP,1096275,15619138,$16M,small
4269,"Zivo Bioscience, Inc.",ZIVO,1101026,15600000,$16M,small
4270,"Harvard Apparatus Regenerative Technology, Inc.",HRGN,1563665,15600000,$16M,small
4271,ASIAFIN HOLDINGS CORP.,ASFH,1828748,15578194,$16M,small
4272,ChronoScale Holdings Corp,CHRN,1549084,15551441,$16M,small
4273,RetinalGenix Technologies Inc.,RTGN,1836295,15506590,$16M,small
4274,"Beyond Air, Inc.",XAIR,1641631,15500000,$16M,small
4275,Rocket One Inc.,RKTO,1711786,15400000,$15M,small
4276,Amesite Inc.,AMST,1807166,15375000,$15M,small
4277,"TILLY'S, INC.",TLYS,1524025,15363799,$15M,small
4278,International Land Alliance Inc.,ILAL,1657214,15294797,$15M,small
4279,RAND CAPITAL CORP,RAND,81955,15230000,$15M,small
4280,"Precipio, Inc.",PRPO,1043961,15200000,$15M,small
4281,"ProPhase Labs, Inc.",PRPH,868278,15164927,$15M,small
4282,Royalty Management Holding Corp,RMCOW,1843656,15149705,$15M,small
4283,"Anebulo Pharmaceuticals, Inc.",ANEB,1815974,15057677,$15M,small
4284,CoJax Oil & Gas Corp,CJAX,1763925,15046671,$15M,small
4285,"Rent the Runway, Inc.",RENT,1468327,15000000,$15M,small
4286,Akari Therapeutics Plc,AKTX,1541157,15000000,$15M,small
4287,"Artiva Biotherapeutics, Inc.",ARTV,1817241,15000000,$15M,small
4288,CIK 1816937,,1816937,14991000,$15M,small
4289,"X4 Pharmaceuticals, Inc",XFOR,1501697,14900000,$15M,small
4290,GridAI Technologies Corp.,GRDX,1604191,14900000,$15M,small
4291,IB Acquisition Corp.,IBACR,1998781,14835000,$15M,small
4292,CIK 1761696,,1761696,14800000,$15M,small
4293,"Nexalin Technology, Inc.",NXL,1527352,14732207,$15M,small
4294,"Allarity Therapeutics, Inc.",ALLR,1860657,14730848,$15M,small
4295,"MANGOCEUTICALS, INC.",MGRX,1938046,14725437,$15M,small
4296,RemSleep Holdings Inc.,RMSL,1412126,14719113,$15M,small
4297,"POWERCOMPUTE, INC.",PWCM,1640384,14681600,$15M,small
4298,CVD EQUIPMENT CORP,CVV,766792,14612028,$15M,small
4299,Camp4 Therapeutics Corp,CAMP,1736730,14600000,$15M,small
4300,INTELLIGENT PROTECTION MANAGEMENT CORP.,IPM,1355839,14599700,$15M,small
4301,American Picture House Corp,APHP,1771995,14538150,$15M,small
4302,"GOLDENWELL BIOTECH, INC.",GWLL,1800373,14520000,$15M,small
4303,Hashdex Commodities Trust,DEFI,1985840,14516847,$15M,small
4304,Vulcan Infrastructure & Power Inc.,GREEL,1844971,14480618,$14M,small
4305,"CKX LANDS, INC.",CKX,352955,14441191,$14M,small
4306,Grayscale Zcash Trust (ZEC),ZCSH,1720265,14436171,$14M,small
4307,CIK 915358,,915358,14415624,$14M,small
4308,"Beachbody Company, Inc.",BODYW,1826889,14409127,$14M,small
4309,Prelude Therapeutics Inc,PRLD,1678660,14400000,$14M,small
4310,FOCUS UNIVERSAL INC.,FCUV,1590418,14396268,$14M,small
4311,"NOCERA, INC.",NCRA,1756180,14367529,$14M,small
4312,Rubber Leaf Inc,RLEA,1893657,14357366,$14M,small
4313,CIK 857949,,857949,14312744,$14M,small
4314,"Livento Group, Inc.",LIVG,1593549,14301080,$14M,small
4315,Revium Rx.,RVRC,1839140,14300000,$14M,small
4316,Data Storage Corp,DTST,1419951,14276639,$14M,small
4317,SIFCO INDUSTRIES INC,SIF,90168,14255290,$14M,small
4318,"Koil Energy Solutions, Inc.",KLNG,1110607,14245200,$14M,small
4319,IRIDEX CORP,IRIX,1006045,14240692,$14M,small
4320,"Stran & Company, Inc.",SWAGW,1872525,14207087,$14M,small
4321,Cohen & Co Inc.,COHN,1270436,14200000,$14M,small
4322,"Mercer Bancorp, Inc.",MSBB,1967306,14200000,$14M,small
4323,CIK 806517,,806517,14200000,$14M,small
4324,IEH Corp,IEHC,50292,14195300,$14M,small
4325,"USBC, Inc.",USBC,1074828,14110017,$14M,small
4326,CIK 1708176,,1708176,14034715,$14M,small
4327,Mediaco Holding Inc.,MDIA,1784254,13980999,$14M,small
4328,"Edesa Biotech, Inc.",EDSA,1540159,13978238,$14M,small
4329,OneMedNet Corp,ONMD,1849380,13800000,$14M,small
4330,CIK 1855457,,1855457,13800000,$14M,small
4331,BRIDGFORD FOODS CORP,BRID,14177,13750000,$14M,small
4332,CIK 1845459,,1845459,13735563,$14M,small
4333,CIK 1877557,,1877557,13727870,$14M,small
4334,"GeoVax Labs, Inc.",GOVX,832489,13723592,$14M,small
4335,Sky Quarry Inc.,SKYQ,1812447,13708300,$14M,small
4336,CIK 1850262,,1850262,13706795,$14M,small
4337,"Acurx Pharmaceuticals, Inc.",ACXP,1736243,13700000,$14M,small
4338,Barinthus Biotherapeutics plc.,BRNS,1828185,13700000,$14M,small
4339,"Pharma-Bio Serv, Inc.",PBSV,1304161,13638206,$14M,small
4340,"ESS Tech, Inc.",GWHWW,1819438,13600000,$14M,small
4341,"Earth Science Tech, Inc.",ETST,1538495,13576582,$14M,small
4342,"Charlotte's Web Holdings, Inc.",CWBHF,1750155,13500000,$14M,small
4343,BIOTRICITY INC.,BTCY,1630113,13498522,$13M,small
4344,"Aterian, Inc.",ATER,1757715,13400000,$13M,small
4345,Idaho Copper Corp,COPR-WT,1263364,13340657,$13M,small
4346,XMax Inc.,XMAX,1473334,13340000,$13M,small
4347,"Holistic Asset Finance Group Co., Ltd.",HAFG,1367993,13300000,$13M,small
4348,"Awareness Group, Inc.",TAAG,1386044,13274118,$13M,small
4349,"Cyber Enviro-Tech, Inc.",CETI,1935092,13254041,$13M,small
4350,FG Nexus Inc.,FGNXP,1591890,13200000,$13M,small
4351,Momentus Inc.,MNTSW,1781162,13200000,$13M,small
4352,"TAP REAL ESTATE TECHNOLOGIES, INC.",RWAX,1119190,13171807,$13M,small
4353,"FAST CASUAL CONCEPTS, INC.",FCCI,1807689,13115410,$13M,small
4354,Shimmick Corp,SHIM,1887944,13100000,$13M,small
4355,"Edgemode, Inc.",EDGM,1652958,13072762,$13M,small
4356,Synergy CHC Corp.,SNYR,1562733,13010344,$13M,small
4357,"Xos, Inc.",XOSWW,1819493,13000000,$13M,small
4358,Future FinTech Group Inc.,FTFT,1066923,12970000,$13M,small
4359,Athena Technology Acquisition Corp. II,ATEKW,1882198,12877810,$13M,small
4360,"Cellectar Biosciences, Inc.",CLRB,1279704,12846737,$13M,small
4361,VASO Corp,VASO,839087,12800000,$13M,small
4362,"Skkynet Cloud Systems, Inc.",SKKY,1546853,12798891,$13M,small
4363,Concrete Leveling Systems Inc,CLEV,1414382,12760833,$13M,small
4364,"Hongchang International Co., Ltd",HCIL,1086303,12754056,$13M,small
4365,"Health In Tech, Inc.",HIT,2019505,12720915,$13M,small
4366,TRIO-TECH INTERNATIONAL,TRT,732026,12704000,$13M,small
4367,"Envoy Medical, Inc.",COCHW,1840877,12700000,$13M,small
4368,"Gouverneur Bancorp, Inc./MD/",GOVB,1978811,12700000,$13M,small
4369,CIK 1922331,,1922331,12643507,$13M,small
4370,ARVANA INC,AVNI,1113313,12622776,$13M,small
4371,JOCOM HOLDINGS CORP.,JOCM,1907425,12602990,$13M,small
4372,"DNA X, Inc.",SONM,1178697,12600000,$13M,small
4373,"NextCure, Inc.",NXTC,1661059,12600000,$13M,small
4374,"Kalaris Therapeutics, Inc.",KLRS,1754068,12600000,$13M,small
4375,CIK 1842356,,1842356,12500000,$12M,small
4376,JFB Construction Holdings,JFB,2024306,12440230,$12M,small
4377,"Dolphin Entertainment, Inc.",DLPN,1282224,12420193,$12M,small
4378,Alchemy Investments Acquisition Corp 1,ALCUF,1901336,12400000,$12M,small
4379,"WEWARDS, INC.",WEWA,1616156,12382600,$12M,small
4380,"PodcastOne, Inc.",PODC,1940177,12300000,$12M,small
4381,"United States 12 Month Natural Gas Fund, LP",UNL,1405513,12224146,$12M,small
4382,FLYEXCLUSIVE INC.,FLYX-WT,1843973,12200000,$12M,small
4383,CIK 740663,,740663,12200000,$12M,small
4384,"Star Equity Holdings, Inc.",STRRP,1210708,12181784,$12M,small
4385,OZ VISION INC.,OZVN,1751707,12168870,$12M,small
4386,"Bionano Genomics, Inc.",BNGO,1411690,12154000,$12M,small
4387,"Banzai International, Inc.",PARAW,1826011,12147061,$12M,small
4388,"PetVivo Holdings, Inc.",PETV,1512922,12126991,$12M,small
4389,"TOMI Environmental Solutions, Inc.",TOMZ,314227,12112176,$12M,small
4390,CYPHERPUNK TECHNOLOGIES INC.,CYPH,1509745,12100000,$12M,small
4391,"Hyperscale Data, Inc.",GPUS-PD,896493,12100000,$12M,small
4392,"GREYSTONE LOGISTICS, INC.",GLGI,1088413,12083372,$12M,small
4393,"New ERA Energy & Digital, Inc.",NUAIW,2028336,12049122,$12M,small
4394,"Lite Strategy, Inc.",LITS,1262104,12000000,$12M,small
4395,OneMeta Inc.,ONEI,1388295,12000000,$12M,small
4396,CREDITRISKMONITOR COM INC,CRMZ,315958,11962885,$12M,small
4397,CIK 1978133,,1978133,11953959,$12M,small
4398,Jet.AI Inc.,JTAI,1861622,11905209,$12M,small
4399,BiomX Inc.,PHGE,1739174,11899466,$12M,small
4400,AMERICAN SHARED HOSPITAL SERVICES,AMS,744825,11889000,$12M,small
4401,"Snail, Inc.",SNAL,1886894,11877245,$12M,small
4402,Clean Vision Corp,CLNV,1391426,11842000,$12M,small
4403,Panamera Holdings Corp,PHCI,1620749,11833500,$12M,small
4404,CHICAGO RIVET & MACHINE CO,CVR,19871,11815794,$12M,small
4405,NORTECH SYSTEMS INC,NSYS,722313,11809220,$12M,small
4406,PAVmed Inc.,PAVM,1624326,11800000,$12M,small
4407,INTELLIGENT BIO SOLUTIONS INC.,INBS,1725430,11712017,$12M,small
4408,CIK 1509223,,1509223,11700000,$12M,small
4409,OXBRIDGE RE HOLDINGS Ltd,OXBRW,1584831,11646248,$12M,small
4410,Workhorse Group Inc.,WKHS,1425287,11644380,$12M,small
4411,UPAY,UPYY,1677897,11616648,$12M,small
4412,Two Hands Corp,TWOH,1494413,11612621,$12M,small
4413,CapForce Inc.,CFOR,1293818,11600000,$12M,small
4414,"Cocrystal Pharma, Inc.",COCP,1412486,11600000,$12M,small
4415,"XERIANT, INC.",XERI,1481504,11600000,$12M,small
4416,Marblegate Capital Corp,MGTEW,1965052,11600000,$12M,small
4417,CIK 1634447,,1634447,11527776,$12M,small
4418,Plum Acquisition Corp. III,PLMJF,1845550,11480000,$11M,small
4419,HEALTHY CHOICE WELLNESS CORP.,HCWC,1948864,11400000,$11M,small
4420,"Citius Pharmaceuticals, Inc.",CTXR,1506251,11390000,$11M,small
4421,"Greenwave Technology Solutions, Inc.",GWAV,1589149,11335593,$11M,small
4422,Wetouch Technology Inc.,WETH,1826660,11325860,$11M,small
4423,ADDENTAX GROUP CORP.,ATXG,1650101,11300000,$11M,small
4424,"CERO THERAPEUTICS HOLDINGS, INC.",CEROW,1870404,11236525,$11M,small
4425,NextPlat Corp,NXPL,1058307,11200000,$11M,small
4426,"PALISADE BIO, INC.",PALI,1357459,11200000,$11M,small
4427,"Fluent, Inc.",FLNT,1460329,11200000,$11M,small
4428,Phio Pharmaceuticals Corp.,PHIO,1533040,11200000,$11M,small
4429,ZeroStack Corp.,ZSTK,1790169,11200000,$11M,small
4430,P3 Health Partners Inc.,PIIIW,1832511,11200000,$11M,small
4431,"BioRestorative Therapies, Inc.",BRTX,1505497,11199773,$11M,small
4432,Webstar Technology Group Inc.,WBSR,1645155,11151622,$11M,small
4433,CIK 1327273,,1327273,11123580,$11M,small
4434,INNOVATIVE DESIGNS INC,IVDN,1190370,11108160,$11M,small
4435,CIK 1604738,,1604738,11091012,$11M,small
4436,"NEXGEL, INC.",NXGLW,1468929,11032723,$11M,small
4437,"BioXcel Therapeutics, Inc.",BTAI,1720893,11021589,$11M,small
4438,"Vroom, Inc.",VRMWW,1580864,11000000,$11M,small
4439,"BullFrog AI Holdings, Inc.",BFRGW,1829247,11000000,$11M,small
4440,"SMITH MICRO SOFTWARE, INC.",SMSI,948708,10935493,$11M,small
4441,"Reborn Coffee, Inc.",REBN,1707910,10900000,$11M,small
4442,"MiNK Therapeutics, Inc.",INKT,1840229,10900000,$11M,small
4443,"RANGE IMPACT, INC.",RNGE,1438943,10896420,$11M,small
4444,CIK 1840292,,1840292,10800000,$11M,small
4445,"Vislink Technologies, Inc.",VISL,1565228,10700000,$11M,small
4446,CIK 1575295,,1575295,10684790,$11M,small
4447,Energous Corp,WATT,1575793,10682962,$11M,small
4448,"KonaTel, Inc.",KTEL,845819,10634006,$11M,small
4449,Rallybio Corp,RLYB,1739410,10600000,$11M,small
4450,Foxx Development Holdings Inc.,FOXXW,2013807,10549388,$11M,small
4451,GUIDED THERAPEUTICS INC,GTHP,924515,10518265,$11M,small
4452,Offerpad Solutions Inc.,OPADW,1825024,10500000,$10M,small
4453,BNB PLUS CORP.,BNBX,744452,10500000,$10M,small
4454,BRAINSTORM CELL THERAPEUTICS INC.,BCLI,1137883,10496980,$10M,small
4455,KIORA PHARMACEUTICALS INC,KPHMW,1372514,10465142,$10M,small
4456,CIK 1836176,,1836176,10407262,$10M,small
4457,HeartSciences Inc.,HSCSW,1468492,10400000,$10M,small
4458,Q32 Bio Inc.,FIXX,1661998,10400000,$10M,small
4459,Motorsport Games Inc.,MSGM,1821175,10362427,$10M,small
4460,CIK 1383088,,1383088,10325640,$10M,small
4461,QUOTEMEDIA INC,QMCI,1101433,10306172,$10M,small
4462,"ALPHA MODUS HOLDINGS, INC.",AMODW,1862463,10242462,$10M,small
4463,CIK 1138978,,1138978,10240619,$10M,small
4464,Mountain Crest Acquisition Corp. V,MCAGU,1859035,10232935,$10M,small
4465,"Scienture Holdings, Inc.",SCNX,1382574,10203000,$10M,small
4466,HyOrc Corp,HYOR,1070789,10200000,$10M,small
4467,"Solo Brands, Inc.",SBDS,1870600,10200000,$10M,small
4468,Nuvve Holding Corp.,NVVE,1836875,10143280,$10M,small
4469,Israel Acquisitions Corp,ISLWF,1915328,10133736,$10M,small
4470,"Cycurion, Inc.",CYCUW,1868419,10100000,$10M,small
4471,ASTROTECH Corp,ASTC,1001907,10083870,$10M,small
4472,"PARKS AMERICA, INC",PRKA,1297937,10080000,$10M,small
4473,CIK 1817640,,1817640,10009574,$10M,small
4474,YUNHONG GREEN CTI LTD.,YHGJ,1042187,10000000,$10M,small
4475,Bimergen Energy Corp,BESS-WT,1066764,10000000,$10M,small
4476,"Co-Diagnostics, Inc.",CODX,1692415,10000000,$10M,small
4477,"Myseum.AI, Inc.",MYSEW,1648960,9989568,$10M,small
4478,AIR INDUSTRIES GROUP,AIRI,1009891,9972403,$10M,small
4479,Lifeward Ltd.,LFWD,1607962,9971778,$10M,small
4480,"LUDWIG ENTERPRISES, INC.",LUDG,1960262,9916736,$10M,small
4481,CIK 1683252,,1683252,9910186,$10M,small
4482,"LeonaBio, Inc.",LONA,1620463,9900000,$10M,small
4483,MANNATECH INC,MTEX,1056358,9875105,$10M,small
4484,GLEN BURNIE BANCORP,GLBZ,890066,9843992,$10M,small
4485,CIK 1857855,,1857855,9812411,$10M,small
4486,CARVER BANCORP INC,CARV,1016178,9810678,$10M,small
4487,JEWETT CAMERON TRADING CO LTD,JCTC,885307,9802679,$10M,small
4488,"Traws Pharma, Inc.",TRAW,1130598,9800000,$10M,small
4489,Aptevo Therapeutics Inc.,APVO,1671584,9800000,$10M,small
4490,DYNAMIC AEROSPACE SYSTEMS Corp,BRQL,1854526,9783390,$10M,small
4491,iPower Inc.,IPW,1830072,9775042,$10M,small
4492,Stardust Power Inc.,SDSTW,1831979,9765270,$10M,small
4493,"Marpai, Inc.",MRAI,1844392,9748057,$10M,small
4494,GAXOS.AI INC.,GXAI,1895618,9729823,$10M,small
4495,LIQTECH INTERNATIONAL INC,LIQT,1307579,9702533,$10M,small
4496,"System1, Inc.",SSTPW,1805833,9700000,$10M,small
4497,"BioCardia, Inc.",BCDA,925741,9700000,$10M,small
4498,Accustem Sciences Inc.,ACUT,1850767,9684334,$10M,small
4499,"SUNation Energy, Inc.",SUNE,22701,9666000,$10M,small
4500,"Alaunos Therapeutics, Inc.",TCRT,1107421,9608631,$10M,small
4501,"Alzamend Neuro, Inc.",ALZN,1677077,9600000,$10M,small
4502,CIK 1753681,,1753681,9600000,$10M,small
4503,EDUCATIONAL DEVELOPMENT CORP,EDUC,31667,9597100,$10M,small
4504,MEXCO ENERGY CORP,MXC,66418,9540503,$10M,small
4505,Cosmos Health Inc.,COSM,1474167,9526306,$10M,small
4506,"Iveda Solutions, Inc.",IVDAW,1397183,9500000,$10M,small
4507,JANEL CORP,JANL,1133062,9450464,$9M,small
4508,Raphael Pharmaceutical Inc.,RAPH,1415397,9432556,$9M,small
4509,"GENERATION INCOME PROPERTIES, INC.",GIPRW,1651721,9400000,$9M,small
4510,Vocodia Holdings Corp,VHAI,1880431,9391205,$9M,small
4511,"BIOXYTRAN, INC",BIXT,1445815,9326387,$9M,small
4512,CIK 1885461,,1885461,9300000,$9M,small
4513,"Abpro Holdings, Inc.",ABPWW,1893219,9300000,$9M,small
4514,"ADAPTIN BIO, INC.",APTN,1938571,9300000,$9M,small
4515,"ARTELO BIOSCIENCES, INC.",ARTL,1621221,9288602,$9M,small
4516,"SPAR Group, Inc.",SGRP,1004989,9249927,$9M,small
4517,TOP Financial Group Ltd,TOP,1848275,9240000,$9M,small
4518,"Clean Energy Technologies, Inc.",CETY,1329606,9209821,$9M,small
4519,DAWSON GEOPHYSICAL CO,DWSN,799165,9180000,$9M,small
4520,Medinotec Inc.,MDNC,1931055,9157135,$9M,small
4521,SRX Global Inc.,SRXH,1471727,9142691,$9M,small
4522,"Oncotelic Therapeutics, Inc.",OTLC,908259,9108801,$9M,small
4523,"TherapeuticsMD, Inc.",TXMD,25743,9036147,$9M,small
4524,CIK 1922858,,1922858,9003636,$9M,small
4525,Kentucky First Federal Bancorp,KFFB,1297341,8800000,$9M,small
4526,"Moleculin Biotech, Inc.",MBRX,1659617,8800000,$9M,small
4527,BION ENVIRONMENTAL TECHNOLOGIES INC,BNET,875729,8800000,$9M,small
4528,"CNS Pharmaceuticals, Inc.",CNSP,1729427,8780000,$9M,small
4529,Trio Petroleum Corp,TPET,1898766,8775576,$9M,small
4530,CIK 1861063,,1861063,8770283,$9M,small
4531,"AMERICAN BATTERY MATERIALS, INC.",BLTH,1487718,8767836,$9M,small
4532,INTERGROUP CORP,INTG,69422,8730000,$9M,small
4533,"AEON Biopharma, Inc.",AEON,1837607,8700000,$9M,small
4534,AMERICAN REBEL HOLDINGS INC,AREBW,1648087,8647718,$9M,small
4535,Beneficient,BENFW,1775734,8647572,$9M,small
4536,"EQUUS TOTAL RETURN, INC.",EQS,878932,8642891,$9M,small
4537,"GT Biopharma, Inc.",GTBP,109657,8600000,$9M,small
4538,"Aprea Therapeutics, Inc.",APRE,1781983,8600000,$9M,small
4539,"SPARTA COMMERCIAL SERVICES, INC.",SRCO,318299,8549999,$9M,small
4540,"RTB Digital, Inc.",RTB,1419275,8527243,$9M,small
4541,"Elvictor Group, Inc.",ELVG,1741489,8479622,$8M,small
4542,BIOVIE INC.,BIVIW,1580149,8454444,$8M,small
4543,"UNIVERSAL SAFETY PRODUCTS, INC.",UUU,102109,8400000,$8M,small
4544,"Magnolia Bancorp, Inc.",MGNO,2033615,8400000,$8M,small
4545,"Security Midwest Bancorp, Inc.",SBMW,2036060,8400000,$8M,small
4546,"TerraVolt Holdings, Inc.",GEDC,1174891,8359069,$8M,small
4547,"TALPHERA, INC.",TLPH,1427925,8300000,$8M,small
4548,EON Resources Inc.,EONR-WT,1842556,8300000,$8M,small
4549,"Aeries Technology, Inc.",AERTW,1853044,8300000,$8M,small
4550,CIK 1894057,,1894057,8300000,$8M,small
4551,TAITRON COMPONENTS INC,TAIT,942126,8300000,$8M,small
4552,"Soluna Holdings, Inc",SLNHP,64463,8284532,$8M,small
4553,INTERLINK ELECTRONICS INC,LINK,828146,8239829,$8M,small
4554,"Interactive Strength, Inc.",TRNR,1785056,8228724,$8M,small
4555,"PCS Edventures!, Inc.",PCSV,1122020,8216915,$8M,small
4556,A.K.A. BRANDS HOLDING CORP.,AKA,1865107,8195700,$8M,small
4557,"Processa Pharmaceuticals, Inc.",PCSA,1533743,8100000,$8M,small
4558,RETRACTABLE TECHNOLOGIES INC,RVP,946563,8100000,$8M,small
4559,"Dogwood Therapeutics, Inc.",DWTX,1818844,8092720,$8M,small
4560,"SYNTEC OPTICS HOLDINGS, INC.",OPTXW,1866816,8016116,$8M,small
4561,AVALON HOLDINGS CORP,AWX,1061069,8000000,$8M,small
4562,"Calidi Biotherapeutics, Inc.",CLDWW,1855485,8000000,$8M,small
4563,Zeo Energy Corp.,ZEOWW,1865506,8000000,$8M,small
4564,"High Roller Technologies, Inc.",ROLR,1947210,8000000,$8M,small
4565,CIK 1839998,,1839998,7988383,$8M,small
4566,BLUSKY AI INC.,BSAI,1416090,7976632,$8M,small
4567,Axe Compute Inc.,AGPU,1446159,7965485,$8M,small
4568,CIK 1907730,,1907730,7960000,$8M,small
4569,"VerifyMe, Inc.",VRME,1104038,7959516,$8M,small
4570,"CAMBER ENERGY, INC.",CEIN,1309082,7936585,$8M,small
4571,CANNABIS SUISSE CORP.,CSUI,1680132,7862930,$8M,small
4572,"Apimeds Pharmaceuticals US, Inc.",APUS,1894525,7811096,$8M,small
4573,CIK 1603652,,1603652,7800000,$8M,small
4574,"ENERGY FOCUS, INC/DE",EFOI,924168,7800000,$8M,small
4575,OLENOX INDUSTRIES INC.,OLOX,1023994,7781458,$8M,small
4576,Edible Garden AG Inc,EDBLW,1809750,7700000,$8M,small
4577,"OSR Health, Inc.",OSRHW,1840425,7700000,$8M,small
4578,"Sintx Technologies, Inc.",SINT,1269026,7651741,$8M,small
4579,CIK 1460602,,1460602,7649760,$8M,small
4580,La Rosa Holdings Corp.,LRHC,1879403,7610490,$8M,small
4581,EACO CORP,EACO,784539,7605000,$8M,small
4582,VINCE HOLDING CORP.,VNCE,1579157,7600000,$8M,small
4583,"IN8BIO, INC.",INAB,1740279,7600000,$8M,small
4584,"HG Holdings, Inc.",STLY,797465,7600000,$8M,small
4585,IMPACT BIOMEDICAL INC.,IBO,1834105,7599000,$8M,small
4586,"HeartCore Enterprises, Inc.",HTCR,1892322,7593567,$8M,small
4587,Greenpro Capital Corp.,GRNQ,1597846,7592303,$8M,small
4588,"Marwynn Holdings, Inc.",MWYN,2030522,7558490,$8M,small
4589,CIK 1586495,,1586495,7554813,$8M,small
4590,"VivoSim Labs, INC.",VIVS,1497253,7538844,$8M,small
4591,Helio Corp /FL/,HLEOD,1953988,7515000,$8M,small
4592,"Genprex, Inc.",GNPX,1595248,7500000,$8M,small
4593,CIK 1815849,,1815849,7500000,$8M,small
4594,"INTENSITY THERAPEUTICS, INC.",INTS,1567264,7400000,$7M,small
4595,CALLAN JMB INC.,CJMB,2032545,7398291,$7M,small
4596,CIK 1761510,,1761510,7339985,$7M,small
4597,"Tenon Medical, Inc.",TNONW,1560293,7321997,$7M,small
4598,"ENvue Medical, Inc.",FEED,1326706,7300000,$7M,small
4599,"Bolt Biotherapeutics, Inc.",BOLT,1641281,7300000,$7M,small
4600,SeaStar Medical Holding Corp,ICUCW,1831868,7300000,$7M,small
4601,"Rain Enhancement Technologies Holdco, Inc.",RAINW,2028293,7300000,$7M,small
4602,"MSP Recovery, Inc.",MSPR,1802450,7239020,$7M,small
4603,"AYTU BIOPHARMA, INC",AYTU,1385818,7238109,$7M,small
4604,Bone Biologics Corp,BBLGW,1419554,7232186,$7M,small
4605,Perfect Moment Ltd.,PMNT,1849221,7226000,$7M,small
4606,American Strategic Investment Co.,NYC,1595527,7200000,$7M,small
4607,Sono Group N.V.,SSM,1840416,7200000,$7M,small
4608,PUBLIC CO MANAGEMENT CORP,PCMC,1141964,7198131,$7M,small
4609,"CID Holdco, Inc.",DAICW,2033770,7171964,$7M,small
4610,House of Doge Inc.,HODO,1903595,7161164,$7M,small
4611,"Zeo ScientifiX, Inc.",ZEOX,1557376,7129000,$7M,small
4612,Trinity Place Holdings Inc.,TPHS,724742,7120000,$7M,small
4613,"Equillium, Inc.",EQ,1746466,7100000,$7M,small
4614,"Faeth Therapeutics, Inc.",FTH,1829802,7100000,$7M,small
4615,"Ascent Solar Technologies, Inc.",ASTI,1350102,7075300,$7M,small
4616,"Thunder Power Holdings, Inc.",AIEV,1912582,7072466,$7M,small
4617,CIK 1231339,,1231339,7067066,$7M,small
4618,Sunshine Biopharma Inc.,SBFMW,1402328,7061719,$7M,small
4619,Evolution Metals & Technologies Corp.,EMAT,1866226,7054212,$7M,small
4620,"CV Sciences, Inc.",CVSI,1510964,7000000,$7M,small
4621,"Minerva Neurosciences, Inc.",NERV,1598646,7000000,$7M,small
4622,AmBase Corp,ABCP,20639,7000000,$7M,small
4623,Innovative Eyewear Inc,LUCY,1808377,6993000,$7M,small
4624,"Bright Mountain Media, Inc.",BMTM,1568385,6959173,$7M,small
4625,ATHENA GOLD CORP,AHNRF,1304409,6948945,$7M,small
4626,"Medalist Diversified, Inc.",MDRR,1654595,6923881,$7M,small
4627,CIK 1289850,,1289850,6900000,$7M,small
4628,Biofrontera Inc.,BFRIW,1858685,6900000,$7M,small
4629,"Kairos Pharma, LTD.",KAPA,1962011,6900000,$7M,small
4630,CIK 1838513,,1838513,6886198,$7M,small
4631,Toppoint Holdings Inc.,TOPP,1960847,6880000,$7M,small
4632,ATLANTIC AMERICAN CORP,AAME,8177,6854118,$7M,small
4633,Technology & Telecommunication Acquisition Corp,TETWF,1900679,6851784,$7M,small
4634,PAID INC,PAYD,1017655,6851217,$7M,small
4635,OFA Group,OFAL,2036307,6838750,$7M,small
4636,TON Strategy Co,TONX,1566610,6804000,$7M,small
4637,"GULF RESOURCES, INC.",GURE,885462,6800000,$7M,small
4638,INCOME OPPORTUNITY REALTY INVESTORS INC /TX/,IOR,949961,6800000,$7M,small
4639,"ADM TRONICS UNLIMITED, INC.",ADMT,849401,6758849,$7M,small
4640,"Sundance Strategies, Inc.",SUND,1171838,6734673,$7M,small
4641,"Resonate Blends, Inc.",KOAN,897078,6732534,$7M,small
4642,"Our Bond, Inc.",OBAI,1756064,6722895,$7M,small
4643,"ADVENT TECHNOLOGIES HOLDINGS, INC.",ADNH,1744494,6700000,$7M,small
4644,CIK 1820566,,1820566,6700000,$7M,small
4645,Pelthos Therapeutics Inc.,PTHS,1919246,6700000,$7M,small
4646,GHST World Inc.,GHST,1121795,6696894,$7M,small
4647,CIK 1848861,,1848861,6687916,$7M,small
4648,NaturalShrimp Inc,SHMP,1465470,6648639,$7M,small
4649,"Protagenic Therapeutics, Inc.\new",PTIX,1022899,6636632,$7M,small
4650,"Rocky Mountain Chocolate Factory, Inc.",RMCF,1616262,6625531,$7M,small
4651,"iANTHUS CAPITAL HOLDINGS, INC.",ITHUF,1643154,6600000,$7M,small
4652,"CleanCore Solutions, Inc.",ZONE,1956741,6600000,$7M,small
4653,"SOCKET MOBILE, INC.",SCKT,944075,6595000,$7M,small
4654,"Big Digital Energy, Inc.",BGDE,1218683,6500000,$6M,small
4655,"Transcode Therapeutics, Inc.",RNAZ,1829635,6500000,$6M,small
4656,CIK 1879814,,1879814,6500000,$6M,small
4657,"Direct Digital Holdings, Inc.",DRCT,1880613,6500000,$6M,small
4658,"Guerrilla RF, Inc.",GUER,1832487,6493564,$6M,small
4659,"ADIAL PHARMACEUTICALS, INC.",ADIL,1513525,6483200,$6M,small
4660,"SPLASH BEVERAGE GROUP, INC.",SBEV,1553788,6454754,$6M,small
4661,AIM ImmunoTech Inc.,AIM,946644,6411460,$6M,small
4662,"Vyome Holdings, Inc",HIND,1427570,6402262,$6M,small
4663,"Newton Golf Company, Inc.",NWTG,1934245,6402221,$6M,small
4664,"AZIO AI HOLDINGS, INC.",AZIO,1563568,6400000,$6M,small
4665,"Canton Strategic Holdings, Inc.",CNTN,1861657,6400000,$6M,small
4666,BIOMERICA INC,BMRA,73290,6400000,$6M,small
4667,SURGE COMPONENTS INC,SPRS,747540,6400000,$6M,small
4668,T-REX Acquisition Corp.,TRXA,1437750,6389318,$6M,small
4669,Nexentis Technologies Inc.,NXTS,1789192,6387364,$6M,small
4670,"Phunware, Inc.",PHUN,1665300,6378668,$6M,small
4671,Peraso Inc.,PRSO,890394,6342613,$6M,small
4672,CIK 844887,,844887,6338333,$6M,small
4673,"Sonoma Pharmaceuticals, Inc.",SNOA,1367083,6322289,$6M,small
4674,"Autonomix Medical, Inc.",AMIX,1617867,6307279,$6M,small
4675,"PharmaCyte Biotech, Inc.",PMCB,1157075,6278282,$6M,small
4676,LFTD PARTNERS INC.,LIFD,1391135,6250713,$6M,small
4677,"Gyrodyne, LLC",GYRO,1589061,6244153,$6M,small
4678,"XBP Global Holdings, Inc.",XBPEW,1839530,6220383,$6M,small
4679,CIK 1939365,,1939365,6214608,$6M,small
4680,HCW Biologics Inc.,HCWB,1828673,6200000,$6M,small
4681,Solana Co,HSDT,1610853,6191849,$6M,small
4682,"Algorhythm Holdings, Inc.",RIME,923601,6101120,$6M,small
4683,RADNOSTIX INC,INIS,1038277,6000000,$6M,small
4684,"FiEE, Inc.",FIEE,1467761,6000000,$6M,small
4685,AltEnergy Acquisition Corp,AEAEW,1852016,5998158,$6M,small
4686,"FAMILY OFFICE OF AMERICA, INC.",FOFA,1871181,5949781,$6M,small
4687,Stimcell Energetics Inc.,STME,1493712,5909613,$6M,small
4688,Kun Peng International Ltd.,KPEA,1502557,5841609,$6M,small
4689,Dragonfly Energy Holdings Corp.,DFLIW,1847986,5800000,$6M,small
4690,"Cardio Diagnostics Holdings, Inc.",CDIOW,1870144,5800000,$6M,small
4691,"Electronic Servitor Publication Network, Inc.",XESP,1709542,5795790,$6M,small
4692,Crown PropTech Acquisitions,CPTKW,1827899,5788250,$6M,small
4693,"Indaptus Therapeutics, Inc.",INDP,1857044,5781886,$6M,small
4694,CareView Communications Inc,CRVW,1377149,5767684,$6M,small
4695,"Arcadia Biosciences, Inc.",RKDA,1469443,5740919,$6M,small
4696,Crisp Momentum Inc.,CRSF,924396,5712580,$6M,small
4697,LIVE VENTURES Inc,LIVE,1045742,5700000,$6M,small
4698,ACTELIS NETWORKS INC,ASNS,1141284,5700000,$6M,small
4699,SemiLEDs Corp,LEDS,1333822,5700000,$6M,small
4700,Quantum Cyber N.V.,QUCY,1874252,5700000,$6M,small
4701,Golden Minerals Co,AUMN,1011509,5670000,$6M,small
4702,AETHLON MEDICAL INC,AEMD,882291,5670000,$6M,small
4703,"Saker Aviation Services, Inc.",SKAS,1128281,5665892,$6M,small
4704,Stemtech Corp,STEK,1511820,5645051,$6M,small
4705,"Adia Nutrition, Inc.",ADIA,1160420,5628329,$6M,small
4706,"Totaligent, Inc.",TGNT,846377,5600000,$6M,small
4707,Creative Media & Community Trust Corp,CMCT,908311,5600000,$6M,small
4708,CIK 1321517,,1321517,5590762,$6M,small
4709,"AIxCrypto Holdings, Inc.",AIXC,1460702,5581476,$6M,small
4710,"VACCINEX, INC.",VCNX,1205922,5577428,$6M,small
4711,"SkyAI, Inc.",SKYAW,1737995,5569875,$6M,small
4712,"Kaival Brands Innovations Group, Inc.",KAVL,1762239,5540305,$6M,small
4713,reAlpha Tech Corp.,AIRE,1859199,5525923,$6M,small
4714,WASTE ENERGY CORP.,WAST,1515139,5521171,$6M,small
4715,"SolarWindow Technologies, Inc.",WNDW,1071840,5517000,$6M,small
4716,CIK 351789,,351789,5500000,$6M,small
4717,Change Agents Corporation.,CHGA,1630212,5482000,$5M,small
4718,"Ocean Biomedical, Inc.",OCEA,1869974,5473915,$5M,small
4719,SusGlobal Energy Corp.,SNRG,1652539,5440726,$5M,small
4720,Cambium Networks Corp,CMBMF,1738177,5419541,$5M,small
4721,"Presurance Holdings, Inc.",PRHIZ,1502292,5400000,$5M,small
4722,"Glucotrack, Inc.",GCTK,1506983,5400000,$5M,small
4723,"Quoin Pharmaceuticals, Ltd.",QNRX,1671502,5400000,$5M,small
4724,Pineapple Financial Inc.,PAPL,1938109,5391000,$5M,small
4725,"GPO Plus, Inc.",GPOX,1673475,5362726,$5M,small
4726,Agape ATP Corp,ATPC,1713210,5352889,$5M,small
4727,DIXIE GROUP INC,DXYN,29332,5348312,$5M,small
4728,"New Concept Energy, Inc.",GBR,105744,5347085,$5M,small
4729,"AtlasClear Holdings, Inc.",ATCHW,1963088,5346000,$5M,small
4730,CIK 1771951,,1771951,5335549,$5M,small
4731,"Silo Pharma, Inc.",SILO,1514183,5325513,$5M,small
4732,"Corvex, Inc.",MOVE,1734750,5309169,$5M,small
4733,"Professional Diversity Network, Inc.",IPDN,1546296,5303406,$5M,small
4734,CIK 1013706,,1013706,5300000,$5M,small
4735,"Ensysce Biosciences, Inc.",ENSC,1716947,5300000,$5M,small
4736,"Reliance Global Group, Inc.",EZRA,1812727,5300000,$5M,small
4737,CIK 1879001,,1879001,5300000,$5M,small
4738,BARNWELL INDUSTRIES INC,BRN,10048,5290000,$5M,small
4739,"Brownie's Marine Group, Inc",BWMG,1166708,5273810,$5M,small
4740,Chain Bridge I,CBGGF,1845149,5263751,$5M,small
4741,Solidion Technology Inc.,STI,1881551,5261123,$5M,small
4742,"SKINVISIBLE, INC.",SKVI,1085277,5259630,$5M,small
4743,Neuphoria Therapeutics Inc.,NEUP,1191070,5213998,$5M,small
4744,CIK 96885,,96885,5209647,$5M,small
4745,DESTINY MEDIA TECHNOLOGIES INC,DSNY,1099369,5204201,$5M,small
4746,"Presidio Property Trust, Inc.",SQFTW,1080657,5200000,$5M,small
4747,CIK 1618694,,1618694,5200000,$5M,small
4748,Sports Entertainment Gaming Global Corp,LTRYW,1673481,5200000,$5M,small
4749,"BIMINI CAPITAL MANAGEMENT, INC.",BMNM,1275477,5198027,$5M,small
4750,"Cavitation Technologies, Inc.",CVAT,1376793,5192000,$5M,small
4751,PHOENIX MOTOR INC.,PEVM,1879848,5191394,$5M,small
4752,CIK 2000762,,2000762,5180000,$5M,small
4753,T Stamp Inc,IDAI,1718939,5164124,$5M,small
4754,"Hartford Creative Group, Inc.",HFUS,1482554,5139552,$5M,small
4755,"TaoWeave, Inc.",TWAV,746210,5128910,$5M,small
4756,"Xenetic Biosciences, Inc.",XBIO,1534525,5110488,$5M,small
4757,"Freight Technologies, Inc.",FRGT,1687542,5105717,$5M,small
4758,Pasithea Therapeutics Corp.,KTTA,1841330,5100000,$5M,small
4759,CIK 707388,,707388,5100000,$5M,small
4760,CLEARONE INC,CLRO,840715,5100000,$5M,small
4761,"CITIUS ONCOLOGY, INC.",CTOR,1851484,5097850,$5M,small
4762,"IP STRATEGY HOLDINGS, INC.",IPST,1788230,5087728,$5M,small
4763,"BIO-PATH HOLDINGS, INC.",BPTH,1133818,5042574,$5M,small
4764,Marvion Inc.,MVNC,1439264,5023342,$5M,small
4765,"BLUM HOLDINGS, INC.",BLMH,1996210,5000365,$5M,small
4766,"SideChannel, Inc.",SDCH,1022505,5000000,$5M,small
4767,BATTALION OIL CORP,BATL,1282648,5000000,$5M,small
4768,"Vynleads, Inc.",VYND,1745078,4968207,$5M,small
4769,"Dalrada Technology Group, Inc.",DHTI,725394,4950569,$5M,small
4770,BIO KEY INTERNATIONAL INC,BKYI,1019034,4934779,$5M,small
4771,"Viskase Holdings, Inc.",ENZN,727510,4921536,$5M,small
4772,CIK 1576197,,1576197,4918581,$5M,small
4773,Chi Special Acquisition Corp.,GDST,1858007,4870000,$5M,small
4774,Planet Green Holdings Corp.,PLAG,1117057,4860000,$5M,small
4775,"Aqua Metals, Inc.",AQMS,1621832,4815945,$5M,small
4776,BioNexus Gene Lab Corp,BGLC,1737523,4814884,$5M,small
4777,Lithium Corp,LTUM,1415332,4800442,$5M,small
4778,"Cyclerion Therapeutics, Inc.",CYCN,1755237,4800000,$5M,small
4779,CIK 1785592,,1785592,4800000,$5M,small
4780,Senmiao Technology Ltd,AIHS,1711012,4798408,$5M,small
4781,"TEN Holdings, Inc.",XHLD,2030954,4787341,$5M,small
4782,Ambow Education Holding Ltd.,AMBO,1494558,4770417,$5M,small
4783,Grayscale Horizen Trust (ZEN),HZEN,1748945,4766586,$5M,small
4784,"Shuttle Pharmaceuticals Holdings, Inc.",SHPH,1757499,4744078,$5M,small
4785,"EWSB Bancorp, Inc. /MD/",EWSB,2013792,4700000,$5M,small
4786,CFN Enterprises Inc.,CNFN,1352952,4699680,$5M,small
4787,"Azitra, Inc.",AZTR,1701478,4696525,$5M,small
4788,"PURE BIOSCIENCE, INC.",PURE,1006028,4674000,$5M,small
4789,Aspira Women's Health Inc.,AWHL,926617,4669804,$5M,small
4790,"ADM ENDEAVORS, INC.",ADMQ,1588014,4661615,$5M,small
4791,"Vicapsys Life Sciences, Inc.",VICP,1468639,4658159,$5M,small
4792,CIK 1392545,,1392545,4649383,$5M,small
4793,"CREATIVE MEDICAL TECHNOLOGY HOLDINGS, INC.",CELZ,1187953,4633334,$5M,small
4794,Target Group Inc.,CBDY,1586554,4627695,$5M,small
4795,"Volato Group, Inc.",SOARW,1853070,4627542,$5M,small
4796,"SILVER BULL RESOURCES, INC.",SVBL,1031093,4600000,$5M,small
4797,CIK 1403708,,1403708,4600000,$5M,small
4798,"Nuwellis, Inc.",NUWE,1506492,4600000,$5M,small
4799,"SOLIGENIX, INC.",SNGX,812796,4590609,$5M,small
4800,Sow Good Inc.,SOWG,1490161,4574447,$5M,small
4801,"REGIONAL HEALTH PROPERTIES, INC",RHEPA,1004724,4544796,$5M,small
4802,"Matinas BioPharma Holdings, Inc.",MTNB,1582554,4500000,$4M,small
4803,LQR House Inc.,YHC,1843165,4475628,$4M,small
4804,ARTS WAY MANUFACTURING CO INC,ARTW,7623,4466317,$4M,small
4805,Boxlight Corp,BOXL,1624512,4464550,$4M,small
4806,Advanced Biomed Inc.,ADVB,1941029,4430000,$4M,small
4807,Purebase Corp,PUBC,1575858,4408132,$4M,small
4808,"Ainos, Inc.",AIMDW,1014763,4400000,$4M,small
4809,"SYNLOGIC, INC.",SYBX,1527599,4400000,$4M,small
4810,CIK 1722969,,1722969,4400000,$4M,small
4811,"Damora Therapeutics, Inc.",DMRA,1800315,4400000,$4M,small
4812,"DarkPulse, Inc.",DPLS,866439,4399994,$4M,small
4813,"Aclarion, Inc.",ACONW,1635077,4385118,$4M,small
4814,"BITMINE IMMERSION TECHNOLOGIES, INC.",BMNP,1829311,4383765,$4M,small
4815,Quantum Genesis AI Corp.,QGAI,1663038,4327050,$4M,small
4816,"Aditxt, Inc.",ADTX,1726711,4316100,$4M,small
4817,"Sonendo, Inc.",SONX,1407973,4300000,$4M,small
4818,"CHINA PHARMA HOLDINGS, INC.",CPHI,1106644,4290693,$4M,small
4819,Singularity Future Technology Ltd.,SGLY,1422892,4287562,$4M,small
4820,Techlott Inc.,LOTT,1568969,4276774,$4M,small
4821,CHASE PACKAGING CORP,WHLT,1025771,4168886,$4M,small
4822,"Onfolio Holdings, Inc",ONFOP,1825452,4162115,$4M,small
4823,CIK 1879373,,1879373,4157775,$4M,small
4824,CIK 1106838,,1106838,4150174,$4M,small
4825,MILLS MUSIC TRUST,MMTRS,66496,4149121,$4M,small
4826,EQUATOR Beverage Co,MOJO,1414953,4131097,$4M,small
4827,DUKE Robotics Corp.,DUKRW,1638911,4120827,$4M,small
4828,"KUSTOM ENTERTAINMENT, INC.",KUST,1342958,4111262,$4M,small
4829,Versus Systems Inc.,VS,1701963,4100000,$4M,small
4830,MOVING iMAGE TECHNOLOGIES INC.,MITQ,1770236,4100000,$4M,small
4831,RHINO BITCOIN INC.,RHNO,1785493,4100000,$4M,small
4832,HEALTHY EXTRACTS INC.,HYEX,1630176,4083170,$4M,small
4833,"Super League Enterprise, Inc.",SLE,1621672,4072000,$4M,small
4834,"Monroe Federal Bancorp, Inc.",MFBI,2024899,4066515,$4M,small
4835,"Global Interactive Technologies, Inc.",GITS,1911545,4040052,$4M,small
4836,"Balance Labs, Inc.",BLNC,1632121,4021463,$4M,small
4837,OCULUS INC.,OVTZ,1107280,4000000,$4M,small
4838,CIK 1136174,,1136174,4000000,$4M,small
4839,"My Size, Inc.",MYSZ,1211805,4000000,$4M,small
4840,"Wright Investors Service Holdings, Inc.",IWSH,1279715,4000000,$4M,small
4841,"Valion Bio, Inc.",VBIO,1787740,4000000,$4M,small
4842,"SELECTIS HEALTH, INC.",GBCS,727346,4000000,$4M,small
4843,Star Gold Corp.,SRGZ,1401835,3991632,$4M,small
4844,"Caring Brands, Inc.",CABR,2020737,3955388,$4M,small
4845,"KwikClick, Inc.",KWIK,1884164,3931890,$4M,small
4846,"BAB, INC.",BABB,1123596,3902381,$4M,small
4847,"Catheter Precision, Inc.",VTAK,1716621,3900000,$4M,small
4848,"Theriva Biologics, Inc.",TOVX,894158,3900000,$4M,small
4849,CIK 1934945,,1934945,3897275,$4M,small
4850,"Fabric.AI, Inc.",FABC,1086745,3893040,$4M,small
4851,"Luvu Brands, Inc.",LUVU,1374567,3841702,$4M,small
4852,"BLOOMIA HOLDINGS, INC.",TULP,875355,3828000,$4M,small
4853,Fyntechnical Innovations Inc,FYNN,1497230,3816733,$4M,small
4854,"Jaguar Health, Inc.",JAGX,1585608,3800000,$4M,small
4855,Eightco Holdings Inc.,ORBS,1892492,3775483,$4M,small
4856,HealthLynked Corp,HLYK,1680139,3753434,$4M,small
4857,"One World Products, Inc.",OWPC,1622244,3735670,$4M,small
4858,"BIOREGENX, INC.",BRGX,1593184,3720032,$4M,small
4859,INNSUITES HOSPITALITY TRUST,IHT,82473,3716836,$4M,small
4860,Empery Digital Inc.,EMPD,1829794,3709736,$4M,small
4861,AUDDIA INC.,AUUD,1554818,3700518,$4M,small
4862,CIK 910267,,910267,3700000,$4M,small
4863,CIK 1051514,,1051514,3699213,$4M,small
4864,SCIENTIFIC INDUSTRIES INC,SCND,87802,3657073,$4M,small
4865,Alset Inc.,AEI,1750106,3636267,$4M,small
4866,"XWELL, Inc.",XWEL,1410428,3633243,$4M,small
4867,"Q/C TECHNOLOGIES, INC.",QCLS,1321834,3616742,$4M,small
4868,"Polomar Health Services, Inc.",PMHS,1265521,3610302,$4M,small
4869,"Sigyn Therapeutics, Inc.",SIGY,1642159,3605453,$4M,small
4870,"Onconetix, Inc.",ONCO,1782107,3600000,$4M,small
4871,"Enveric Biosciences, Inc.",ENVB,890821,3600000,$4M,small
4872,"STANDARD PREMIUM FINANCE HOLDINGS, INC.",SPFX,1807893,3598424,$4M,small
4873,"SmartKem, Inc.",SMTK,1817760,3596234,$4M,small
4874,WinVest Acquisition Corp.,WINVR,1854463,3547354,$4M,small
4875,Functional Brands Inc.,MEHA,1837254,3538920,$4M,small
4876,CHEETAH NET SUPPLY CHAIN SERVICE INC.,CTNT,1951667,3527055,$4M,small
4877,"SOBR Safe, Inc.",SOBR,1425627,3512153,$4M,small
4878,Franklin Crypto Trust,EZPZ,2033807,3503500,$4M,small
4879,"22nd Century Group, Inc.",XXII,1347858,3500000,$4M,small
4880,PACIFIC HEALTH CARE ORGANIZATION INC,PFHO,1138476,3499200,$3M,small
4881,SUI Group Holdings Ltd.,SUIG,1425355,3496000,$3M,small
4882,CIK 1483646,,1483646,3494302,$3M,small
4883,Bubblr Inc.,BBLR,1873722,3484548,$3M,small
4884,"POWERDYNE INTERNATIONAL, INC.",PWDY,1435617,3484259,$3M,small
4885,"Crown Equity Holdings, Inc.",CRWE,1103833,3439689,$3M,small
4886,"REVELATION BIOSCIENCES, INC.",REVBW,1810560,3418594,$3M,small
4887,CIK 1409269,,1409269,3411271,$3M,small
4888,ZW Data Action Technologies Inc.,CNET,1376321,3408609,$3M,small
4889,CIK 1792581,,1792581,3377900,$3M,small
4890,"Wheeler Real Estate Investment Trust, Inc.",WHLRL,1527541,3375844,$3M,small
4891,Stablecoin Development Corp,SDEV,1389545,3373126,$3M,small
4892,"PTC THERAPEUTICS, INC.",PTCT,1070081,3350589,$3M,small
4893,CIK 1831874,,1831874,3349722,$3M,small
4894,"OLB GROUP, INC.",OLB,1314196,3343377,$3M,small
4895,"60 DEGREES PHARMACEUTICALS, INC.",SXTPW,1946563,3340000,$3M,small
4896,KIDZ AI Inc.,KIDZW,2022308,3332736,$3M,small
4897,InMed Pharmaceuticals Inc.,INM,1728328,3316582,$3M,small
4898,"Eline Entertainment Group, Inc.",EEGI,1043150,3309811,$3M,small
4899,CIK 1898474,,1898474,3301121,$3M,small
4900,"Inhibitor Therapeutics, Inc.",INTI,1042418,3300000,$3M,small
4901,"UPEXI, INC.",UPXI,1775194,3300000,$3M,small
4902,SOCIETY PASS INCORPORATED.,SOPAQ,1817511,3300000,$3M,small
4903,"Longevity Health Holdings, Inc.",XAGEW,1842939,3300000,$3M,small
4904,"ZyVersa Therapeutics, Inc.",ZVSA,1859007,3300000,$3M,small
4905,"Forward Industries, Inc.",FWDI,38264,3300000,$3M,small
4906,SUNRISE REAL ESTATE GROUP INC,SRRE,1083490,3291044,$3M,small
4907,1606 CORP.,CBDW,1877461,3279997,$3M,small
4908,LIBERTY STAR URANIUM & METALS CORP.,LBSR,1172178,3269754,$3M,small
4909,"Xenous Holdings, Inc.",XITO,1651932,3258114,$3M,small
4910,"Nu-Med Plus, Inc.",NUMD,1543637,3235074,$3M,small
4911,"MUSTANG BIO, INC.",MBIO,1680048,3200000,$3M,small
4912,"TruGolf Holdings, Inc.",TRUG,1857086,3200000,$3M,small
4913,Superstar Platforms Inc.,SPST,1192323,3186963,$3M,small
4914,"HIGH WIRE NETWORKS, INC.",HWNI,1413891,3130791,$3M,small
4915,ORAGENICS INC,OGEN,1174940,3126135,$3M,small
4916,BLUE DOLPHIN ENERGY CO,BDCO,793306,3124464,$3M,small
4917,Caro Holdings Inc.,CAHO,1678105,3116183,$3M,small
4918,INTEGRATED BIOPHARMA INC,INBP,1016504,3111877,$3M,small
4919,CIK 1729944,,1729944,3100000,$3M,small
4920,"Dermata Therapeutics, Inc.",DRMAW,1853816,3100000,$3M,small
4921,"SHF Holdings, Inc.",SHFSW,1854963,3100000,$3M,small
4922,Expion360 Inc.,XPON,1894954,3100000,$3M,small
4923,"American Clean Resources Group, Inc.",ACRG,773717,3093836,$3M,small
4924,"Hypha Labs, Inc.",FUNI,1502966,3069772,$3M,small
4925,"Flash Sports & Media Holdings, Inc.",FLZH,1706524,3068244,$3M,small
4926,"Bio Green Med Solution, Inc.",BGMSP,1130166,3024225,$3M,small
4927,MetaVia Inc.,MTVA,1638287,3000000,$3M,small
4928,Vestand Inc.,VSTD,1898604,3000000,$3M,small
4929,CYANOTECH CORP,CYAN,768408,2977140,$3M,small
4930,International Media Acquisition Corp.,IMAQW,1846235,2963570,$3M,small
4931,"Polar Power, Inc.",POLA,1622345,2960372,$3M,small
4932,ALTEX INDUSTRIES INC,ALTX,775057,2959000,$3M,small
4933,GLOBAL TECHNOLOGIES LTD,GTLL,932021,2937688,$3M,small
4934,"NAPC Defense, Inc.",BLIS,1703625,2919595,$3M,small
4935,"Cannabis Bioscience International Holdings, Inc.",CBIH,1411057,2900000,$3M,small
4936,"Lulu's Fashion Lounge Holdings, Inc.",LVLU,1780201,2900000,$3M,small
4937,"Mobile Global Esports, Inc.",MGAM,1886362,2886000,$3M,small
4938,CIK 1566243,,1566243,2884594,$3M,small
4939,CIK 1476963,,1476963,2877997,$3M,small
4940,"Norris Industries, Inc.",NRIS,1603793,2873432,$3M,small
4941,BioCorRx Inc.,BICX,1443863,2864760,$3M,small
4942,Netcapital Inc.,NCPLW,1414767,2861671,$3M,small
4943,"BASANITE, INC.",BASA,1448705,2850725,$3M,small
4944,SENTIENT BRANDS HOLDINGS INC.,SNBH,1358633,2846736,$3M,small
4945,CIK 1342936,,1342936,2838803,$3M,small
4946,Glidelogic Corp.,GDLG,1848672,2821890,$3M,small
4947,"Hawkeye Systems, Inc.",HWKE,1750777,2813963,$3M,small
4948,BEASLEY BROADCAST GROUP INC,BBGI,1099160,2806865,$3M,small
4949,Limitless X Holdings Inc.,LIMX,1803977,2806038,$3M,small
4950,AQUABOUNTY TECHNOLOGIES INC,AQB,1603978,2800000,$3M,small
4951,"SPRUCE BIOSCIENCES, INC.",SPRB,1683553,2800000,$3M,small
4952,Power REIT,PW-PA,1532619,2776000,$3M,small
4953,"DSS, INC.",DSS,771999,2767603,$3M,small
4954,AVAX ONE TECHNOLOGY LTD.,AVX,1826397,2753005,$3M,small
4955,Kinetic Seas Inc.,KSEZ,1945619,2751700,$3M,small
4956,CIK 1678848,,1678848,2751650,$3M,small
4957,"OZOP ENERGY SOLUTIONS, INC.",OZSC,1679817,2724684,$3M,small
4958,Cannaisseur Group Inc.,TCRG,1879270,2722465,$3M,small
4959,ENCISION INC,ECIA,930775,2722196,$3M,small
4960,SCWorx Corp.,WORXD,1674227,2700000,$3M,small
4961,CIK 1434737,,1434737,2694112,$3M,small
4962,ENDRA Life Sciences Inc.,NDRA,1681682,2685462,$3M,small
4963,FORUM MARKETS Inc,FRMM,1690080,2672601,$3M,small
4964,"Quest Water Global, Inc.",QWTR,1487091,2667874,$3M,small
4965,"ProtoKinetix, Inc.",PKTX,1128189,2665854,$3M,small
4966,Global Innovative Platforms Inc.,GIPL,1837774,2637128,$3M,small
4967,"INTERPACE BIOSCIENCES, INC.",IDXG,1054102,2631295,$3M,small
4968,"BIOFORCE NANOSCIENCES HOLDINGS, INC.",BFNH,1310488,2629690,$3M,small
4969,"Mitesco, Inc.",MITI,802257,2625318,$3M,small
4970,CEMTREX INC,CETXP,1435064,2623509,$3M,small
4971,LIPELLA PHARMACEUTICALS INC.,LIPO,1347242,2623125,$3M,small
4972,"Dogecoin Cash, Inc.",DOGP,1360442,2617808,$3M,small
4973,"CANNAPHARMARX, INC.",CPMD,1081938,2583755,$3M,small
4974,"Bluejay Diagnostics, Inc.",BJDX,1704287,2570000,$3M,small
4975,EMERSON RADIO CORP,MSN,32621,2551722,$3M,small
4976,"Hour Loop, Inc",HOUR,1874875,2501309,$3M,small
4977,CIK 1445283,,1445283,2500000,$2M,small
4978,Crypto Co,CRCW,1688126,2465473,$2M,small
4979,Vertical Data Inc.,VDTA,2033264,2462681,$2M,small
4980,iSpecimen Inc.,ISPC,1558569,2446936,$2M,small
4981,Elite Express Holding Inc.,ETS,2053641,2420601,$2M,small
4982,"Cleartronic, Inc.",CLRI,1362516,2407004,$2M,small
4983,CaliberCos Inc.,CWD,1627282,2400000,$2M,small
4984,"Trans American Aquaculture, Inc",GRPS,1990446,2355126,$2M,small
4985,Northann Corp.,NCL,1923780,2335761,$2M,small
4986,"LogicMark, Inc.",LGMK,1566826,2310286,$2M,small
4987,1847 Holdings LLC,LBRA,1599407,2300000,$2M,small
4988,"MedWellAI, Inc.",MWAI,1520118,2228681,$2M,small
4989,"Global Asset Management Group, Inc.",GAMG,55234,2225600,$2M,small
4990,CIK 1866838,,1866838,2208275,$2M,small
4991,Blue Star Foods Corp.,BSFC,1730773,2199788,$2M,small
4992,"IT TECH PACKAGING, INC.",ITP,1358190,2190567,$2M,small
4993,"OKMIN RESOURCES, INC.",OKMN,1848334,2189096,$2M,small
4994,"INVO Fertility, Inc.",IVF,1417926,2185985,$2M,small
4995,MMEX Resources Corp,MMEX,1440799,2138303,$2M,small
4996,Tradewinds Universal,TRWD,1916558,2046058,$2M,small
4997,SPINDLETOP OIL & GAS CO,SPND,867038,2023504,$2M,small
4998,HWH International Inc.,HWH,1897245,2018682,$2M,small
4999,DATZ WORLD HOLDINGS CORP.,BOTX,1643721,2001422,$2M,small
5000,"NOMAD POWER SOLUTIONS, INC.",NMAD,1335105,1983710,$2M,small
5001,"Trutankless, Inc.",TKLS,1429393,1968038,$2M,small
5002,GBT Technologies Inc.,GTCH,1471781,1955187,$2M,small
5003,Wenyuan Group Corp.,WYGC,723533,1933487,$2M,small
5004,"NightFood Holdings, Inc.",NGTF,1593001,1923511,$2M,small
5005,"Zoomcar Holdings, Inc.",ZCARW,1854275,1919665,$2M,small
5006,"VIP Play, Inc.",VIPZ,1832161,1911020,$2M,small
5007,WINDTREE THERAPEUTICS INC /DE/,WINT,946486,1900000,$2M,small
5008,Decoy Therapeutics Inc.,DCOY,1615219,1896114,$2M,small
5009,CIK 1887912,,1887912,1881668,$2M,small
5010,Summit Networks Inc.,SNTW,1619096,1865156,$2M,small
5011,FOXO TECHNOLOGIES INC.,FOXOW,1812360,1856695,$2M,small
5012,CIK 1841610,,1841610,1840606,$2M,small
5013,FUSE GROUP HOLDING INC.,FUST,1636051,1835010,$2M,small
5014,"Video River Networks, Inc.",NIHK,1084475,1806835,$2M,small
5015,CIK 1618696,,1618696,1800000,$2M,small
5016,CIK 1922639,,1922639,1774686,$2M,small
5017,"Odyssey Health, Inc.",ODYY,1626644,1770764,$2M,small
5018,"Zoned Properties, Inc.",ZDPY,1279620,1754008,$2M,small
5019,COTWO ADVISORS PHYSICAL EUROPEAN CARBON ALLOWANCE TRUST,CTWO,1958928,1743620,$2M,small
5020,VYCOR MEDICAL INC,VYCO,1424768,1713811,$2M,small
5021,CIK 1961,,1961,1713375,$2M,small
5022,LandBridge Co LLC,LB,1995807,1700000,$2M,small
5023,"SDR Drone, Inc.",SDCO,1331421,1691940,$2M,small
5024,"Lifeloc Technologies, Inc",LCTC,1493137,1682478,$2M,small
5025,FGI Industries Ltd.,FGIWW,1864943,1676736,$2M,small
5026,"XCel Brands, Inc.",XELB,1083220,1661000,$2M,small
5027,LSEB Creative Corp.,LSEB,1888740,1655260,$2M,small
5028,Vystar Corp,VYST,1308027,1655027,$2M,small
5029,"Alternus Clean Energy, Inc.",ACLEW,1883984,1650000,$2M,small
5030,CIK 99106,,99106,1650000,$2M,small
5031,"cbdMD, Inc.",YCBD,1644903,1641043,$2M,small
5032,CUMULUS MEDIA INC,CMLSQ,1058623,1600000,$2M,small
5033,NORTHERN MINERALS & EXPLORATION LTD.,NMEX,1415744,1563000,$2M,small
5034,"QHSLab, Inc.",USAQ,856984,1562056,$2M,small
5035,Premier Air Charter Holdings Inc.,PREM,1570937,1556023,$2M,small
5036,"Royale Energy, Inc.",ROYL,1694617,1545769,$2M,small
5037,CIK 1331612,,1331612,1519149,$2M,small
5038,"WEED, INC.",BUDZ,1393772,1516220,$2M,small
5039,CIK 1693687,,1693687,1507692,$2M,small
5040,CIK 1563577,,1563577,1500000,$2M,small
5041,"GRI Bio, Inc.",GRI,1824293,1500000,$2M,small
5042,MADE IN USA INC.,USDW,1977837,1496222,$1M,small
5043,CIK 1708331,,1708331,1466500,$1M,small
5044,"Petros Pharmaceuticals, Inc.",PTPI,1815903,1437559,$1M,small
5045,CIK 792935,,792935,1421568,$1M,small
5046,"SpringBig Holdings, Inc.",SBIGW,1801602,1400000,$1M,small
5047,CIK 1543623,,1543623,1386600,$1M,small
5048,"AIBOTICS, INC.",AIBT,1763329,1373539,$1M,small
5049,Hestia Insight Inc.,HSTA,1813603,1369024,$1M,small
5050,DevvStream Corp.,DEVSF,1854480,1364409,$1M,small
5051,"Innovative Payment Solutions, Inc.",IPSI,1591913,1360334,$1M,small
5052,TOFUTTI BRANDS INC,TOFB,730349,1356191,$1M,small
5053,"GOLD ROCK HOLDINGS, INC.",GRHI,894501,1349398,$1M,small
5054,Agentix Corp.,AGTX,1603345,1329656,$1M,small
5055,SUIC Worldwide Holdings Ltd.,SUIC,1394108,1325972,$1M,small
5056,"Profusa, Inc.",NVACW,1859807,1300000,$1M,small
5057,CIK 799698,,799698,1300000,$1M,small
5058,"Digital Brand Media & Marketing Group, Inc.",DBMM,1127475,1297828,$1M,small
5059,"Exousia Bio, Inc.",LMMY,1939937,1289023,$1M,small
5060,Quality Industrial Corp.,QIND,1393781,1283522,$1M,small
5061,ModuLink Inc.,MDLK,1611046,1277953,$1M,small
5062,NovelStem International Corp.,NSTM,912544,1275000,$1M,small
5063,CIK 1375793,,1375793,1265838,$1M,small
5064,Hubilu Venture Corp,HBUV,1639068,1254500,$1M,small
5065,Bravo Multinational Inc.,BRVO,1444839,1226625,$1M,small
5066,CIK 1514056,,1514056,1217609,$1M,small
5067,"Evofem Biosciences, Inc.",EVFM,1618835,1200000,$1M,small
5068,MONARCH CASINO & RESORT INC,MCRI,907242,1200000,$1M,small
5069,"GOOD GAMING, INC.",GMER,1454742,1192529,$1M,small
5070,CIK 1865120,,1865120,1184227,$1M,small
5071,"TechCom, Inc.",TCRI,1481443,1183826,$1M,small
5072,CIK 1851909,,1851909,1180000,$1M,small
5073,"CAPSTONE COMPANIES, INC.",CAPC,814926,1168270,$1M,small
5074,Pony Group Inc.,PNYG,1784058,1127000,$1M,small
5075,iWallet Corp,IWAL,1498372,1121748,$1M,small
5076,CIK 1672572,,1672572,1109340,$1M,small
5077,CIK 1522860,,1522860,1100000,$1M,small
5078,RELIABILITY INC,RLBY,34285,1087014,$1M,small
5079,"FARMHOUSE, INC. /NV",FMHS,1811999,1078800,$1M,small
5080,Regen BioPharma Inc,RGBPP,1589150,1054545,$1M,small
5081,MAGELLAN COPPER & GOLD Corp,MAGE,1515317,1038666,$1M,small
5082,HONG YUAN HOLDING GROUP,HGYN,1324759,1026655,$1M,small
5083,BURZYNSKI RESEARCH INSTITUTE INC,BZYR,724445,1023702,$1M,small
5084,CIK 1590695,,1590695,1018614,$1M,small
5085,PROCYON CORP,PCYN,812306,1018330,$1M,small
5086,"Artisan Consumer Goods, Inc.",ARRT,1530425,1000000,$1M,small
5087,"Greenlane Holdings, Inc.",GNLN,1743745,1000000,$1M,small
5088,CIK 1901297,,1901297,1000000,$1M,small
5089,"Mentor Capital, Inc.",MNTR,1599117,997561,$1M,small
5090,"TurnOnGreen, Inc.",TOGIW,1349706,987805,$1M,small
5091,"Blue Line Protection Group, Inc.",BLPG,1416697,981000,$1M,small
5092,Syra Health Corp,SYRA,1922335,979537,$1M,small
5093,PATRIOT GOLD CORP,PGOL,1080448,964654,$1M,small
5094,"Circle Energy, Inc./NV",CRCE,1911467,950000,$1M,small
5095,"FLYWHEEL ADVANCED TECHNOLOGY, INC.",FWFW,1492617,947180,$1M,small
5096,Jaws Mustang Acquisition Corp,JWSWF,1831359,938645,$1M,small
5097,CIK 1634293,,1634293,922400,$1M,small
5098,"Zapata Quantum, Inc.",ZPTAW,1843714,906000,$1M,small
5099,"Track Group, Inc.",TRCK,1045942,900000,$1M,small
5100,"Hepion Pharmaceuticals, Inc.",CTRVP,1583771,900000,$1M,small
5101,"LINGERIE FIGHTING CHAMPIONSHIPS, INC.",BOTY,1407704,899099,$1M,small
5102,"Authentic Holdings, Inc.",AHRO,1338929,896029,$1M,small
5103,"AiXin Life International, Inc.",AIXN,835662,883722,$1M,small
5104,CIK 1689084,,1689084,881363,$1M,small
5105,"Driveitaway Holdings, Inc.",DWAY,1394638,871659,$1M,small
5106,China Foods Holdings Ltd.,CFOO,1310630,863939,$1M,small
5107,Mosaic ImmunoEngineering Inc.,CPMV,836564,856000,$1M,small
5108,New Momentum Corp.,NNAX,1132509,825861,$1M,small
5109,"CXJ GROUP CO., Ltd",ECXJ,1823635,818164,$1M,small
5110,Golden Star Resource Corp.,GLNS,1375348,804961,$1M,small
5111,Constellation Acquisition Corp I,CSTWF,1834032,790914,$1M,small
5112,APPlife Digital Solutions Inc,ALDS,1755101,787177,$1M,small
5113,Antiaging Quantum Living Inc.,AAQL,1672571,779500,$1M,small
5114,"Bespoke Extracts, Inc.",BSPK,1409197,760000,$1M,small
5115,"ORION ENERGY SYSTEMS, INC.",OESX,1409375,734234,$1M,small
5116,Metal Sky Star Acquisition Corp,MSSUF,1882464,711750,$1M,small
5117,Loan Artificial Intelligence Corp.,LAAI,1594968,707753,$1M,small
5118,NUTRA PHARMA CORP,NPHC,1119643,702697,$1M,small
5119,CIK 1860484,,1860484,698777,$1M,small
5120,"MGT CAPITAL INVESTMENTS, INC.",MGTI,1001601,683953,$1M,small
5121,"Frequency Holdings, Inc",FRQN,1624517,646169,$1M,small
5122,OMNIQ Corp.,OMQS,278165,636348,$1M,small
5123,"ECO SCIENCE SOLUTIONS, INC.",ESSI,1490873,632000,$1M,small
5124,"Appsoft Technologies, Inc.",ASFT,1651992,627542,$1M,small
5125,Rainmaker Worldwide Inc.,RAKR,1872292,612934,$1M,small
5126,Regenerative Medical Technology Group Inc.,RMTG,1760026,612544,$1M,small
5127,micromobility.com Inc.,MCOM,1788841,600000,$1M,small
5128,CIK 720875,,720875,600000,$1M,small
5129,"Mag Mile Capital, Inc.",MMCP,1879293,595668,$1M,small
5130,"SPECIFICITY, INC.",SPTY,1840102,592590,$1M,small
5131,International Stem Cell CORP,ISCO,1355790,592084,$1M,small
5132,"TRAFALGAR INTERNATIONAL, INC.",GCAN,1695473,586110,$1M,small
5133,"Emmaus Life Sciences, Inc.",EMMA,822370,581655,$1M,small
5134,"AVENUE THERAPEUTICS, INC.",ATXI,1644963,571897,$1M,small
5135,NITCHES INC,NICH,772263,569280,$1M,small
5136,"AETERNUM HEALTH, INC.",AETN,764630,531310,$1M,small
5137,"Blue Line Holdings, Inc.",BLNH,2029586,522000,$1M,small
5138,Nature's Miracle Holding Inc.,NMHIW,1947861,518559,$1M,small
5139,CIK 723269,,723269,507872,$1M,small
5140,"Semnur Pharmaceuticals, Inc.",SMNRW,1913577,500000,$0M,small
5141,ASPAC II Acquisition Corp.,ASCRF,1876716,497408,$0M,small
5142,PREAXIA HEALTH CARE PAYMENT SYSTEMS INC.,PAXH,1350156,494059,$0M,small
5143,CIK 1827855,,1827855,489600,$0M,small
5144,"Kaya Holdings, Inc.",KAYS,1530746,479322,$0M,small
5145,CIK 1485074,,1485074,474797,$0M,small
5146,Onar Holding Corp,ONAR,1682265,469641,$0M,small
5147,"Kindcard, Inc.",KCRD,1696025,459263,$0M,small
5148,AI Era Corp.,AERA,1605331,446067,$0M,small
5149,"Quarta-Rad, Inc.",QURT,1549631,444492,$0M,small
5150,"My City Builders, Inc.",MYCB,1556801,429646,$0M,small
5151,CIK 1410187,,1410187,412721,$0M,small
5152,QUEST PATENT RESEARCH CORP,QPRC,824416,404035,$0M,small
5153,"SportsQuest, Inc.",SPQS,803097,400000,$0M,small
5154,ESCALON MEDICAL CORP,ESMC,862668,386652,$0M,small
5155,"King Resources, Inc.",KRFG,774415,382168,$0M,small
5156,"AMERIGUARD SECURITY SERVICES, INC.",AGSS,1514443,377209,$0M,small
5157,Cuentas Inc.,CUENW,1424657,361644,$0M,small
5158,"Sky Century Investment, Inc.",SKYI,1555017,359488,$0M,small
5159,"IIOT-OXYS, Inc.",ITOX,1290658,339789,$0M,small
5160,CIK 1039466,,1039466,337901,$0M,small
5161,Enertopia Corp.,ENRT,1346022,332174,$0M,small
5162,PRINCETON CAPITAL CORP,PIAC,845385,330114,$0M,small
5163,"Eloxx Pharmaceuticals, Inc.",ELOX,1035354,330000,$0M,small
5164,GROOVE BOTANICALS INC.,GRVE,918573,304174,$0M,small
5165,Atlantis Glory Inc.,AGLY,1673504,295830,$0M,small
5166,CIK 894560,,894560,292914,$0M,small
5167,Alpha Star Acquisition Corp,ALSWF,1865111,288966,$0M,small
5168,"VISIUM TECHNOLOGIES, INC.",VISM,1082733,279014,$0M,small
5169,PORTSMOUTH SQUARE INC,PRSI,79661,278000,$0M,small
5170,"C2 Blockchain, Inc.",CBLO,1882781,274018,$0M,small
5171,"Jubilant Flame International, Ltd",JFIL,1517389,270350,$0M,small
5172,Omnitek Engineering Corp,OMTK,1404804,266572,$0M,small
5173,"BIOADAPTIVES, INC.",BDPT,1575142,252181,$0M,small
5174,CNBX Pharmaceuticals Inc.,CNBX,1343009,251840,$0M,small
5175,"GEX MANAGEMENT, INC.",GXXM,1681556,240561,$0M,small
5176,VisitIQ Corp.,VIIQ,1470129,234000,$0M,small
5177,CIK 1618697,,1618697,200000,$0M,small
5178,NON INVASIVE MONITORING SYSTEMS INC /FL/,NIMUD,720762,200000,$0M,small
5179,"First Choice Healthcare Solutions, Inc.",FCHS,1416876,197749,$0M,small
5180,CIK 1533357,,1533357,194068,$0M,small
5181,SATIVUS TECH CORP.,SATT,1661600,193034,$0M,small
5182,Madison Technologies Inc.,MDEX,1318268,187863,$0M,small
5183,CIK 1474558,,1474558,183427,$0M,small
5184,Ocean Thermal Energy Corp,CPWR,827099,181247,$0M,small
5185,"P2 Solar, Inc.",PTOS,1172069,171706,$0M,small
5186,CIK 1138724,,1138724,169535,$0M,small
5187,"Leopard Energy, Inc.",LEEN,1230524,168182,$0M,small
5188,CIK 1637866,,1637866,165281,$0M,small
5189,"Natural Resource Holdings, Inc.",NRHI,1680689,155324,$0M,small
5190,PetroGas Co,PTCO,1609258,126819,$0M,small
5191,"World Scan Project, Inc.",WDSP,1813744,120000,$0M,small
5192,"Transglobal Management Group, Inc.",TMGI,1434601,114050,$0M,small
5193,Graphene & Solar Technologies Ltd,GSTX,1497649,112159,$0M,small
5194,"TANCHENG GROUP CO., LTD.",QSJC,1753391,105786,$0M,small
5195,CIK 1064722,,1064722,104736,$0M,small
5196,"Crexendo, Inc.",CXDO,1075736,100173,$0M,small
5197,Global Gas Corp,HGASW,1817232,100000,$0M,small
5198,LataMed AI Corp.,LMEDD,1477960,98462,$0M,small
5199,Concord Acquisition Corp II,CNDAW,1851959,97641,$0M,small
5200,"Outdoor Specialty Products, Inc.",ODRS,1610718,96011,$0M,small
5201,CIK 1601280,,1601280,95853,$0M,small
5202,CIRTRAN CORP,CIRX,813716,94157,$0M,small
5203,ADVANCED OXYGEN TECHNOLOGIES INC,AOXY,352991,88628,$0M,small
5204,"Firsthand Technology Value Fund, Inc.",SVVC,1495584,84000,$0M,small
5205,CIK 1733861,,1733861,80000,$0M,small
5206,CIK 2033750,,2033750,79773,$0M,small
5207,STRATEGIC ACQUISITIONS INC /NV/,STQN,847942,75547,$0M,small
5208,Galaxy Enterprises Inc. /WY/,GLEI,1871890,74400,$0M,small
5209,PRIMEENERGY RESOURCES CORP,PNRG,56868,73920,$0M,small
5210,"Stark Focus Group, Inc.",SKFG,1794942,72526,$0M,small
5211,Goliath Film & Media Holdings,GFMH,820771,66500,$0M,small
5212,CIK 1761534,,1761534,58725,$0M,small
5213,Pacific Sports Exchange Inc.,PSPX,1765651,56503,$0M,small
5214,CDT Equity Inc.,CDTTW,1896212,55200,$0M,small
5215,"Cloudweb, Inc.",CLOW,1619227,52895,$0M,small
5216,"Propanc Biopharma, Inc.",PPCB,1517681,47895,$0M,small
5217,CIK 1544400,,1544400,46000,$0M,small
5218,"Greentech Innovations, Inc.",GTIC,1584480,45593,$0M,small
5219,SHARING ECONOMY INTERNATIONAL INC.,SEII,819926,42845,$0M,small
5220,RIDGEFIELD ACQUISITION CORP,RDGA,812152,40071,$0M,small
5221,Radiant Strategies Corp,RDSC,2056016,39120,$0M,small
5222,CIK 1895939,,1895939,26450,$0M,small
5223,Green Planet Bio Engineering Co. Ltd.,GPLB,1392449,26262,$0M,small
5224,"Cell Source, Inc.",CLCS,1569340,25625,$0M,small
5225,CIK 1860173,,1860173,23000,$0M,small
5226,"Independence Power Holdings, Inc.",ITXP,2025878,21500,$0M,small
5227,"ACRO BIOMEDICAL CO., LTD.",ACBM,1622996,21029,$0M,small
5228,"GEN Restaurant Group, Inc.",GENK,1891856,20803,$0M,small
5229,Limitless Projects Inc.,LLPS,1842167,20800,$0M,small
5230,Ranger Gold Corp.,RNGC,1434740,19103,$0M,small
5231,CIK 1374881,,1374881,17286,$0M,small
5232,Cosmos Group Holdings Inc.,COSG,1706509,14811,$0M,small
5233,CIK 1591565,,1591565,12576,$0M,small
5234,NetBrands Corp.,NBND,1725911,12214,$0M,small
5235,SUPA Consolidated Inc.,SFCX,1624985,10418,$0M,small
5236,CIK 831489,,831489,7628,$0M,small
5237,CIK 1860514,,1860514,4847,$0M,small
5238,CIK 928953,,928953,4609,$0M,small
5239,Cluster Group Holdings Ltd Co,CLUS,1346287,4399,$0M,small
5240,CIK 1495648,,1495648,3963,$0M,small
5241,GUOCHUN INTERNATIONAL INC.,GCGJ,1765048,3871,$0M,small
5242,"STARGUIDE GROUP, INC.",STRG,1803096,1128,$0M,small
5243,CIK 1443611,,1443611,675,$0M,small
5244,CIK 1916879,,1916879,493,$0M,small
5245,CIK 1888846,,1888846,140,$0M,small
5246,ATLANTICA INC,ALDA,1062506,49,$0M,small
5247,Horizon Space Acquisition I Corp.,HSPWF,1946021,22,$0M,small
5248,Praetorian Acquisition Corp.,PTORU,2093912,9,$0M,small
5249,"Adagio Medical Holdings, Inc.",ADGM,2006986,7,$0M,small
5250,NOBLE ROMANS INC,NROM,709005,4,$0M,small
5251,Yubo International Biotech Ltd,YBGJ,895464,1,$0M,small
